# WaveFront *.obj file (generated by Autodesk ATF)

mtllib Helmet PROPER FINAL.mtl

g Body1

v -4.843182 9.972885 -0.875245
v -4.846328 9.972885 -0.875245
v -4.847308 9.969290 -0.875245
v 0.100747 -11.789996 2.249781
v 0.024845 -12.113503 0.702113
v 0.000000 -12.220000 -0.875245
v 0.000000 -12.220000 3.647011
v 0.065316 -11.940826 3.682814
v 0.128249 -11.673248 3.763080
v 0.262470 -11.107352 4.005516
v 0.138000 -11.631909 2.754349
v 0.101115 -11.788435 2.593749
v 0.087508 -11.846298 2.512533
v 0.082084 -11.869381 2.467697
v 0.078462 -11.884804 2.420054
v 0.077658 -11.888227 2.394936
v 0.077808 -11.887588 2.369323
v 0.079094 -11.882112 2.344292
v 0.081620 -11.871356 2.320387
v 0.085257 -11.855877 2.298867
v 0.089813 -11.836493 2.279954
v 0.000000 -12.220000 5.297158
v 0.311040 -10.903420 6.590489
v 0.661645 -9.463237 7.737024
v 1.055962 -7.901116 8.686029
v 1.491766 -6.245589 9.379534
v 1.969258 -4.519010 9.784837
v 2.490960 -2.732210 9.887251
v 3.037600 -0.961508 9.693999
v 3.591377 0.760511 9.244372
v 4.132455 2.421591 8.582113
v 4.617748 4.014640 7.758072
v 4.985358 5.527296 6.843150
v 5.174786 7.005211 5.898897
v 5.131250 8.514701 4.978705
v 4.829128 10.036600 4.175946
v 4.282654 11.588834 3.517135
v 3.549611 13.126109 3.002238
v 3.549611 13.126109 1.007272
v 4.279464 11.595899 0.051438
v 4.846328 9.972885 -0.875245
v 4.847308 9.969290 -0.875245
v 4.863902 9.908211 -0.155065
v 4.908783 9.733174 0.542346
v 4.779401 10.208178 0.736037
v 4.663593 10.576852 0.984078
v 4.614161 10.723052 1.144787
v 4.577722 10.827245 1.331304
v 4.565968 10.860251 1.433479
v 4.559179 10.879219 1.538962
v 4.559730 10.877663 1.751360
v 4.575591 10.833238 1.959377
v 4.601673 10.759063 2.155712
v 4.672151 10.550837 2.523322
v 4.834369 10.013342 3.159046
v 4.988756 9.385008 3.687259
v 5.049216 9.074130 3.883588
v 5.096750 8.779817 4.016739
v 5.115535 8.642813 4.051914
v 5.132197 8.505709 4.059126
v 5.139435 8.439897 4.047913
v 5.145858 8.377341 4.024840
v 5.151286 8.320740 3.990528
v 5.155751 8.270973 3.947344
v 5.162842 8.184535 3.838796
v 5.168563 8.105801 3.706108
v 5.178866 7.927243 3.376847
v 5.185310 7.258708 4.065947
v 5.187811 7.374909 4.341717
v 5.188180 7.403472 4.488356
v 5.188255 7.408955 4.637955
v 5.188032 7.390938 4.785369
v 5.187400 7.350537 4.929984
v 5.183988 7.215043 5.198447
v 5.175845 7.027199 5.437111
v 5.161446 6.804957 5.649654
v 5.108168 6.287786 6.021051
v 5.003892 5.627523 6.377495
v 4.837641 4.853608 6.707170
v 4.632503 4.067844 6.967789
v 4.512928 3.651549 7.058672
v 4.390457 3.244338 7.071862
v 4.007337 2.035392 7.665970
v 4.004678 2.027191 7.734526
v 3.999200 2.010299 7.801770
v 3.980398 1.952375 7.929550
v 3.952913 1.867813 8.045495
v 3.919511 1.765206 8.147753
v 3.840018 1.521544 8.321342
v 3.752760 1.254561 8.458699
v 3.544895 0.618200 8.683404
v 3.301936 -0.131341 8.847922
v 2.788776 -1.754978 8.970227
v 2.534697 -2.586844 8.907589
v 2.329831 -3.273460 8.761210
v 2.079434 -4.133271 8.708252
v 1.837728 -4.985743 8.584391
v 1.867558 -4.879319 8.746156
v 1.890437 -4.797917 8.914077
v 1.897338 -4.773404 8.997695
v 1.899771 -4.764767 9.084464
v 1.898508 -4.769250 9.127094
v 1.895183 -4.781057 9.167955
v 1.889654 -4.800699 9.205517
v 1.882175 -4.827286 9.237983
v 1.873100 -4.859577 9.265070
v 1.862992 -4.895579 9.286697
v 1.840840 -4.974629 9.316796
v 1.794168 -5.141792 9.341214
v 1.695158 -5.499260 9.316418
v 1.574020 -5.941899 9.217908
v 1.433598 -6.462669 9.048389
v 1.278765 -7.046185 8.810545
v 1.113656 -7.678350 8.506668
v 0.769874 -9.028988 7.712173
v 0.446195 -10.343551 6.733063
v 0.300565 -10.947915 6.195345
v 0.175880 -11.471494 5.665786
v 0.075435 -11.897553 5.168065
v 0.000000 -12.220000 4.717028
v -0.024845 -12.113503 0.702113
v -0.100747 -11.789996 2.249781
v -0.091070 -11.831143 2.275620
v -0.086756 -11.849498 2.291951
v -0.083046 -11.865289 2.310894
v -0.080188 -11.877453 2.332261
v -0.078335 -11.885342 2.356041
v -0.077607 -11.888445 2.381089
v -0.077929 -11.887071 2.406727
v -0.081078 -11.873663 2.457185
v -0.086516 -11.850521 2.505229
v -0.101115 -11.788435 2.593749
v -0.138000 -11.631909 2.754349
v -0.262470 -11.107352 4.005516
v -0.132020 -11.657255 3.768785
v -0.066467 -11.935908 3.683973
v -3.549611 13.126109 3.002238
v -4.194005 11.797109 3.441123
v -4.704649 10.450969 3.983886
v -5.042879 9.111919 4.646250
v -5.183806 7.808399 5.398324
v -5.133491 6.500721 6.221607
v -4.915584 5.189040 7.055431
v -4.567568 3.837700 7.857532
v -4.121639 2.389064 8.597421
v -3.577314 0.714373 9.259589
v -3.278569 -0.206382 9.527583
v -2.969204 -1.176813 9.732460
v -2.655396 -2.189061 9.858143
v -2.347206 -3.214657 9.889998
v -2.048850 -4.239878 9.821473
v -1.765384 -5.245188 9.652408
v -1.496876 -6.226645 9.385701
v -1.242080 -7.184790 9.024186
v -0.999854 -8.119727 8.570925
v -0.771942 -9.020151 8.036460
v -0.359601 -10.701048 6.768040
v -0.074955 -11.899626 5.165524
v -0.174084 -11.479130 5.657572
v -0.437524 -10.379870 6.702447
v -0.744968 -9.131832 7.642752
v -1.067538 -7.858252 8.411858
v -1.383177 -6.651141 8.976438
v -1.527312 -6.114228 9.167092
v -1.654177 -5.648389 9.289328
v -1.763379 -5.252569 9.341506
v -1.818588 -5.054223 9.333118
v -1.844483 -4.961616 9.313010
v -1.868918 -4.874469 9.274863
v -1.879527 -4.836706 9.246912
v -1.888428 -4.805054 9.211824
v -1.894891 -4.782092 9.170506
v -1.898645 -4.768765 9.124472
v -1.899802 -4.764658 9.076388
v -1.898826 -4.768122 9.027949
v -1.892244 -4.791496 8.932251
v -1.868456 -4.876124 8.751691
v -1.837728 -4.985743 8.584391
v -2.079434 -4.133271 8.708252
v -2.329831 -3.273460 8.761210
v -2.544516 -2.554349 8.912040
v -2.773694 -1.803766 8.969193
v -3.252156 -0.286710 8.872669
v -3.483337 0.428779 8.733123
v -3.692152 1.069168 8.535744
v -3.888524 1.670147 8.223718
v -3.931350 1.801563 8.114617
v -3.968255 1.914999 7.986318
v -3.983269 1.961215 7.914220
v -3.995246 1.998115 7.836231
v -4.003500 2.023557 7.752488
v -4.007337 2.035392 7.665970
v -4.390457 3.244338 7.071862
v -4.526535 3.697889 7.051367
v -4.662689 4.178824 6.936821
v -4.879634 5.031599 6.637812
v -5.033241 5.790955 6.297251
v -5.126497 6.439217 5.923993
v -5.170200 6.928950 5.537292
v -5.180201 7.116446 5.333746
v -5.185635 7.271207 5.105013
v -5.187813 7.374924 4.852760
v -5.188168 7.401772 4.720243
v -5.188253 7.409734 4.584090
v -5.188129 7.398069 4.449056
v -5.187694 7.367846 4.317051
v -5.185310 7.258708 4.065947
v -5.178866 7.927243 3.376847
v -5.163525 8.175891 3.825663
v -5.158794 8.235155 3.907673
v -5.153031 8.301701 3.975581
v -5.149469 8.340118 4.003912
v -5.145318 8.382766 4.027407
v -5.140649 8.428406 4.044680
v -5.135488 8.476343 4.055565
v -5.123667 8.578085 4.059618
v -5.109482 8.688839 4.042697
v -5.066820 8.972066 3.936740
v -4.926230 9.660450 3.476987
v -4.739876 10.337413 2.806856
v -4.652652 10.609707 2.432815
v -4.580783 10.818567 2.005092
v -4.560749 10.874848 1.773409
v -4.557284 10.884486 1.652868
v -4.559537 10.878205 1.530428
v -4.568160 10.854141 1.410446
v -4.583300 10.811468 1.294510
v -4.604680 10.750432 1.184347
v -4.630941 10.674101 1.083334
v -4.693757 10.484626 0.907755
v -4.763412 10.261587 0.764457
v -4.908783 9.733174 0.542346
v -4.863902 9.908211 -0.155065
v -4.279464 11.595899 0.051438
v -3.549611 13.126109 1.007272
v 0.000000 1.200000 9.767251
v -1.318672 2.495001 9.338586
v -2.461873 3.844884 8.664691
v -3.378231 5.254391 7.793448
v -4.015271 6.716149 6.797468
v -4.221965 7.474521 6.271573
v -4.350421 8.253114 5.738950
v -4.371994 9.843203 4.708157
v -4.099642 11.472235 3.775785
v -3.858786 12.298876 3.364851
v -4.012938 11.797322 0.172712
v -4.309895 10.401832 -0.639490
v -4.320647 10.324027 0.044945
v -4.340908 10.160162 0.711985
v -4.299602 10.472827 0.898832
v -4.279589 10.601483 1.006986
v -4.260914 10.712613 1.130803
v -4.245190 10.800831 1.272220
v -4.234473 10.858548 1.426771
v -4.229727 10.883477 1.591369
v -4.231007 10.876800 1.758423
v -4.247245 10.789477 2.083917
v -4.273707 10.637350 2.387515
v -4.335408 10.205948 2.958339
v -4.384117 9.665932 3.472497
v -4.400127 9.114523 3.860840
v -4.394212 8.836674 3.996274
v -4.387383 8.690668 4.042217
v -4.379205 8.563462 4.060424
v -4.371424 8.464987 4.053591
v -4.363654 8.379285 4.025771
v -4.355880 8.302462 3.976192
v -4.348750 8.237939 3.911019
v -4.201174 7.382053 4.825250
v -4.180098 7.293429 5.062770
v -4.146065 7.159206 5.278477
v -4.039280 6.790465 5.661968
v -3.861946 6.288528 6.020535
v -3.590678 5.667401 6.358305
v -2.935440 4.517713 7.212212
v -2.097767 3.381971 7.910759
v -1.107176 2.273529 8.430852
v 0.000000 1.200000 8.752455
v 3.859743 12.296368 3.366249
v 4.101492 11.465849 3.779622
v 4.373132 9.828661 4.716837
v 4.350337 8.253058 5.739762
v 4.019638 6.729424 6.788472
v 3.379189 5.255981 7.792285
v 2.464004 3.847900 8.663154
v 1.318543 2.495198 9.338808
v 1.106266 2.272711 8.431223
v 2.094798 3.378486 7.912725
v 2.934292 4.515461 7.213412
v 3.590678 5.667401 6.358305
v 3.863862 6.293493 6.017452
v 4.042028 6.799207 5.654532
v 4.149211 7.171126 5.262216
v 4.181330 7.298450 5.052665
v 4.201174 7.382053 4.825250
v 4.348750 8.237939 3.911019
v 4.354121 8.286075 3.961864
v 4.359700 8.339276 4.003360
v 4.365414 8.397808 4.033929
v 4.371038 8.460463 4.052703
v 4.376434 8.526748 4.060402
v 4.381323 8.593797 4.058382
v 4.389287 8.726288 4.033106
v 4.398528 8.982415 3.931653
v 4.399547 9.235157 3.787841
v 4.377101 9.776066 3.378993
v 4.325105 10.286701 2.866950
v 4.266549 10.679847 2.313625
v 4.242334 10.816318 2.011617
v 4.234091 10.860520 1.853977
v 4.229857 10.882859 1.693619
v 4.230696 10.878399 1.532027
v 4.237351 10.843238 1.374976
v 4.249387 10.777729 1.228897
v 4.265646 10.685167 1.096362
v 4.303609 10.445483 0.878958
v 4.340908 10.160162 0.711985
v 4.320650 10.324003 0.045073
v 4.309895 10.401832 -0.639490
v 4.012938 11.797322 0.172712
v 4.843182 9.972885 -0.875245
v 6.006886 8.665370 0.304735
v 6.958055 7.445249 0.188137
v 7.766365 6.127199 0.163774
v 8.398479 4.833110 0.209771
v 8.842694 3.700900 0.303838
v 9.125680 2.808212 0.425748
v 9.216815 2.467668 0.494312
v 9.275811 2.216327 0.566367
v 9.293409 2.128974 0.603307
v 9.303239 2.068134 0.641915
v 9.304987 2.048345 0.662781
v 9.304868 2.041106 0.674869
v 9.303815 2.036789 0.687881
v 9.302894 2.035968 0.694615
v 9.301717 2.036112 0.701355
v 9.298754 2.039067 0.714243
v 9.295215 2.044859 0.726063
v 9.291396 2.052501 0.736610
v 10.301046 2.052501 0.736610
v 10.305599 2.043434 0.723648
v 10.307692 2.039924 0.716454
v 10.309595 2.037372 0.708725
v 10.311214 2.036045 0.700571
v 10.312465 2.036156 0.692158
v 10.313302 2.037816 0.683588
v 10.313691 2.040932 0.675244
v 10.313284 2.050789 0.659572
v 10.311681 2.063876 0.645688
v 10.306216 2.095736 0.621919
v 10.265397 2.275695 0.546310
v 10.142361 2.730467 0.439708
v 9.995758 3.212447 0.363356
v 9.809890 3.769427 0.296421
v 9.570862 4.426934 0.237606
v 9.274823 5.176615 0.191685
v 8.585904 6.739305 0.164200
v 7.850633 8.224975 0.248856
v 7.134974 9.521227 0.478859
v 6.747681 10.143575 0.703882
v 6.557385 10.415612 0.858218
v 6.398155 10.616131 1.021195
v 6.270481 10.750111 1.183826
v 6.159900 10.837209 1.357475
v 6.057534 10.881109 1.557728
v 5.969596 10.874573 1.775039
v 5.897568 10.819904 2.000936
v 5.841042 10.725939 2.225731
v 5.764401 10.453160 2.659909
v 5.719097 9.717804 3.429008
v 5.751458 9.309079 3.739467
v 5.844380 8.879822 3.978828
v 5.884706 8.767523 4.020779
v 5.936598 8.653087 4.050105
v 6.002333 8.540492 4.060725
v 6.083269 8.434678 4.046501
v 6.175185 8.343053 4.005744
v 6.274140 8.265788 3.942055
v 6.495111 8.133254 3.755137
v 7.041957 7.815684 3.196108
v 7.378216 7.544441 2.853406
v 7.722159 7.187222 2.527627
v 8.368748 6.303883 1.999252
v 8.918253 5.352838 1.627028
v 9.796389 3.429051 1.127173
v 10.132653 2.522371 0.922416
v 10.239343 2.216629 0.829961
v 10.275768 2.115395 0.784261
v 10.289763 2.078998 0.761022
v 9.280041 2.079340 0.761271
v 9.267551 2.112321 0.782542
v 9.235661 2.202789 0.824556
v 9.145578 2.468053 0.908079
v 8.863008 3.248680 1.087809
v 8.468735 4.173563 1.297029
v 7.976018 5.123513 1.554139
v 7.379879 6.046177 1.884821
v 6.694708 6.865293 2.303003
v 5.933992 7.515154 2.822363
v 6.477349 9.828961 0.574811
v 6.477349 10.158867 0.711354
v 6.494428 8.110774 3.715149
v 6.489051 7.910597 3.348339
v 6.483673 7.614551 2.931819
v 6.477349 10.430866 0.868699
v 6.477349 9.015606 0.363415
v 8.397153 5.847799 0.168375
v 6.478296 7.172174 2.515947
v 8.395520 5.841888 1.802055
v 5.652633 7.030403 3.757631
v 6.141305 6.696537 3.451410
v 6.639467 6.256941 3.150262
v 7.134894 5.713652 2.857486
v 7.606734 5.084712 2.581910
v 8.047155 4.379798 2.325199
v 8.808955 2.777577 1.871508
v 9.368963 1.004307 1.506243
v 9.696870 -0.865926 1.227900
v 9.766582 -2.736650 1.035012
v 9.567822 -4.535217 0.918504
v 9.361940 -5.409390 0.884743
v 9.081009 -6.258193 0.866256
v 8.723171 -7.072912 0.862189
v 8.292969 -7.837484 0.871133
v 7.792330 -8.547680 0.891503
v 7.222530 -9.200925 0.921727
v 6.588512 -9.791576 0.960029
v 5.905525 -10.309191 1.004481
v 4.420411 -11.128710 1.107935
v 2.861955 -11.658994 1.228324
v 2.248836 -11.792056 1.287817
v 1.879390 -11.849192 1.347447
v 1.844202 -11.852270 1.361552
v 1.836322 -11.852412 1.367324
v 1.833319 -11.852173 1.370959
v 1.832547 -11.852007 1.372404
v 1.831991 -11.851790 1.373929
v 1.831696 -11.851519 1.375500
v 1.831685 -11.851198 1.377088
v 1.832925 -11.850178 1.381087
v 1.834725 -11.849343 1.383717
v 1.838111 -11.848102 1.387044
v 1.850694 -11.844417 1.394785
v 1.867242 -11.840218 1.401665
v 1.911348 -11.829994 1.414603
v 2.204643 -11.764572 1.463830
v 2.655703 -11.651581 1.516575
v 3.243175 -11.473072 1.577579
v 6.490247 -11.473072 1.577579
v 6.283521 -11.696944 1.497628
v 6.211159 -11.778686 1.455375
v 6.182879 -11.813209 1.430637
v 6.171829 -11.828131 1.416618
v 6.163983 -11.840576 1.401124
v 6.161641 -11.845656 1.392426
v 6.160813 -11.849564 1.383059
v 6.161819 -11.851864 1.373440
v 6.164675 -11.852408 1.363964
v 6.168999 -11.851363 1.355179
v 6.174339 -11.849106 1.347199
v 6.186658 -11.842297 1.333519
v 6.214021 -11.824076 1.312138
v 6.244303 -11.801803 1.294408
v 6.379335 -11.692489 1.240465
v 6.894472 -11.222422 1.124124
v 7.424627 -10.681639 1.045047
v 8.019673 -10.003766 0.976947
v 8.359430 -9.577140 0.944916
v 8.731128 -9.069043 0.914847
v 9.502766 -7.821622 0.870939
v 10.187488 -6.320932 0.865240
v 10.644496 -4.749853 0.908284
v 10.863107 -3.132533 1.003791
v 10.849350 -1.506771 1.153043
v 10.639683 0.041244 1.351492
v 10.284937 1.478476 1.593181
v 9.835314 2.780271 1.872142
v 9.317123 3.964684 2.193183
v 8.746076 5.029650 2.560493
v 8.148125 5.939688 2.971546
v 7.557206 6.650315 3.415657
v 7.001275 7.134222 3.880725
v 6.728447 7.294235 4.132489
v 6.455324 7.390532 4.407348
v 6.195824 7.404247 4.699548
v 6.076518 7.375851 4.849344
v 5.966984 7.322951 4.999739
v 5.788545 7.151988 5.288127
v 5.664661 6.910523 5.554938
v 5.591145 6.625587 5.792625
v 5.555340 6.281790 6.024937
v 5.557610 5.847595 6.268494
v 5.603871 5.316010 6.519215
v 5.802618 4.168358 6.939359
v 5.889816 3.845754 7.022618
v 6.001401 3.546740 7.071623
v 6.138777 3.292684 7.076171
v 6.313672 3.056920 7.038365
v 6.543534 2.804501 6.954876
v 6.838563 2.509525 6.819880
v 7.188520 2.162491 6.634164
v 7.576935 1.758744 6.401172
v 8.405107 0.761442 5.807161
v 9.122961 -0.377644 5.146260
v 9.640278 -1.560694 4.505421
v 9.952328 -2.779022 3.914791
v 10.054653 -4.030804 3.396734
v 9.947481 -5.282589 2.970206
v 9.647947 -6.506936 2.629291
v 9.177052 -7.694220 2.353722
v 8.563638 -8.823799 2.125338
v 7.832094 -9.893348 1.922624
v 7.088961 -10.809754 1.740806
v 4.534723 -10.931294 1.714388
v 5.735206 -10.189967 1.865850
v 6.770582 -9.277332 2.038446
v 7.615914 -8.214166 2.245521
v 8.248804 -7.034895 2.501179
v 8.653923 -5.793324 2.819735
v 8.834384 -4.533297 3.215515
v 8.799694 -3.306748 3.685116
v 8.568950 -2.132186 4.218380
v 8.165356 -1.033813 4.783504
v 7.612350 -0.020170 5.349840
v 6.924505 0.910463 5.895724
v 6.188135 1.688219 6.359383
v 5.491742 2.300001 6.709979
v 4.865474 2.805179 6.955095
v 6.354245 6.880672 3.607722
v 6.362905 7.196215 3.965981
v 6.367235 7.300206 4.144578
v 6.371565 7.369308 4.321974
v 6.316718 2.951398 7.008095
v 6.330787 2.395302 6.760968
v 6.368032 -11.296647 1.137931
v 6.347396 -11.037098 1.690452
v 6.344856 1.678579 6.353690
v 6.347396 -10.492678 1.806324
v 6.356234 -10.632443 1.039285
v 3.531200 6.254381 6.041419
v 3.539043 6.528766 5.862664
v 3.584014 6.782687 5.668490
v 3.674248 7.004155 5.461710
v 3.811366 7.180969 5.248495
v 3.991749 7.307854 5.033130
v -5.654891 7.691548 3.025547
v -6.201549 7.316259 2.633831
v -6.856367 6.693364 2.200502
v -7.569301 5.776251 1.776791
v -8.194583 4.726618 1.439309
v -8.722023 3.599590 1.164440
v -8.944527 3.034309 1.041208
v -9.113900 2.560563 0.932049
v -9.228566 2.223647 0.832532
v -9.265909 2.116802 0.785039
v -9.280070 2.079267 0.761218
v -9.291396 2.052501 0.736610
v -10.301046 2.052501 0.736610
v -10.286875 2.086292 0.766266
v -10.271589 2.126658 0.790330
v -10.236005 2.226076 0.833448
v -10.147447 2.479701 0.911192
v -9.944980 3.042301 1.043061
v -9.410451 4.344030 1.338421
v -8.727977 5.702905 1.748662
v -8.287747 6.429516 2.059261
v -7.781232 7.117676 2.474773
v -7.292925 7.620048 2.938950
v -6.867249 7.928671 3.379384
v -6.493078 8.134041 3.757208
v -6.327792 8.229907 3.901332
v -6.174500 8.343586 4.006161
v -6.099580 8.416556 4.040909
v -6.028547 8.502939 4.058879
v -5.965229 8.600384 4.057738
v -5.910866 8.706418 4.038360
v -5.829148 8.929847 3.956714
v -5.775548 9.157920 3.835408
v -5.723301 9.617115 3.512138
v -5.723750 10.080659 3.091331
v -5.776267 10.516127 2.573925
v -5.827938 10.694821 2.286178
v -5.902136 10.825363 1.984692
v -5.951969 10.866292 1.825433
v -6.012389 10.884240 1.662816
v -6.083358 10.874323 1.502705
v -6.165861 10.833379 1.347138
v -6.257376 10.762048 1.202623
v -6.355207 10.664388 1.072215
v -6.563400 10.407456 0.852835
v -6.994588 9.754951 0.549856
v -7.425016 9.014528 0.363211
v -8.250117 7.437854 0.188279
v -9.021135 5.776987 0.169948
v -9.704696 4.064647 0.267743
v -9.954559 3.338113 0.346449
v -10.135641 2.753310 0.435512
v -10.257951 2.305383 0.536938
v -10.303468 2.109748 0.613535
v -10.309881 2.075366 0.636034
v -10.312167 2.060425 0.648941
v -10.313516 2.047963 0.663307
v -10.313730 2.042924 0.671283
v -10.313521 2.038971 0.680003
v -10.312782 2.036518 0.689406
v -10.311451 2.035960 0.699172
v -10.309504 2.037475 0.709129
v -10.307051 2.040939 0.718771
v -9.295315 2.044676 0.725763
v -9.298904 2.038864 0.713676
v -9.300495 2.037011 0.707172
v -9.301879 2.036041 0.700508
v -9.303032 2.036022 0.693717
v -9.303932 2.036998 0.686859
v -9.304914 2.041651 0.673738
v -9.304956 2.049181 0.661648
v -9.303100 2.069252 0.640970
v -9.295293 2.118586 0.608706
v -9.283429 2.179541 0.580495
v -9.216745 2.467613 0.494347
v -9.129353 2.795153 0.428042
v -9.009910 3.196804 0.365542
v -8.669314 4.173080 0.258055
v -8.179772 5.314763 0.185479
v -7.535829 6.534983 0.162371
v -6.773650 7.706406 0.203866
v -5.902228 8.781749 0.322653
v -6.492394 8.110774 3.715149
v -6.476099 10.158867 0.711354
v -6.476099 9.828961 0.574811
v -6.482129 7.614551 2.931819
v -6.487262 7.910597 3.348339
v -6.476099 10.430866 0.868699
v -6.476099 9.015606 0.363415
v -6.476996 7.172174 2.515947
v -8.394914 5.841888 1.802055
v -8.394914 5.847799 0.168375
v -3.853529 10.460296 0.889602
v -3.409998 10.677091 1.086766
v -3.026816 10.814031 1.300155
v -2.694188 10.880062 1.546987
v -2.546821 10.882741 1.695528
v -2.424320 10.858451 1.863471
v -2.340138 10.804065 2.045955
v -2.300801 10.720984 2.235687
v -2.303357 10.616252 2.422208
v -2.337598 10.497432 2.599863
v -2.464146 10.234765 2.926199
v -2.833698 9.642391 3.491666
v -3.312122 8.999650 3.923004
v -3.581279 8.717120 4.035672
v -3.830270 8.514243 4.059774
v -4.081802 8.360518 4.016117
v -4.634385 3.001737 7.023428
v -4.953475 2.733740 6.925404
v -5.765530 2.069407 6.581622
v -6.583654 1.291343 6.123513
v -7.310903 0.419806 5.605555
v -7.905546 -0.514588 5.069060
v -8.358893 -1.497037 4.538243
v -8.667292 -2.520508 4.033290
v -8.827716 -3.614321 3.558681
v -8.815057 -4.792101 3.126944
v -8.602768 -6.001257 2.762343
v -8.180956 -7.189085 2.465505
v -7.548690 -8.314592 2.225070
v -6.717713 -9.332365 2.028410
v -5.701812 -10.214506 1.861057
v -4.534919 -10.931201 1.714352
v -3.243175 -11.473072 1.577579
v -6.490247 -11.473072 1.577579
v -6.909084 -11.014002 1.695807
v -7.391315 -10.452000 1.814420
v -7.916428 -9.780084 1.944005
v -8.443548 -9.015061 2.088629
v -9.315916 -7.386871 2.420862
v -9.637153 -6.540069 2.620922
v -9.869824 -5.685471 2.850427
v -10.009529 -4.833469 3.113620
v -10.055014 -3.999796 3.409348
v -10.009150 -3.183997 3.737277
v -9.875133 -2.385909 4.096472
v -9.659771 -1.617816 4.475605
v -9.371442 -0.884387 4.864355
v -8.608703 0.473002 5.636950
v -7.648432 1.681549 6.355453
v -6.595170 2.750508 6.932694
v -6.325340 3.042838 7.034667
v -6.111610 3.336330 7.078538
v -5.950365 3.671039 7.055757
v -5.861475 3.944712 6.999674
v -5.764850 4.340620 6.886662
v -5.660082 4.908726 6.685713
v -5.571849 5.627299 6.377362
v -5.559753 6.357201 5.977411
v -5.604466 6.695058 5.739501
v -5.696598 6.989656 5.476788
v -5.843960 7.220105 5.190646
v -5.939308 7.304459 5.040274
v -6.045858 7.363971 4.890000
v -6.162417 7.398922 4.740293
v -6.286434 7.409835 4.593071
v -6.543480 7.367431 4.315665
v -6.802751 7.256509 4.061973
v -7.055731 7.095662 3.832584
v -7.533428 6.674900 3.434317
v -8.380522 5.609026 2.807800
v -9.158305 4.282187 2.293095
v -9.844557 2.756706 1.866597
v -10.411447 1.027997 1.511138
v -10.785329 -0.872915 1.227217
v -10.871342 -1.866839 1.115064
v -10.877051 -2.844384 1.026197
v -10.803074 -3.793579 0.958433
v -10.650620 -4.720858 0.909474
v -10.420757 -5.626649 0.878191
v -10.114557 -6.511379 0.863453
v -9.736469 -7.368681 0.864158
v -9.314562 -8.156911 0.878772
v -8.870280 -8.866773 0.904746
v -8.422404 -9.495695 0.939442
v -7.989712 -10.041109 0.980220
v -7.590983 -10.500442 1.024442
v -6.934090 -11.184028 1.117347
v -6.442292 -11.638748 1.221588
v -6.277823 -11.775815 1.278329
v -6.217198 -11.821813 1.310074
v -6.193891 -11.837765 1.327050
v -6.183236 -11.844328 1.336907
v -6.173732 -11.849393 1.348016
v -6.169611 -11.851142 1.354155
v -6.166089 -11.852195 1.360708
v -6.163371 -11.852404 1.367564
v -6.161606 -11.851689 1.374549
v -6.160845 -11.850041 1.381551
v -6.161052 -11.847605 1.388241
v -6.163774 -11.840967 1.400533
v -6.168536 -11.833003 1.411165
v -6.174711 -11.824073 1.420773
v -6.190195 -11.803949 1.438048
v -6.274821 -11.706551 1.493312
v -2.339348 -11.732745 1.481001
v -2.022370 -11.805576 1.436967
v -1.916267 -11.828910 1.415825
v -1.851015 -11.844332 1.394940
v -1.841567 -11.847001 1.389615
v -1.837092 -11.848452 1.386161
v -1.834388 -11.849485 1.383300
v -1.832679 -11.850317 1.380604
v -1.832089 -11.850717 1.379122
v -1.831658 -11.851300 1.376608
v -1.831757 -11.851608 1.375014
v -1.832131 -11.851860 1.373469
v -1.832756 -11.852062 1.371965
v -1.834904 -11.852344 1.368819
v -1.839726 -11.852422 1.364482
v -1.850700 -11.851879 1.358117
v -1.863447 -11.850815 1.352783
v -1.892263 -11.847737 1.343752
v -2.034848 -11.827952 1.315893
v -2.411988 -11.760519 1.270158
v -2.944029 -11.638218 1.221307
v -3.611343 -11.440378 1.167947
v -4.384287 -11.144445 1.110606
v -5.166585 -10.762182 1.055019
v -5.917161 -10.301209 1.003828
v -6.623984 -9.761604 0.957771
v -7.270716 -9.150721 0.918795
v -7.852743 -8.469789 0.888635
v -8.366048 -7.719629 0.868995
v -8.801699 -6.911339 0.861938
v -9.154471 -6.059694 0.869303
v -9.426194 -5.170570 0.892432
v -9.618702 -4.249857 0.932666
v -9.733913 -3.304331 0.991252
v -9.741342 -1.368330 1.168369
v -9.465211 0.583525 1.435018
v -8.929444 2.458244 1.796718
v -8.166406 4.165591 2.255428
v -7.712398 4.926965 2.520441
v -7.225682 5.601524 2.804208
v -6.714477 6.181745 3.105570
v -6.189336 6.658618 3.422022
v -5.674710 7.017295 3.743427
v -6.354354 -11.037098 1.690452
v -6.327628 2.951398 7.008095
v -6.372346 7.369308 4.321974
v -6.369137 7.300206 4.144578
v -6.339850 2.395302 6.760968
v -6.354354 -10.492678 1.806324
v -6.352073 1.678579 6.353690
v -6.365927 7.196215 3.965981
v -6.359509 6.880672 3.607722
v -6.359726 -10.632443 1.039285
v -6.366835 -11.296647 1.137931
v -3.994071 7.309017 5.030640
v -3.815221 7.184631 5.243343
v -3.677902 7.010545 5.454929
v -3.586278 6.790629 5.661811
v -3.539999 6.539012 5.855455
v -3.530928 6.265171 6.034863
v -3.103707 -3.987962 8.451088
v -3.968431 -4.559674 8.008556
v -4.824853 -5.142586 7.422036
v -5.207241 -5.493920 7.072721
v -5.521138 -5.893096 6.704144
v -5.727549 -6.280226 6.373718
v -5.848262 -6.636516 6.089128
v -5.930187 -7.295073 5.602507
v -5.848507 -7.975906 5.137851
v -5.611309 -8.647316 4.704852
v -5.232717 -9.283034 4.308462
v -4.730577 -9.862169 3.952091
v -4.123891 -10.370487 3.636704
v -3.432171 -10.798839 3.363179
v -2.672921 -11.142530 3.132043
v -1.860131 -11.398947 2.945329
v -1.005974 -11.564774 2.812839
v -5.643137 -11.788435 2.593749
v -5.720465 -11.645505 2.741956
v -5.836971 -11.460540 2.898019
v -6.087578 -11.078777 3.176167
v -6.371119 -10.631106 3.471674
v -6.671853 -10.110405 3.798813
v -7.182885 -8.989257 4.490567
v -7.478636 -7.831209 5.234075
v -7.520796 -7.254896 5.630997
v -7.482131 -6.706829 6.035185
v -7.375342 -6.238014 6.408926
v -7.222199 -5.846857 6.745404
v -6.850002 -5.254078 7.309168
v -6.429169 -4.789353 7.784127
v -6.013215 -4.368241 8.178520
v -5.648777 -3.910203 8.496411
v -5.350936 -3.323236 8.746097
v -5.220498 -2.917640 8.850720
v -5.106827 -2.403402 8.930418
v -4.966271 -1.265367 8.964508
v -4.917601 -0.128038 8.847348
v -4.992443 0.880175 8.603624
v -5.099354 1.291730 8.441718
v -5.274877 1.640403 8.244999
v -5.394894 1.783441 8.131476
v -5.534116 1.896014 8.011474
v -5.691394 1.976221 7.885720
v -5.860748 2.022293 7.758109
v -6.036452 2.036217 7.631492
v -6.215000 2.021766 7.506855
v -6.567684 1.923935 7.267741
v -6.915712 1.751070 7.035287
v -7.273195 1.502735 6.794957
v -7.985976 0.795625 6.292494
v -8.644343 -0.156887 5.764246
v -9.194650 -1.313273 5.208755
v -9.571890 -2.566513 4.650808
v -9.750816 -3.860260 4.104648
v -9.710100 -5.179650 3.600068
v -9.430664 -6.534094 3.152524
v -8.885045 -7.937127 2.759957
v -8.135469 -9.246287 2.456070
v -7.342528 -10.307111 2.266518
v -6.620303 -11.100508 2.182637
v -6.018769 -11.652347 2.204974
v -5.862280 -11.773266 2.241792
v -5.789121 -11.823524 2.269947
v -5.719815 -11.864225 2.309399
v -5.687649 -11.878963 2.335776
v -5.659431 -11.887401 2.367803
v -5.647624 -11.888513 2.386031
v -5.638014 -11.887274 2.405156
v -5.630646 -11.883679 2.425120
v -5.625615 -11.877904 2.445403
v -5.621907 -11.861249 2.485182
v -5.624794 -11.839643 2.523400
v -1.314104 -11.719565 2.222004
v -2.609819 -11.490761 2.183696
v -3.928899 -11.060513 2.184860
v -5.170644 -10.420428 2.250522
v -6.281865 -9.568897 2.392258
v -7.201762 -8.531101 2.614165
v -7.896760 -7.334730 2.920152
v -8.335965 -6.039291 3.307909
v -8.513621 -4.691008 3.779328
v -8.436785 -3.340450 4.319447
v -8.130963 -2.016609 4.892205
v -7.619226 -0.760006 5.466514
v -6.911644 0.366041 6.041567
v -6.489842 0.852834 6.327876
v -6.037495 1.265163 6.606791
v -5.562192 1.595308 6.877435
v -5.068722 1.838190 7.140598
v -4.549144 1.990203 7.403249
v -4.914212 -11.583421 2.797111
v -4.944859 1.310860 8.432742
v -4.939151 1.641562 8.244178
v -4.930589 1.955744 7.923810
v -4.927735 2.008098 7.808558
v -4.924881 2.033554 7.689703
v -4.922027 2.032141 7.567613
v -4.919173 2.004158 7.442649
v -4.916319 1.950165 7.315163
v -4.916882 -4.893901 7.676692
v -4.921716 -4.335189 8.205754
v -4.926550 -3.683637 8.609817
v -4.936217 -1.800552 8.969272
v -4.914212 -11.280130 3.034221
v -4.914212 -10.441364 3.592180
v -4.914212 -11.850112 2.505970
v -4.914212 -11.870204 2.465747
v -4.914212 -11.882976 2.428030
v -4.914212 -11.888336 2.392861
v -4.914212 -11.886214 2.360277
v -4.914212 -11.876557 2.330310
v -4.914212 -11.859336 2.302989
v -4.914212 -11.834539 2.278334
v -4.914212 -11.802180 2.256364
v -4.914212 -11.714928 2.220512
v -4.914212 -11.452611 2.181094
v -4.914212 -11.080739 2.183691
v -4.914212 -10.612190 2.225918
v -4.933443 1.876763 8.035086
v -4.931383 -2.835156 8.866834
v -1.633798 -12.105703 -0.875245
v -3.224024 -11.761701 -0.875245
v -4.728080 -11.185640 -0.875245
v -6.105333 -10.375724 -0.875245
v -7.318138 -9.332650 -0.875245
v -8.332857 -8.061490 -0.875245
v -9.120830 -6.573442 -0.875245
v -9.659470 -4.887826 -0.875245
v -9.933516 -3.034463 -0.875245
v -9.935956 -1.055157 -0.875245
v -9.668367 0.996344 -0.875245
v -9.140496 3.056345 -0.875245
v -8.369143 5.055046 -0.875245
v -7.377122 6.920247 -0.875245
v -6.192415 8.580646 -0.875245
v -5.537750 9.312853 -0.875245
v -5.499114 9.282716 -0.009656
v -4.308103 -11.273520 0.555121
v -1.614235 -11.800570 1.758821
v -0.493025 -11.800570 2.174507
v -6.171195 8.514033 0.096206
v -6.799711 7.672032 0.195225
v -9.418956 1.627866 0.601874
v -9.630951 0.549913 0.635374
v -9.841073 -1.577817 0.668850
v -9.836969 -2.610031 0.668465
v -9.759612 -3.610712 0.656582
v -9.609440 -4.573134 0.633265
v -9.387517 -5.491473 0.598674
v -8.799930 -7.045624 0.506843
v -7.992364 -8.412589 0.380395
v -6.985961 -9.577673 0.222622
v -5.806636 -10.532503 0.037567
v -4.484247 -11.273520 -0.170098
v -3.051822 -11.800570 -0.395199
v -1.544758 -12.115379 -0.632183
v -5.578508 -10.532503 0.976917
v -2.931967 -11.800570 0.098219
v -1.484101 -12.115379 -0.382498
v -7.356295 5.805984 2.281972
v -6.253132 6.766080 3.212921
v -6.585992 6.766080 2.651717
v -5.407394 7.672032 3.384105
v -4.171393 -11.273520 0.915057
v -2.838926 -11.800570 0.343181
v -1.437005 -12.115379 -0.258503
v -2.723412 -11.800570 0.583209
v -1.378535 -12.115379 -0.137006
v -2.585769 -11.800570 0.815276
v -1.308863 -12.115379 -0.019539
v -2.426879 -11.800570 1.036383
v -1.228436 -12.115379 0.092381
v -2.248159 -11.800570 1.243680
v -1.137972 -12.115379 0.197310
v -1.038439 -12.115379 0.293942
v -1.839322 -11.800570 1.606882
v -0.931027 -12.115379 0.381156
v -8.707915 -3.610712 3.790454
v -8.572240 -4.573134 3.721888
v -7.434593 -8.412589 2.315576
v -8.185740 -7.045624 2.637958
v -8.337754 -1.577817 4.575700
v -8.334663 -2.610031 4.572910
v -0.698111 -12.115379 0.524039
v -1.379178 -11.800570 1.889159
v -1.137171 -11.800570 1.997194
v -0.575612 -12.115379 0.578724
v -0.173626 -12.115379 0.678849
v -0.343014 -11.800570 2.195000
v -0.817093 -12.115379 0.458064
v -0.891225 -11.800570 2.082757
v -0.451120 -12.115379 0.622034
v -0.644236 -11.800570 2.146182
v -0.326099 -12.115379 0.654138
v -0.249559 -12.115379 0.668476
v -8.050238 4.801846 1.796981
v -3.565949 -11.273520 1.933617
v -5.181635 -10.532503 1.899807
v -7.094261 0.549913 5.811206
v -5.676357 1.627866 6.784883
v -4.833139 2.702536 7.011343
v -2.563231 -5.155362 8.370567
v -3.225792 -5.417185 8.085774
v -3.804806 -5.778418 7.736249
v -4.270708 -6.228015 7.338785
v -4.607635 -6.752032 6.906897
v -4.800144 -7.326054 6.459728
v -4.840524 -7.926801 6.013541
v -4.726993 -8.524007 5.588785
v -4.467488 -9.090693 5.202512
v -4.076335 -9.606451 4.866284
v -3.576860 -10.052776 4.589059
v -2.994443 -10.420656 4.372176
v -2.354776 -10.706942 4.212310
v -1.675491 -10.914664 4.102065
v -0.972929 -11.047073 4.035057
v -0.967319 -11.227895 3.661423
v -2.034924 -4.412009 8.668429
v -3.344188 -4.412009 8.292036
v -3.343041 -10.717722 3.603171
v -3.612268 -10.422784 3.963833
v -3.870437 -10.101339 4.309683
v -4.116741 -9.753504 4.639637
v -4.350402 -9.379455 4.952655
v -4.570681 -8.979441 5.247745
v -4.776873 -8.553787 5.523966
v -5.144395 -7.627294 6.016307
v -5.448206 -6.604432 6.423299
v -2.649652 -10.717722 4.045271
v -2.428168 -10.986096 3.633967
v -2.199275 -11.227895 3.208901
v -4.505712 -5.491473 7.491144
v -1.755139 -10.986096 3.936042
v -1.589689 -11.227895 3.482501
v 2.904887 -3.832937 8.537950
v 3.533940 -4.286163 8.245423
v 4.756099 -5.088262 7.476903
v 5.312734 -5.612633 6.959851
v 5.735288 -6.299386 6.357898
v 5.921816 -7.079269 5.757203
v 5.866354 -7.896174 5.190670
v 5.589223 -8.693250 4.675869
v 5.120838 -9.430267 4.217665
v 4.496570 -10.077019 3.819474
v 3.752922 -10.616291 3.481133
v 2.922375 -11.041867 3.201298
v 2.032633 -11.353095 2.980309
v 1.093965 -11.552194 2.823262
v 1.022664 -11.040150 4.038511
v 1.761609 -10.893042 4.113449
v 2.464154 -10.664925 4.235215
v 3.116435 -10.353499 4.410876
v 3.695060 -9.960866 4.644984
v 4.176421 -9.493927 4.938293
v 4.537297 -8.968174 5.284595
v 4.762215 -8.404477 5.672363
v 4.844578 -7.825451 6.087433
v 4.785413 -7.257274 6.512137
v 4.593411 -6.722977 6.930175
v 4.281200 -6.240821 7.327908
v 3.859875 -5.822115 7.696109
v 3.310165 -5.460673 8.041890
v 2.609720 -5.169809 8.353606
v 0.577113 -11.227895 3.727363
v 1.805665 -11.227895 3.397533
v 1.397062 -11.227895 3.548020
v 4.710084 -6.604432 6.920062
v 3.693687 -5.491473 7.880015
v 2.891739 -10.717722 3.907012
v 2.070545 -4.412009 8.660765
v 2.938964 -4.412009 8.429868
v 4.916519 -5.491473 7.256529
v 4.518106 -5.491473 7.484457
v 3.120874 -10.717722 3.760731
v 3.613222 -10.101339 4.492100
v 5.800476 -6.604432 6.146591
v 5.477021 -7.627294 5.755030
v 5.085736 -8.553787 5.281354
v 4.631690 -9.379455 4.731704
v 4.120692 -10.101339 4.113108
v 5.086137 -6.604432 6.680078
v 2.657164 -10.717722 4.041218
v 2.205510 -11.227895 3.205537
v 0.985695 -11.227895 3.657465
v 5.537750 9.312853 -0.875245
v 6.192415 8.580646 -0.875245
v 7.377122 6.920247 -0.875245
v 8.369143 5.055046 -0.875245
v 9.140496 3.056345 -0.875245
v 9.668367 0.996344 -0.875245
v 9.935956 -1.055157 -0.875245
v 9.933516 -3.034463 -0.875245
v 9.659470 -4.887826 -0.875245
v 9.120830 -6.573442 -0.875245
v 8.332857 -8.061490 -0.875245
v 7.318138 -9.332650 -0.875245
v 6.105333 -10.375724 -0.875245
v 4.728080 -11.185640 -0.875245
v 3.224024 -11.761701 -0.875245
v 1.633798 -12.105703 -0.875245
v 1.489116 -11.698177 2.215771
v 2.827952 -11.434488 2.180168
v 4.104938 -10.985301 2.189724
v 5.283300 -10.348109 2.260648
v 6.323259 -9.530184 2.399715
v 7.182509 -8.557568 2.607998
v 7.840752 -7.454957 2.887155
v 8.294726 -6.206841 3.254136
v 8.507773 -4.823212 3.729841
v 8.448284 -3.422099 4.285145
v 8.147439 -2.069248 4.868930
v 7.636923 -0.795061 5.450125
v 6.917612 0.358327 6.037376
v 6.491500 0.851270 6.326882
v 6.040878 1.262575 6.604849
v 5.571203 1.589949 6.872471
v 5.074937 1.835725 7.137336
v 4.548958 1.990176 7.403398
v 0.324579 -11.800570 2.197003
v 1.175116 -11.800570 1.981880
v 1.587884 -11.800570 1.774790
v 5.703174 1.627866 6.764938
v 1.058345 -12.115379 0.275954
v 6.956472 0.549913 5.954446
v 7.729183 -0.521688 5.297624
v 8.373478 -2.610031 4.513063
v 5.544808 9.282716 -0.380674
v 6.222485 8.514033 -0.320229
v 6.856237 7.672032 -0.263701
v 7.441385 6.766080 -0.211508
v 7.973537 5.805984 -0.164043
v 8.448624 4.801846 -0.121667
v 8.862937 3.763931 -0.084713
v 9.213154 2.702536 -0.053475
v 9.496375 1.627866 -0.028213
v 9.710152 0.549913 -0.009145
v 9.852528 -0.521688 0.003554
v 9.922082 -1.577817 0.009758
v 9.917984 -2.610031 0.009393
v 9.840030 -3.610712 0.002440
v 9.688660 -4.573134 -0.011062
v 9.464945 -5.491473 -0.031016
v 8.872578 -7.045624 -0.083853
v 8.058404 -8.412589 -0.156473
v 7.043738 -9.577673 -0.246977
v 5.854703 -10.532503 -0.353033
v 4.521400 -11.273520 -0.471958
v 3.077130 -11.800570 -0.600780
v 1.557580 -12.115379 -0.736317
v 1.538250 -12.115379 -0.593922
v 3.038943 -11.800570 -0.319467
v 4.465289 -11.273520 -0.058609
v 5.782045 -10.532503 0.182207
v 6.956324 -9.577673 0.396965
v 7.958398 -8.412589 0.580230
v 8.762468 -7.045624 0.727283
v 9.347484 -5.491473 0.834274
v 9.568422 -4.573134 0.874680
v 9.717914 -3.610712 0.902020
v 9.794900 -2.610031 0.916100
v 9.798948 -1.577817 0.916840
v 9.730256 -0.521688 0.904277
v 9.589648 0.549913 0.878562
v 9.378524 1.627866 0.839951
v 6.145800 8.514033 0.245696
v 5.476215 9.282716 0.125041
v 0.164295 -12.115379 0.679863
v 1.452725 -11.800570 1.851227
v 0.735339 -12.115379 0.504838
v 0.665596 -12.115379 0.539794
v 1.314941 -11.800570 1.920285
v 8.462456 -5.491473 3.447341
v 8.663842 -4.573134 3.546834
v 8.800588 -3.610712 3.613203
v 6.085380 1.627866 6.464152
v 4.756260 2.702536 7.057945
v 4.349566 2.702536 7.288013
v 3.546981 -11.273520 1.957531
v 1.719836 -11.800570 1.691119
v 1.971858 -11.800570 1.502955
v 0.998114 -12.115379 0.328550
v 0.935425 -12.115379 0.377885
v 1.848011 -11.800570 1.600419
v 2.413970 -11.800570 1.052658
v 1.221902 -12.115379 0.100619
v 1.115869 -12.115379 0.220287
v 2.597241 -11.800570 0.797597
v 1.314670 -12.115379 -0.028487
v 4.227957 -11.273520 0.777049
v 2.877422 -11.800570 0.249257
v 1.456491 -12.115379 -0.306046
v 1.393073 -12.115379 -0.164821
v 2.752134 -11.800570 0.528258
v 5.656001 -10.532503 0.724726
v 4.367996 -11.273520 0.360193
v 2.972761 -11.800570 -0.034557
v 1.504766 -12.115379 -0.449764
v 8.900857 2.702536 1.641152
v 8.562511 3.763931 1.545497
v 7.899250 4.801846 2.214898
v 7.455767 5.805984 2.039312
v 7.131397 5.805984 2.761549
v 6.655450 6.766080 2.518830
v 6.280874 6.766080 3.170169
v 0.870545 -12.115379 0.423795
v 0.803754 -12.115379 0.466148
v 0.594819 -12.115379 0.570972
v 0.891645 -11.800570 2.082631
v 0.523302 -12.115379 0.598359
v 1.033828 -11.800570 2.035985
v 0.451332 -12.115379 0.621970
v 0.307134 -12.115379 0.658059
v 0.606770 -11.800570 2.153928
v 6.301616 -9.577673 2.333898
v 5.378632 7.672032 3.420369
v 0.957555 15.327207 2.697011
v 1.993163 14.625787 3.016756
v 2.817155 14.165004 2.820629
v 3.601472 13.771409 2.417442
v 4.289390 13.451241 1.822955
v 4.833139 13.211480 1.062902
v 3.741926 13.703986 1.388526
v 2.744785 14.202786 1.726236
v 1.862480 14.704577 2.073815
v 1.115773 15.206058 2.429047
v -1.993163 14.625787 3.016756
v -0.957555 15.327207 2.697011
v -1.115773 15.206058 2.429047
v -1.862480 14.704577 2.073815
v -2.744785 14.202786 1.726236
v -3.741926 13.703986 1.388526
v -4.833139 13.211480 1.062902
v -4.290362 13.450865 1.821913
v -3.602687 13.770766 2.416599
v -2.818416 14.164449 2.820209
v -3.646909 -12.479942 3.747343
v -3.804529 -12.424855 3.698222
v -3.962586 -12.353861 3.666125
v -4.269221 -12.176151 3.647565
v -4.821961 -11.737888 3.740931
v -5.296017 -11.243926 3.940620
v -5.701620 -10.717289 4.206584
v -6.316648 -9.597719 4.871663
v -6.648404 -8.429340 5.654738
v -6.695702 -7.842946 6.074638
v -6.656749 -7.264512 6.506539
v -6.526941 -6.705687 6.943846
v -6.302484 -6.178879 7.380742
v -5.989931 -5.709896 7.799830
v -5.613010 -5.327987 8.178584
v -5.189775 -5.039683 8.512352
v -4.745040 -4.852811 8.793583
v -4.279225 -4.767937 9.029027
v -4.035856 -4.769869 9.130235
v -3.790543 -4.808609 9.216636
v -3.550497 -4.890510 9.284048
v -3.328155 -5.019228 9.327228
v -3.135084 -5.194325 9.342536
v -2.982471 -5.404798 9.329358
v -2.867325 -5.644776 9.290102
v -2.784105 -5.909334 9.226865
v -2.685570 -6.505384 9.032630
v -2.632038 -7.215746 8.733780
v -2.579626 -8.034864 8.315962
v -2.402386 -9.693580 7.245611
v -2.317644 -10.448944 6.643890
v -2.291788 -11.153837 5.995429
v -2.390558 -11.795889 5.294339
v -2.507081 -12.066578 4.943578
v -2.658293 -12.271636 4.633574
v -2.839124 -12.416940 4.362530
v -3.065895 -12.510054 4.112191
v -3.197502 -12.531987 3.999555
v -3.339450 -12.534737 3.899678
v -3.491169 -12.517156 3.814446
v 3.646909 -12.479942 3.747343
v 3.468994 -12.520934 3.825622
v 3.297961 -12.535982 3.926738
v 3.138552 -12.524656 4.047441
v 2.994686 -12.489167 4.182347
v 2.748681 -12.354262 4.488082
v 2.548667 -12.133965 4.847348
v 2.407013 -11.845119 5.233943
v 2.325818 -11.519076 5.613808
v 2.294402 -10.796007 6.336918
v 2.363347 -10.014656 6.999964
v 2.465745 -9.179283 7.611388
v 2.556634 -8.313037 8.158001
v 2.609992 -7.591777 8.551026
v 2.642610 -7.048908 8.809247
v 2.679274 -6.563908 9.010300
v 2.739347 -6.116763 9.166277
v 2.841479 -5.715295 9.274969
v 2.918554 -5.525507 9.312163
v 3.019904 -5.344684 9.335598
v 3.146670 -5.181493 9.342426
v 3.299381 -5.040821 9.331070
v 3.472942 -4.928606 9.301541
v 3.660450 -4.846828 9.255489
v 3.859921 -4.793530 9.193882
v 4.070925 -4.767487 9.116588
v 4.516763 -4.797233 8.915956
v 4.977501 -4.937098 8.654192
v 5.429220 -5.187711 8.332977
v 5.843899 -5.544267 7.958470
v 6.199351 -6.001930 7.534650
v 6.470872 -6.546901 7.072666
v 6.641388 -7.168924 6.579893
v 6.695689 -7.844037 6.073827
v 6.631730 -8.532353 5.582842
v 6.461712 -9.207752 5.124474
v 6.200947 -9.857151 4.708696
v 5.863075 -10.471961 4.342856
v 5.444146 -11.064389 4.026541
v 4.942230 -11.623310 3.781143
v 4.342405 -12.126548 3.650938
v 4.003567 -12.333064 3.660414
v 3.826753 -12.415802 3.692708
v 5.643137 -11.788435 2.593749
v 5.772632 -11.560982 2.816251
v 5.988360 -11.230053 3.070327
v 6.549629 -10.329490 3.662520
v 7.093778 -9.221559 4.346521
v 7.448408 -8.021012 5.108083
v 7.516860 -7.418022 5.516149
v 7.498502 -6.832397 5.939635
v 7.387914 -6.279834 6.373716
v 7.188948 -5.779494 6.806292
v 6.933227 -5.363969 7.200485
v 6.647718 -5.016791 7.550924
v 6.092792 -4.451626 8.106905
v 5.682138 -3.960213 8.467638
v 5.377662 -3.390378 8.724400
v 5.145357 -2.602302 8.905357
v 5.007995 -1.705263 8.970929
v 4.935759 -0.805358 8.934396
v 4.919972 0.091575 8.806848
v 5.010964 0.974680 8.570713
v 5.126233 1.361955 8.407960
v 5.209760 1.536566 8.312401
v 5.313624 1.692478 8.207035
v 5.436814 1.822374 8.094266
v 5.578464 1.922968 7.975120
v 5.735279 1.991713 7.851996
v 5.900408 2.028174 7.729096
v 6.249930 2.015971 7.482871
v 6.629302 1.898531 7.226493
v 7.028919 1.679977 6.959560
v 7.435825 1.366712 6.683852
v 7.840056 0.964564 6.399200
v 8.230499 0.481065 6.106265
v 8.916185 -0.671035 5.509364
v 9.429370 -2.008790 4.895682
v 9.717349 -3.451672 4.272894
v 9.736429 -4.916566 3.695438
v 9.479717 -6.358841 3.206514
v 8.980938 -7.732132 2.812409
v 8.329936 -8.944201 2.520298
v 7.612585 -9.971896 2.319533
v 6.910727 -10.798313 2.205622
v 6.305054 -11.403501 2.178850
v 6.054955 -11.622709 2.199416
v 5.843554 -11.786669 2.248115
v 5.741302 -11.852614 2.295233
v 5.693680 -11.876512 2.330214
v 5.672374 -11.884273 2.351634
v 5.653737 -11.888202 2.376064
v 5.639098 -11.887559 2.402709
v 5.628961 -11.882229 2.430944
v 5.623459 -11.872869 2.459223
v 5.621910 -11.860409 2.486857
v 5.627962 -11.827994 2.541184
v 2.476585 13.236770 3.688777
v 2.851898 11.804646 4.418481
v 3.103193 10.384755 5.174772
v 3.196081 8.968287 5.966621
v 3.045035 7.588279 6.787508
v 2.828861 6.927860 7.205235
v 2.484592 6.324428 7.607587
v 1.988761 5.814922 7.969013
v 1.684510 5.610497 8.121840
v 1.348428 5.445768 8.249176
v 0.982553 5.321219 8.348430
v 0.597304 5.238759 8.415710
v 0.201415 5.197934 8.449744
v -0.197872 5.197757 8.449898
v -0.593892 5.238236 8.416176
v -0.979307 5.320334 8.349169
v -1.344632 5.444202 8.250406
v -1.680904 5.608422 8.123407
v -1.986224 5.812949 7.970461
v -2.254199 6.052826 7.797299
v -2.671578 6.611945 7.412907
v -2.950286 7.249845 6.999312
v -3.114126 7.934733 6.575920
v -3.190964 9.334300 5.757835
v -3.049960 10.763315 4.970237
v -2.768481 12.166600 4.231415
v -2.415226 13.435018 3.590471
v -5.989187 11.702796 0.115526
v -7.021754 9.972885 -0.875245
v -8.331189 7.411484 -0.875245
v -9.543841 4.662009 -0.875245
v -10.064563 3.235401 -0.875245
v -10.498172 1.786010 -0.875245
v -10.821641 0.323078 -0.875245
v -11.012792 -1.144324 -0.875245
v -11.051359 -2.607693 -0.875245
v -10.920197 -4.059520 -0.875245
v -10.606405 -5.493686 -0.875245
v -10.101425 -6.905532 -0.875245
v -9.400399 -8.291701 -0.875245
v -8.501315 -9.649909 -0.875245
v -7.404198 -10.978722 -0.875245
v -6.110441 -12.277364 -0.875245
v -5.276483 -12.993818 -0.399785
v -4.390694 -13.649566 0.062918
v -3.439319 -14.241855 0.503613
v -2.487508 -14.715957 0.871568
v -1.699207 -15.008868 1.106317
v -1.056522 -15.172469 1.239963
v -0.430369 -15.260856 1.312653
v 0.209112 -15.274442 1.323981
v 0.881832 -15.204555 1.266043
v 1.620458 -15.032589 1.125545
v 2.435063 -14.738001 0.889482
v 3.254136 -14.343553 0.581603
v 4.751253 -13.395065 -0.119677
v 6.110441 -12.277364 -0.875245
v 7.404198 -10.978722 -0.875245
v 8.501315 -9.649909 -0.875245
v 9.400399 -8.291701 -0.875245
v 10.101425 -6.905532 -0.875245
v 10.606405 -5.493686 -0.875245
v 10.920197 -4.059520 -0.875245
v 11.051359 -2.607693 -0.875245
v 11.012792 -1.144324 -0.875245
v 10.821641 0.323078 -0.875245
v 10.498172 1.786010 -0.875245
v 10.064563 3.235401 -0.875245
v 9.543841 4.662009 -0.875245
v 8.331189 7.411484 -0.875245
v 7.021754 9.972885 -0.875245
v 6.016094 11.662477 0.091380
v -3.701149 13.095750 2.882630
v 2.183173 -5.938503 9.363679
v 3.476774 -2.984632 9.596998
v 5.969327 3.266536 7.215044
v 5.110854 -12.851318 1.060720
v -4.649715 13.095750 1.614791
v -7.896000 6.861182 2.513604
v -5.362506 11.680311 1.996508
v -7.574718 6.861182 3.181202
v -4.143441 13.095750 2.388499
v -3.389245 -14.139571 0.939778
v -2.797801 -14.139571 1.761723
v -2.516978 13.877999 3.231888
v -2.008893 -14.139571 2.402809
v -4.843578 -4.471662 8.833141
v -3.835770 6.861182 6.813576
v -1.415193 -14.139571 2.699460
v 0.000000 -14.139571 2.969400
v 3.418483 -4.471662 9.421695
v 0.801744 -14.139571 2.884875
v 5.669083 -4.471662 8.375404
v 5.316873 6.861182 5.874716
v 2.008893 -14.139571 2.402809
v 2.718575 -14.139571 1.843329
v 4.785446 13.095750 1.342779
v 5.519045 11.680311 1.682797
v 3.278055 -14.139571 1.133648
v 5.773159 11.680311 1.041544
v 5.187106 -12.851318 0.846010
v -3.502595 13.095750 3.068352
v -3.198816 13.877999 2.726324
v -4.118754 10.165904 4.682924
v -3.621700 11.680311 4.012160
v -3.140299 13.095750 3.362520
v -2.867941 13.877999 2.994979
v -4.056267 8.556745 5.743657
v -3.614723 10.165904 5.023158
v -3.178496 11.680311 4.311334
v -2.756006 13.095750 3.621927
v -3.464698 8.556745 6.071627
v -2.921262 11.680311 4.460452
v -3.396818 10.165904 5.151280
v -3.895052 8.556745 5.839793
v -3.162855 6.861182 7.113964
v -2.004321 4.489058 8.524875
v -1.034570 3.266536 9.125521
v -0.989015 4.489058 8.685163
v 0.000000 4.489058 8.736183
v 0.000000 3.266536 9.178891
v 0.000000 2.027169 9.558129
v 1.034570 3.266536 9.125521
v 0.989015 4.489058 8.685163
v 2.004321 4.489058 8.524875
v 3.613436 6.861182 6.920535
v 3.264813 8.556745 6.167777
v 4.056267 8.556745 5.743657
v 3.614723 10.165904 5.023158
v 3.178496 11.680311 4.311334
v 2.756006 13.095750 3.621927
v 2.516978 13.877999 3.231888
v 4.280663 10.165904 4.559210
v 3.764069 11.680311 3.903376
v 3.263744 13.095750 3.268195
v 2.980681 13.877999 2.908836
v 5.489225 8.556745 4.613979
v 4.891696 10.165904 4.016451
v 4.301363 11.680311 3.426117
v 3.729620 13.095750 2.854374
v 5.022137 4.489058 7.319735
v 5.253459 3.266536 7.697200
v 5.451618 2.027169 8.020550
v 4.790648 -4.471662 8.859368
v 4.645787 -1.734438 9.148163
v 4.907891 -2.984632 9.007489
v 4.943587 -1.734438 9.004684
v 4.387444 2.027169 8.590780
v 4.514139 0.776759 8.864129
v 4.602115 -0.478946 9.053938
v 4.640146 -2.984632 9.135992
v 4.562459 -4.471662 8.968381
v 3.448414 -0.478946 9.511120
v 3.481070 -1.734438 9.609706
v 2.824999 -2.984632 9.791301
v 2.802565 -4.471662 9.606102
v 1.211461 -14.139571 2.773543
v 1.722115 -12.851318 4.311576
v 2.168441 -11.530886 5.655860
v 2.262516 -4.471662 9.735788
v 2.061346 -7.380549 8.792320
v 1.896168 -8.794567 8.017643
v 1.687363 -10.178433 7.038364
v 1.435072 -11.530886 5.855137
v 1.139694 -12.851318 4.469835
v 2.728276 -5.938503 9.232095
v 0.935648 -8.794567 8.169282
v 0.832615 -10.178433 7.173304
v 0.708124 -11.530886 5.969902
v 0.562372 -12.851318 4.560978
v 0.395614 -14.139571 2.948991
v 0.000000 -12.851318 4.589989
v -0.935648 -8.794567 8.169282
v -0.832615 -10.178433 7.173304
v -0.708124 -11.530886 5.969902
v -0.562372 -12.851318 4.560978
v -0.395614 -14.139571 2.948991
v -2.262516 -4.471662 9.735788
v -2.183173 -5.938503 9.363679
v -2.061346 -7.380549 8.792320
v -1.896168 -8.794567 8.017643
v -1.687363 -10.178433 7.038364
v -1.435072 -11.530886 5.855137
v -1.139694 -12.851318 4.469835
v -0.801744 -14.139571 2.884875
v -3.951371 0.776759 9.105713
v -4.028378 -0.478946 9.300231
v -4.066606 -1.734438 9.396793
v -4.061669 -2.984632 9.384320
v -3.993667 -4.471662 9.212551
v -2.011724 -12.851318 4.206266
v -4.488475 3.266536 8.121379
v -4.657779 2.027169 8.460728
v -4.792281 0.776759 8.730321
v -4.885677 -0.478946 8.917523
v -4.932041 -1.734438 9.010453
v -4.926052 -2.984632 8.998450
v -5.022137 4.489058 7.319735
v -5.253459 3.266536 7.697200
v -5.451618 2.027169 8.020550
v -5.669083 -4.471662 8.375404
v -5.730288 4.489058 6.841189
v -5.991726 3.266536 7.198470
v -3.838311 13.095750 2.742419
v -4.426716 11.680311 3.297000
v -5.034253 10.165904 3.869613
v -5.649195 8.556745 4.449205
v -5.155091 8.556745 4.928909
v -3.629269 -12.851318 3.210975
v -2.553093 -14.139571 1.999300
v -2.289010 -14.139571 2.213724
v -3.253870 -12.851318 3.515782
v -3.977126 -12.851318 2.873255
v -6.356393 -10.178433 4.131618
v -5.405998 -11.530886 3.383002
v -4.293292 -12.851318 2.506535
v -3.020215 -14.139571 1.503746
v -6.053110 -10.178433 4.494322
v -7.472308 -7.380549 5.595889
v -6.837975 -8.794567 5.118169
v -7.142972 -8.794567 4.751198
v -7.193367 -7.380549 5.904610
v -6.616951 -8.794567 5.361329
v -6.233670 -5.938503 7.535650
v -6.952151 -5.938503 6.952232
v -2.440264 -12.851318 4.014939
v -1.717379 -14.139571 2.564508
v -2.855679 -12.851318 3.784571
v 2.855679 -12.851318 3.784571
v 2.379819 -14.139571 2.144317
v 3.384603 -12.851318 3.415821
v 2.298241 -12.851318 4.083270
v 1.616751 -14.139571 2.612936
v 6.480079 -5.938503 7.347309
v 6.989670 -7.380549 6.114424
v 3.020215 -14.139571 1.503746
v 4.293292 -12.851318 2.506535
v 5.405998 -11.530886 3.383002
v 6.356393 -10.178433 4.131618
v 3.864505 -12.851318 2.989259
v 7.142972 -8.794567 4.751198
v -4.817876 -12.851318 1.704845
v -3.217951 -14.139571 1.228582
v -4.574377 -12.851318 2.115384
v -5.759933 -11.530886 2.890475
v -6.325939 -11.530886 1.833994
v -5.023102 -12.851318 1.278180
v -3.533067 -14.139571 0.640913
v -5.070043 -12.851318 1.165209
v -3.568400 -14.139571 0.555773
v -8.422708 -8.794567 2.550672
v -6.380898 -11.530886 1.701890
v -9.616767 -5.938503 3.262339
v -7.498950 -10.178433 2.164187
v -5.186821 -12.851318 0.846870
v -6.928435 2.027169 6.925530
v 4.659816 -12.851318 1.980434
v 6.455968 2.027169 7.320838
v 9.422164 -1.734438 4.893193
v 6.243217 -11.530886 2.019529
v 4.958338 -12.851318 1.423379
v 3.488163 -14.139571 0.741546
v -10.307944 2.027169 0.737705
v -10.605489 0.776759 0.785020
v -10.812060 -0.478946 0.818130
v -10.914544 -1.734438 0.834960
v -10.901172 -2.984632 0.833642
v -10.974989 -2.984632 0.267316
v -10.793418 -4.471662 0.227093
v -10.416970 -5.938503 0.168093
v -8.982617 -8.794567 0.535963
v -9.837579 -7.380549 0.090673
v -7.993352 -10.178433 0.381230
v -6.798113 -11.530886 0.193933
v -5.398799 -12.851318 -0.025683
v -10.718520 -4.471662 0.805927
v -10.794141 -0.478946 0.928825
v -10.587960 0.776759 0.893363
v -10.290953 2.027169 0.842776
v -10.896406 -1.734438 0.946948
v -10.883008 -2.984632 0.945738
v -10.700603 -4.471662 0.916433
v -10.342505 -5.938503 0.747836
v -9.765238 -7.380549 0.658080
v -4.778621 11.680311 2.888824
v -5.434456 10.165904 3.405418
v 5.937236 8.556745 4.125994
v 5.434456 10.165904 3.405418
v 4.778621 11.680311 2.888824
v 4.143441 13.095750 2.388499
v 7.795834 6.861182 2.738075
v 10.499662 0.776759 1.358580
v 10.204553 2.027169 1.297865
v 9.833225 3.266536 1.220785
v 5.436224 -12.851318 -0.312873
v 6.845147 -11.530886 -0.167122
v 8.048550 -10.178433 -0.042631
v 9.044527 -8.794567 0.060402
v 9.832414 -7.380549 0.141908
v 10.413516 -5.938503 0.202023
v 10.791970 -4.471662 0.241174
v 10.975730 -2.984632 0.260183
v 10.989073 -1.734438 0.261564
v 10.885771 -0.478946 0.250877
v 10.677675 0.776759 0.229350
v 10.377991 2.027169 0.198348
v 10.000766 3.266536 0.159324
v 9.560408 4.489058 0.113770
v 8.546892 6.861182 0.008922
v 7.721728 8.556745 -0.076440
v 6.881181 10.165904 -0.163394
v 5.949309 11.680311 0.393283
v 6.765812 10.165904 0.567381
v 7.913609 -10.178433 0.812117
v 6.730383 -11.530886 0.559826
v 5.345081 -12.851318 0.264448
v -9.549559 4.489058 0.213549
v -9.991266 3.266536 0.247371
v -10.370022 2.027169 0.272777
v -10.671389 0.776759 0.288508
v -10.881284 -0.478946 0.293436
v -10.986453 -1.734438 0.286612
v -9.050995 -8.794567 -0.004379
v -8.055800 -10.178433 -0.115978
v -6.852558 -11.530886 -0.242847
v -5.443077 -12.851318 -0.383606
v -6.833946 10.165904 0.199262
v -5.773110 11.680311 1.041689
v -5.589957 11.680311 1.523883
v -4.846933 13.095750 1.204988
v -5.091482 11.680311 2.453456
v -4.414715 13.095750 2.011001
v 5.185960 11.680311 2.304261
v 4.497065 13.095750 1.880937
v -9.969072 -4.471662 3.406181
v -9.727285 -2.984632 4.333954
v 9.843687 -4.471662 3.687083
v -9.122827 4.489058 2.150246
v 9.119938 4.489058 2.158943
v 3.353577 11.012008 -0.292828
v 2.301174 11.481096 -0.017477
v 1.174463 11.778313 0.160931
v -0.002381 11.880977 0.223272
v -1.173806 11.778479 0.160930
v -2.299213 11.481778 -0.017046
v -3.352626 11.012493 -0.292544
v -0.001882 12.572755 0.652489
v -6.110441 -12.277364 -0.929862
v -7.339251 -11.049589 -1.000915
v -8.451821 -9.715784 -1.088166
v -9.410963 -8.273332 -1.196607
v -10.177312 -6.725193 -1.330750
v -10.708070 -5.114288 -1.494137
v -10.997544 -3.444676 -1.698039
v -11.047481 -1.728186 -1.953740
v -10.880150 -0.027687 -2.271475
v -10.539461 1.626172 -2.669582
v -10.319529 2.426515 -2.904238
v -10.102510 3.120969 -3.127640
v -9.905136 3.699250 -3.305897
v -9.731559 4.174006 -3.415082
v -9.562444 4.614701 -3.454762
v -9.387973 5.050252 -3.417278
v -9.021038 5.916041 -3.137253
v -8.571554 6.906588 -2.648396
v -8.284693 7.509465 -2.340897
v -7.938740 8.210786 -2.004572
v -7.521744 9.026582 -1.651776
v -7.021754 9.972885 -1.294867
v -4.843182 9.972885 -1.294867
v -5.958661 8.855469 -1.721802
v -6.904809 7.641954 -2.275915
v -7.693957 6.383207 -2.916864
v -8.028267 5.760988 -3.202680
v -8.321877 5.157891 -3.395995
v -8.586936 4.557246 -3.453796
v -8.829336 3.948992 -3.370106
v -9.048401 3.336409 -3.197043
v -9.260740 2.666199 -2.979969
v -9.501108 1.767557 -2.708820
v -9.712490 0.760351 -2.448086
v -9.949972 -1.296476 -2.027402
v -9.903750 -3.382446 -1.706428
v -9.756922 -4.418678 -1.574759
v -9.517970 -5.437774 -1.459559
v -9.179670 -6.429787 -1.358975
v -8.737280 -7.380135 -1.271629
v -8.194185 -8.266768 -1.197247
v -7.550001 -9.082915 -1.134362
v -6.805210 -9.821708 -1.081495
v -5.978889 -10.464139 -1.038331
v -5.084568 -11.005762 -1.003995
v -4.131253 -11.447344 -0.977285
v -3.132368 -11.788304 -0.957278
v -2.102419 -12.029434 -0.943517
v -1.054073 -12.172683 -0.935575
v 0.000000 -12.220000 -0.933023
v 1.797857 -12.081260 -0.940618
v 3.552823 -11.658564 -0.964825
v 4.394421 -11.337728 -0.983825
v 5.199010 -10.943959 -1.007806
v 5.959226 -10.477590 -1.037424
v 6.669663 -9.938264 -1.073440
v 7.324720 -9.325830 -1.116601
v 7.910244 -8.651573 -1.166991
v 8.420631 -7.924832 -1.225158
v 8.856715 -7.149411 -1.292078
v 9.219034 -6.329884 -1.368661
v 9.505515 -5.481116 -1.455004
v 9.864515 -3.729963 -1.660574
v 9.968507 -1.948160 -1.917800
v 9.853229 -0.175416 -2.240676
v 9.550814 1.555388 -2.650525
v 9.096782 3.191419 -3.150854
v 8.831965 3.942230 -3.368674
v 8.547999 4.649319 -3.454690
v 8.238164 5.335923 -3.351141
v 7.909432 5.989304 -3.104710
v 7.536479 6.656001 -2.777767
v 7.285353 7.067883 -2.564794
v 6.941097 7.589465 -2.300898
v 5.994209 8.814816 -1.738897
v 4.843182 9.972885 -1.294867
v 7.021754 9.972885 -1.294867
v 7.577858 8.918577 -1.695716
v 8.035250 8.017250 -2.094494
v 8.420448 7.225664 -2.484414
v 8.754869 6.510347 -2.852479
v 9.043529 5.865198 -3.159619
v 9.300582 5.262119 -3.371152
v 9.541859 4.667037 -3.454461
v 9.772528 4.063895 -3.394806
v 9.989297 3.457396 -3.234982
v 10.210515 2.784468 -3.018003
v 10.602072 1.372152 -2.601278
v 10.890886 -0.097520 -2.256779
v 11.041999 -1.600083 -1.975142
v 11.025695 -3.114811 -1.743150
v 10.820888 -4.616881 -1.551163
v 10.427392 -6.061749 -1.394427
v 9.850688 -7.450968 -1.265349
v 9.100084 -8.783083 -1.156843
v 8.208147 -10.032260 -1.066718
v 7.202844 -11.196488 -0.992119
v 6.110441 -12.277364 -0.929862
v -0.000000 -12.277364 -0.929862
v -0.000000 -12.277364 -0.875245
v -0.000000 -13.784379 0.161279
v 3.779411 10.500421 0.919851
v 3.287847 10.726402 1.149364
v 2.876336 10.851605 1.401639
v 2.701885 10.879342 1.540190
v 2.543356 10.882480 1.699545
v 2.414400 10.854550 1.880468
v 2.365525 10.827202 1.978767
v 2.329834 10.791290 2.079391
v 2.297839 10.696243 2.283433
v 2.311817 10.577818 2.482681
v 2.428709 10.300206 2.851030
v 2.609473 9.988759 3.182908
v 3.066947 9.310094 3.738699
v 3.327000 8.982533 3.931774
v 3.554043 8.742614 4.028477
v 3.753913 8.570637 4.060080
v 3.949603 8.435632 4.046773
v 4.145934 8.327977 3.995732
v -2.052367 11.511961 0.328641
v -1.211485 11.511961 1.172645
v -0.253161 11.511961 1.490650
v 0.707411 11.511961 1.396565
v 1.412693 11.511961 1.039396
v 1.973381 11.511961 0.454161
v 4.103819 10.522027 -0.228601
v 4.158309 7.490222 4.766570
v 3.906911 8.086233 4.422736
v 3.642258 8.649811 4.061292
v 3.497829 7.490222 5.198206
v 3.285257 8.086233 4.829107
v 3.061686 8.649811 4.440911
v 2.827894 9.177960 4.034966
v 2.584686 9.667819 3.612672
v 2.332893 10.116684 3.175470
v 2.073366 10.522027 2.724842
v 1.806981 10.881521 2.262304
v 1.500363 11.228372 1.729908
v 1.187490 11.511961 1.186652
v 0.950735 11.511961 1.305959
v 1.784901 11.228372 1.543854
v 2.149668 10.881521 2.038227
v 3.252341 5.539112 6.586369
v 3.112049 6.213426 6.264508
v 2.961239 6.864886 5.918515
v 2.800453 7.490222 5.549634
v 2.630262 8.086233 5.159179
v 2.451266 8.649811 4.748520
v 2.264086 9.177960 4.319086
v 2.069367 9.667819 3.872357
v 1.867775 10.116684 3.409857
v 1.659991 10.522027 2.933154
v 1.446716 10.881521 2.443852
v 1.201230 11.228372 1.880650
v 2.603752 4.135223 7.486558
v 2.516138 4.845262 7.205190
v 2.419960 5.539112 6.896318
v 2.315573 6.213426 6.561087
v 2.203360 6.864886 6.200722
v 2.083725 7.490222 5.816519
v 1.957092 8.086233 5.409844
v 1.823906 8.649811 4.982126
v 1.684632 9.177960 4.534854
v 1.539748 9.667819 4.069568
v 1.389750 10.116684 3.587857
v 1.235145 10.522027 3.091352
v 1.076454 10.881521 2.581725
v 0.893795 11.228372 1.995128
v 1.753169 3.412350 7.975377
v 1.701721 4.135223 7.715647
v 1.644459 4.845262 7.426570
v 1.581600 5.539112 7.109236
v 1.513377 6.213426 6.764821
v 1.440038 6.864886 6.394583
v 1.361849 7.490222 5.999853
v 1.279086 8.086233 5.582037
v 1.192041 8.649811 5.142601
v 1.101016 9.177960 4.683075
v 1.006325 9.667819 4.205042
v 0.908291 10.116684 3.710133
v 0.807247 10.522027 3.200025
v 0.703532 10.881521 2.676436
v 0.584153 11.228372 2.073768
v 0.462339 11.511961 1.458806
v 0.855542 2.679986 8.341559
v 0.833929 3.412350 8.108722
v 0.809457 4.135223 7.845080
v 0.782219 4.845262 7.551647
v 0.752319 5.539112 7.229532
v 0.719868 6.213426 6.879928
v 0.684983 6.864886 6.504112
v 0.647790 7.490222 6.103435
v 0.608423 8.086233 5.679324
v 0.567018 8.649811 5.233267
v 0.523720 9.177960 4.766818
v 0.478678 9.667819 4.281582
v 0.432047 10.116684 3.779217
v 0.383983 10.522027 3.261424
v 0.334649 10.881521 2.729946
v 0.277864 11.228372 2.118198
v 0.219921 11.511961 1.493971
v -0.063985 1.941448 8.582943
v -0.062619 2.679986 8.380970
v -0.061037 3.412350 8.147137
v -0.059246 4.135223 7.882367
v -0.057252 4.845262 7.587680
v -0.055064 5.539112 7.264188
v -0.052689 6.213426 6.913089
v -0.050135 6.864886 6.535665
v -0.047413 7.490222 6.133276
v -0.044532 8.086233 5.707351
v -0.041501 8.649811 5.259387
v -0.038332 9.177960 4.790943
v -0.035035 9.667819 4.303633
v -0.031622 10.116684 3.799119
v -0.028105 10.522027 3.279112
v -0.024494 10.881521 2.745362
v -0.020337 11.228372 2.130998
v -0.016096 11.511961 1.504102
v -0.859041 11.511961 1.343673
v -0.319862 11.228372 2.114002
v -0.385230 10.881521 2.724893
v -0.442020 10.522027 3.255625
v -0.497349 10.116684 3.772693
v -0.551029 9.667819 4.274354
v -0.602878 9.177960 4.758910
v -0.652720 8.649811 5.224705
v -0.700383 8.086233 5.670136
v -0.745701 7.490222 6.093653
v -0.788515 6.864886 6.493768
v -0.828673 6.213426 6.869058
v -0.866029 5.539112 7.218171
v -0.900449 4.845262 7.539835
v -0.931803 4.135223 7.832856
v -0.959975 3.412350 8.096129
v -0.984854 2.679986 8.328640
v -1.881522 3.412350 7.948982
v -1.826307 4.135223 7.690027
v -1.764853 4.845262 7.401812
v -1.697392 5.539112 7.085424
v -1.624174 6.213426 6.742037
v -1.545466 6.864886 6.372902
v -1.461552 7.490222 5.979350
v -1.372730 8.086233 5.562779
v -1.279312 8.649811 5.124654
v -1.181623 9.177960 4.666499
v -1.080000 9.667819 4.189891
v -0.974789 10.116684 3.696458
v -0.866347 10.522027 3.187871
v -0.755039 10.881521 2.665844
v -0.626920 11.228372 2.064973
v -0.496188 11.511961 1.451845
v -3.055461 4.845262 7.017064
v -2.938667 5.539112 6.715383
v -2.811906 6.213426 6.387957
v -2.675641 6.864886 6.035981
v -2.530362 7.490222 5.660723
v -2.376585 8.086233 5.263516
v -2.214852 8.649811 4.845757
v -2.045725 9.177960 4.408898
v -1.869786 9.667819 3.954445
v -1.687636 10.116684 3.483948
v -1.499892 10.522027 2.999003
v -1.307187 10.881521 2.501241
v -1.085376 11.228372 1.928301
v -3.568507 7.490222 5.156949
v -3.351640 8.086233 4.790358
v -3.123552 8.649811 4.404798
v -2.885036 9.177960 4.001611
v -2.636914 9.667819 3.582186
v -2.380032 10.116684 3.147954
v -2.115262 10.522027 2.700387
v -1.843494 10.881521 2.240991
v -1.530680 11.228372 1.712211
v -2.339501 10.881521 1.888109
v -1.942522 11.228372 1.419209
v -1.537445 11.511961 0.940743
v -4.253428 8.086233 4.148787
v -2.772131 10.881521 1.453850
v -2.301741 11.228372 1.058637
v -1.821756 11.511961 0.655362
v -3.123047 10.881521 0.956685
v -2.593112 11.228372 0.645834
v -3.879629 10.522027 0.610673
v -3.381176 10.881521 0.419763
v -2.807440 11.228372 0.200019
v -4.066091 10.522027 -0.022968
v -3.543681 10.881521 -0.132468
v 2.467430 10.881521 1.774506
v 2.048744 11.228372 1.324882
v 1.621516 11.511961 0.866087
v 1.809606 11.511961 0.669708
v 2.286390 11.228372 1.076762
v 2.753642 10.881521 1.475680
v 3.873974 10.522027 0.625355
v 3.376247 10.881521 0.432558
v 2.803348 11.228372 0.210643
v 2.904186 11.228372 -0.098317
v 3.497693 10.881521 0.060458
v 4.013323 10.522027 0.198399
v 3.576561 10.881521 -0.311682
v 3.211134 10.881521 0.797482
v 2.666252 11.228372 0.513645
v 2.110254 11.511961 0.224018
v 3.002855 10.881521 1.147687
v 2.493315 11.228372 0.804425
v 4.909192 1.950165 7.315163
v 4.912215 2.004158 7.442649
v 4.915237 2.032141 7.567613
v 4.918260 2.033554 7.689703
v 4.921282 2.008098 7.808558
v 4.924305 1.955744 7.923810
v 4.927328 1.876763 8.035086
v 4.931100 -1.800552 8.969272
v 4.915252 -4.335189 8.205754
v 4.909969 -4.893901 7.676692
v 4.920535 -3.683637 8.609817
v 4.925817 -2.835156 8.866834
v 4.907044 -11.080739 2.183691
v 4.907044 -11.452611 2.181094
v 4.907044 -11.714928 2.220512
v 4.907044 -11.802180 2.256364
v 4.907044 -11.834539 2.278334
v 4.907044 -11.859336 2.302989
v 4.907044 -11.876557 2.330310
v 4.907044 -11.886214 2.360277
v 4.907044 -11.888336 2.392861
v 4.907044 -11.882976 2.428030
v 4.907044 -11.870204 2.465747
v 4.907044 -11.850112 2.505970
v 4.939418 1.310860 8.432742
v 4.933373 1.641562 8.244178
v 4.907044 -11.583421 2.797111
v 4.907044 -11.280130 3.034221
v 4.907044 -10.441364 3.592180
v 4.907044 -10.612190 2.225918
v -0.000006 -12.506774 3.789883
v -0.000005 -12.444542 3.712218
v 1.908155 -4.770336 9.132463
v 1.917407 -4.786253 9.179906
v 1.945162 -4.895142 9.286473
v 1.954414 -4.951507 9.309799
v 1.982169 -5.178532 9.342364
v 2.000673 -5.375830 9.332577
v -0.000005 -12.524975 3.839732
v -0.000005 -12.534499 3.896757
v -0.000004 -12.535321 3.960800
v -0.000003 -12.510840 4.109181
v -0.000002 -12.451672 4.283140
v -0.000000 -12.231219 4.699272
v -0.000001 -12.287846 3.651964
v -0.000002 -12.348385 3.664492
v -0.000004 -12.400657 3.684584
v 2.222715 -9.449144 7.423506
v 2.148701 -7.916284 8.380879
v 2.111694 -7.169110 8.754931
v 2.074687 -6.476861 9.043115
v 2.037680 -5.869921 9.237329
v 1.926658 -4.812404 9.221450
v -4.847859 -5.575795 7.927725
v -4.845860 -6.108988 7.441029
v -4.843862 -6.737691 6.918364
v -1.900240 -4.764672 9.079228
v -1.943617 -4.895142 9.286473
v -1.952293 -4.951507 9.309799
v -2.273287 -10.835261 6.300789
v -2.134479 -7.916284 8.380879
v -2.099777 -7.169110 8.754931
v -2.065075 -6.476861 9.043115
v -2.030372 -5.869921 9.237329
v -1.995670 -5.375830 9.332577
v -1.978319 -5.178532 9.342364
v -1.960968 -5.017662 9.326918
v -1.934942 -4.848732 9.257000
v -1.917591 -4.786253 9.179906
v 1.963666 -5.017662 9.326918
v 1.935910 -4.848732 9.257000
v -4.849857 -5.162258 8.362380
v -1.908915 -4.770336 9.132463
v -1.926266 -4.812404 9.221450
v -2.203883 -9.449144 7.423506
vt -4.843182 9.519830 0.000000
vt -4.846328 9.519830 0.000000
vt -4.847308 9.516235 0.000000
vt 51.418096 3.125026 0.000000
vt 51.746985 1.577359 0.000000
vt 51.465599 3.155199 0.000000
vt 51.485379 3.174112 0.000000
vt 51.501164 3.195633 0.000000
vt 51.512128 3.219537 0.000000
vt 51.517708 3.244568 0.000000
vt 51.518359 3.270181 0.000000
vt 51.854426 4.522257 0.000000
vt 51.514871 3.295299 0.000000
vt 51.571901 4.558060 0.000000
vt 51.499150 3.342943 0.000000
vt 51.475606 3.387779 0.000000
vt 51.416500 3.468994 0.000000
vt 51.298472 4.638326 0.000000
vt 51.255994 3.629594 0.000000
vt 50.711346 4.880762 0.000000
vt 51.854426 0.000000 0.000000
vt 19.259215 7.465734 0.000000
vt 19.485692 6.541031 0.000000
vt 19.777026 6.172404 0.000000
vt 19.652478 6.043311 0.000000
vt 19.777026 5.592273 0.000000
vt 18.662031 8.612269 0.000000
vt 19.031121 7.608308 0.000000
vt 19.277114 7.070590 0.000000
vt 18.474868 8.587418 0.000000
vt 17.971644 9.561274 0.000000
vt 17.869090 9.381914 0.000000
vt 17.572018 9.685791 0.000000
vt 17.181980 10.254779 0.000000
vt 17.289337 9.923634 0.000000
vt 17.029657 10.093154 0.000000
vt 16.803077 10.191663 0.000000
vt 16.280498 10.660083 0.000000
vt 16.615944 10.216460 0.000000
vt 16.527108 10.192041 0.000000
vt 16.484796 10.161942 0.000000
vt 16.465460 10.140315 0.000000
vt 16.448083 10.113228 0.000000
vt 16.433751 10.080762 0.000000
vt 16.423148 10.043201 0.000000
vt 16.416768 10.002340 0.000000
vt 16.414345 9.959709 0.000000
vt 16.419013 9.872940 0.000000
vt 16.066347 9.583497 0.000000
vt 16.432250 9.789323 0.000000
vt 16.476068 9.621401 0.000000
vt 16.533041 9.459637 0.000000
vt 15.569918 9.636455 0.000000
vt 15.242751 10.762496 0.000000
vt 15.152812 9.782835 0.000000
vt 14.620021 9.845472 0.000000
vt 14.080483 10.569245 0.000000
vt 13.479784 9.723167 0.000000
vt 12.787842 10.119617 0.000000
vt 12.901713 9.558650 0.000000
vt 12.381895 9.333945 0.000000
vt 12.155377 9.196587 0.000000
vt 11.352869 9.457359 0.000000
vt 11.944136 9.022998 0.000000
vt 11.853872 8.920740 0.000000
vt 11.778892 8.804796 0.000000
vt 11.727221 8.677015 0.000000
vt 11.712106 8.609772 0.000000
vt 11.704760 8.541215 0.000000
vt 10.565283 7.947108 0.000000
vt 9.780516 8.633318 0.000000
vt 10.156018 7.933918 0.000000
vt 9.724731 7.843034 0.000000
vt 8.877454 7.582415 0.000000
vt 8.121316 7.718396 0.000000
vt 8.007077 7.252740 0.000000
vt 7.244958 6.896297 0.000000
vt 6.407061 6.774143 0.000000
vt 6.641311 6.524900 0.000000
vt 6.381351 6.312356 0.000000
vt 6.161742 6.073693 0.000000
vt 6.003534 5.805230 0.000000
vt 4.661444 5.853950 0.000000
vt 4.938858 4.822589 0.000000
vt 4.882022 4.865774 0.000000
vt 4.817497 4.900085 0.000000
vt 4.746328 4.923159 0.000000
vt 4.671626 4.934372 0.000000
vt 4.516587 4.927159 0.000000
vt 4.362485 4.891985 0.000000
vt 4.034405 4.758834 0.000000
vt 2.993266 5.051191 0.000000
vt 3.692598 4.562505 0.000000
vt 3.017488 4.034291 0.000000
vt 2.458152 3.398568 0.000000
vt 1.424561 4.392381 0.000000
vt 2.245884 3.030957 0.000000
vt 2.170868 2.834622 0.000000
vt 2.126089 2.626605 0.000000
vt 2.124526 2.414207 0.000000
vt 1.417655 0.926684 0.000000
vt 2.143626 2.308725 0.000000
vt 2.176919 2.206549 0.000000
vt 2.282419 2.020032 0.000000
vt 2.431504 1.859323 0.000000
vt 3.060506 0.000000 0.000000
vt 2.812971 1.611283 0.000000
vt 3.129138 0.720181 0.000000
vt 3.315934 1.417591 0.000000
vt -0.000000 3.877483 0.000000
vt -0.000000 1.882518 0.000000
vt 3.064312 0.000000 0.000000
vt 5.956404 5.660615 0.000000
vt 5.037790 4.714041 0.000000
vt 5.128134 4.581354 0.000000
vt 5.333770 4.252092 0.000000
vt 5.935394 5.513201 0.000000
vt 5.941787 5.363601 0.000000
vt 5.975100 5.216963 0.000000
vt 6.110735 4.941193 0.000000
vt -51.863629 0.000000 0.000000
vt -51.756168 1.577359 0.000000
vt -51.863629 4.522257 0.000000
vt -51.526325 3.281972 0.000000
vt -51.576051 4.559219 0.000000
vt -51.512657 3.332430 0.000000
vt -51.489051 3.380475 0.000000
vt -51.427222 3.125026 0.000000
vt -51.469270 3.150865 0.000000
vt -51.488007 3.167197 0.000000
vt -51.504117 3.186139 0.000000
vt -51.516520 3.207506 0.000000
vt -51.524563 3.231286 0.000000
vt -51.527724 3.256335 0.000000
vt -51.425625 3.468994 0.000000
vt -51.291148 4.644030 0.000000
vt -51.265091 3.629594 0.000000
vt -50.720346 4.880762 0.000000
vt -0.000000 3.877483 0.000000
vt -1.224762 4.316368 0.000000
vt -0.000000 1.882518 0.000000
vt -1.417873 0.926684 0.000000
vt -2.186013 2.880338 0.000000
vt -2.129252 2.648654 0.000000
vt -2.561281 4.859131 0.000000
vt -2.398259 3.308060 0.000000
vt -2.678647 3.682102 0.000000
vt -3.394504 4.352233 0.000000
vt -3.993291 5.521495 0.000000
vt -4.148345 4.811985 0.000000
vt -4.465410 4.917943 0.000000
vt -4.590386 4.934864 0.000000
vt -4.705659 4.930811 0.000000
vt -5.472003 6.273569 0.000000
vt -4.760120 4.919925 0.000000
vt -4.812056 4.902652 0.000000
vt -4.860663 4.879158 0.000000
vt -4.904507 4.850827 0.000000
vt -4.980585 4.782919 0.000000
vt -5.048474 4.700908 0.000000
vt -5.334588 4.252092 0.000000
vt -5.935396 5.459336 0.000000
vt -5.948999 5.324301 0.000000
vt -6.997877 7.096853 0.000000
vt -6.277946 6.208991 0.000000
vt -6.097074 5.980259 0.000000
vt -5.975999 5.728005 0.000000
vt -8.505112 7.930677 0.000000
vt -7.820950 7.172497 0.000000
vt -7.069658 6.799239 0.000000
vt -6.497264 6.412537 0.000000
vt -9.966168 8.732777 0.000000
vt -9.609243 7.812066 0.000000
vt -8.681364 7.513058 0.000000
vt -11.384782 9.472666 0.000000
vt -10.566903 7.947108 0.000000
vt -10.110199 7.926612 0.000000
vt -12.826635 10.134834 0.000000
vt -12.028910 9.098963 0.000000
vt -11.914069 8.989863 0.000000
vt -11.813910 8.861564 0.000000
vt -13.537644 10.402828 0.000000
vt -13.053161 9.608368 0.000000
vt -12.538132 9.410990 0.000000
vt -13.597306 9.747914 0.000000
vt -14.232348 10.607706 0.000000
vt -14.654404 9.844439 0.000000
vt -14.904270 10.733388 0.000000
vt -15.134901 9.787286 0.000000
vt -15.537328 10.765243 0.000000
vt -15.572306 9.636455 0.000000
vt -16.068811 9.583497 0.000000
vt -16.128513 10.696719 0.000000
vt -16.416803 9.951634 0.000000
vt -16.419024 9.999717 0.000000
vt -16.426225 10.045752 0.000000
vt -16.438621 10.087069 0.000000
vt -16.455679 10.122158 0.000000
vt -16.673026 10.527654 0.000000
vt -16.475990 10.150109 0.000000
vt -16.522690 10.188255 0.000000
vt -16.572055 10.208363 0.000000
vt -16.676900 10.216752 0.000000
vt -16.882623 10.164573 0.000000
vt -17.175184 10.260947 0.000000
vt -17.119016 10.042337 0.000000
vt -17.384252 9.851683 0.000000
vt -17.640680 9.899431 0.000000
vt -17.954693 9.287104 0.000000
vt -18.073993 9.446170 0.000000
vt -18.522267 8.517997 0.000000
vt -18.473870 8.911705 0.000000
vt -19.048977 7.577693 0.000000
vt -19.180291 7.643285 0.000000
vt -19.491691 6.532817 0.000000
vt -19.780059 6.172404 0.000000
vt -19.656297 6.040770 0.000000
vt -19.780059 5.592273 0.000000
vt -16.418676 9.903195 0.000000
vt -16.431304 9.807497 0.000000
vt -16.476878 9.626936 0.000000
vt -16.535577 9.459637 0.000000
vt -11.772827 8.789465 0.000000
vt -11.739912 8.711477 0.000000
vt -11.717156 8.627734 0.000000
vt -11.706555 8.541215 0.000000
vt -5.944681 5.595488 0.000000
vt -5.984257 5.192297 0.000000
vt -6.111672 4.941193 0.000000
vt -2.119549 2.528114 0.000000
vt -2.125871 2.405673 0.000000
vt -2.150117 2.285692 0.000000
vt -2.193189 2.169755 0.000000
vt -2.254980 2.059592 0.000000
vt -2.332559 1.958579 0.000000
vt -3.060975 0.000000 0.000000
vt -2.526575 1.783000 0.000000
vt -2.757639 1.639703 0.000000
vt -3.316442 1.417591 0.000000
vt -3.129618 0.720181 0.000000
vt -3.064782 0.000000 0.000000
vt 11.603784 9.627700 0.000000
vt 11.603784 10.642496 0.000000
vt 10.795161 9.306098 0.000000
vt 10.622840 10.213832 0.000000
vt 9.914545 8.786004 0.000000
vt 9.531824 9.539937 0.000000
vt 8.959400 8.087457 0.000000
vt 8.309314 8.668693 0.000000
vt 7.934274 7.233551 0.000000
vt 7.355815 6.895780 0.000000
vt 6.947591 7.672713 0.000000
vt 6.875795 6.537214 0.000000
vt 6.516148 6.153723 0.000000
vt 6.203983 7.146819 0.000000
vt 6.383780 5.938015 0.000000
vt 6.295961 5.700495 0.000000
vt 5.431111 4.786265 0.000000
vt 5.415517 6.614196 0.000000
vt 5.364715 4.851438 0.000000
vt 5.285449 4.901017 0.000000
vt 5.196751 4.928836 0.000000
vt 5.094484 4.935670 0.000000
vt 4.961833 4.917463 0.000000
vt 4.808828 4.871519 0.000000
vt 4.515471 4.736085 0.000000
vt 3.733097 5.583403 0.000000
vt 3.925095 4.347743 0.000000
vt 3.336890 3.833584 0.000000
vt 2.860197 3.262760 0.000000
vt 1.921322 4.651031 0.000000
vt 2.690697 2.959162 0.000000
vt 2.593085 2.633668 0.000000
vt 2.585610 2.466614 0.000000
vt 1.550080 1.047957 0.000000
vt 2.613509 2.302016 0.000000
vt 3.121180 0.235755 0.000000
vt 2.678021 2.147465 0.000000
vt 2.776429 2.006049 0.000000
vt 2.900053 1.882232 0.000000
vt 3.042693 1.774078 0.000000
vt 3.207025 0.920190 0.000000
vt 3.387148 1.587231 0.000000
vt 0.971214 4.240096 0.000000
vt -0.000000 1.882518 0.000000
vt -0.000000 3.877483 0.000000
vt -0.000000 3.877483 0.000000
vt -0.974239 4.241495 0.000000
vt -0.000000 1.882518 0.000000
vt -1.550189 1.047957 0.000000
vt -1.928787 4.654867 0.000000
vt -2.591477 2.407272 0.000000
vt -2.586488 2.568864 0.000000
vt -2.611485 2.729223 0.000000
vt -2.660906 2.886863 0.000000
vt -2.813116 3.188871 0.000000
vt -3.749153 5.592083 0.000000
vt -3.248303 3.742195 0.000000
vt -3.806212 4.254238 0.000000
vt -4.387542 4.663086 0.000000
vt -4.655633 4.806899 0.000000
vt -5.415966 6.615007 0.000000
vt -4.924928 4.908351 0.000000
vt -5.063266 4.933627 0.000000
vt -5.133019 4.935648 0.000000
vt -5.201809 4.927949 0.000000
vt -5.266676 4.909174 0.000000
vt -5.327137 4.878606 0.000000
vt -5.381974 4.837110 0.000000
vt -5.431496 4.786265 0.000000
vt -6.296406 5.700495 0.000000
vt -6.379263 5.927910 0.000000
vt -6.935269 7.663717 0.000000
vt -6.504878 6.137462 0.000000
vt -6.867826 6.529777 0.000000
vt -7.351648 6.892698 0.000000
vt -8.308437 8.667530 0.000000
vt -7.934835 7.233551 0.000000
vt -8.961854 8.088658 0.000000
vt -9.530032 9.538399 0.000000
vt -9.918139 8.787970 0.000000
vt -10.623560 10.214053 0.000000
vt -10.796603 9.306468 0.000000
vt -11.604605 10.642496 0.000000
vt -11.604605 9.627700 0.000000
vt -2.630817 2.250221 0.000000
vt -3.121401 0.235755 0.000000
vt -2.704006 2.104143 0.000000
vt -2.807195 1.971608 0.000000
vt -3.073156 1.754203 0.000000
vt -3.207278 0.920318 0.000000
vt -3.387388 1.587231 0.000000
vt 4.846328 9.519830 0.000000
vt 4.843182 9.519830 0.000000
vt 4.847308 9.516235 0.000000
vt 7.586852 5.168563 0.000000
vt 7.606175 6.494428 0.000000
vt 6.964054 5.178866 0.000000
vt 6.914705 6.489051 0.000000
vt 6.657778 7.041957 0.000000
vt 7.694012 6.495111 0.000000
vt 7.893916 5.162842 0.000000
vt 8.192829 6.274140 0.000000
vt 8.210784 5.155751 0.000000
vt 8.375256 5.151286 0.000000
vt 8.444411 6.175185 0.000000
vt 8.545628 5.145858 0.000000
vt 8.702071 6.083269 0.000000
vt 8.715592 5.139435 0.000000
vt 8.877182 5.132197 0.000000
vt 8.956658 6.002333 0.000000
vt 9.171635 5.115535 0.000000
vt 9.191905 5.936598 0.000000
vt 9.405057 5.884706 0.000000
vt 9.426765 5.096750 0.000000
vt 9.596372 5.844380 0.000000
vt 9.899250 5.049216 0.000000
vt 10.236110 5.751458 0.000000
vt 10.340809 4.988756 0.000000
vt 10.789806 5.719097 0.000000
vt 11.192716 4.834369 0.000000
vt 11.863741 5.764401 0.000000
vt 12.040846 4.672151 0.000000
vt 12.426315 5.841042 0.000000
vt 12.517906 4.601673 0.000000
vt 12.722773 5.897568 0.000000
vt 12.778547 4.575591 0.000000
vt 13.030800 5.969596 0.000000
vt 13.063900 4.559730 0.000000
vt 13.342112 6.057534 0.000000
vt 13.369891 4.559179 0.000000
vt 13.529227 4.565968 0.000000
vt 13.647753 6.159900 0.000000
vt 13.689397 4.577722 0.000000
vt 13.932834 6.270481 0.000000
vt 14.000116 4.614161 0.000000
vt 14.222425 6.398155 0.000000
vt 14.292460 4.663593 0.000000
vt 14.520880 6.477349 0.000000
vt 14.809188 4.779401 0.000000
vt 14.542540 6.557385 0.000000
vt 14.866615 6.477349 0.000000
vt 14.884094 6.747681 0.000000
vt 15.212350 6.477349 0.000000
vt 15.493597 7.134974 0.000000
vt 15.303268 4.908783 0.000000
vt 15.903821 6.477349 0.000000
vt 16.163300 6.006886 0.000000
vt 16.470605 7.850633 0.000000
vt 16.981592 6.958055 0.000000
vt 17.424667 8.585904 0.000000
vt 17.804235 7.766365 0.000000
vt 17.978232 8.397153 0.000000
vt 18.628593 8.398479 0.000000
vt 18.403743 9.274823 0.000000
vt 18.904284 9.570862 0.000000
vt 19.438946 8.842694 0.000000
vt 19.385312 9.809890 0.000000
vt 19.850219 9.995758 0.000000
vt 20.249828 9.125680 0.000000
vt 20.336660 10.142361 0.000000
vt 20.670334 9.216815 0.000000
vt 20.983129 10.265397 0.000000
vt 21.103647 9.275811 0.000000
vt 21.325120 9.293409 0.000000
vt 21.436776 10.306216 0.000000
vt 21.556862 9.303239 0.000000
vt 21.579527 10.311681 0.000000
vt 21.682326 9.304987 0.000000
vt 21.663015 10.313284 0.000000
vt 21.757343 10.313691 0.000000
vt 21.755090 9.304868 0.000000
vt 21.807593 10.313302 0.000000
vt 21.833460 9.303815 0.000000
vt 21.859224 10.312465 0.000000
vt 21.874031 9.302894 0.000000
vt 21.909917 10.311214 0.000000
vt 21.914646 9.301717 0.000000
vt 21.959062 10.309595 0.000000
vt 21.992311 9.298754 0.000000
vt 22.005631 10.307692 0.000000
vt 22.048974 10.305599 0.000000
vt 22.063531 9.295215 0.000000
vt 22.127055 10.301046 0.000000
vt 22.127055 9.291396 0.000000
vt 6.223234 6.483673 0.000000
vt 6.095002 7.378216 0.000000
vt 6.044112 5.933992 0.000000
vt 5.531764 6.478296 0.000000
vt 5.156369 6.694708 0.000000
vt 5.551773 7.722159 0.000000
vt 4.573301 8.368748 0.000000
vt 3.727868 8.918253 0.000000
vt 4.148823 8.395520 0.000000
vt 4.332320 7.379879 0.000000
vt 2.090151 9.796389 0.000000
vt 2.747646 8.468735 0.000000
vt 3.536121 7.976018 0.000000
vt 1.916924 8.863008 0.000000
vt 1.084418 10.132653 0.000000
vt 1.005376 9.145578 0.000000
vt 0.556668 10.239343 0.000000
vt 0.525062 9.235661 0.000000
vt 0.285982 10.275768 0.000000
vt 0.275662 9.267551 0.000000
vt 0.146762 10.289763 0.000000
vt 0.148282 9.280041 0.000000
vt 0.000000 9.291396 0.000000
vt 0.000000 10.301046 0.000000
vt 12.633394 4.512928 0.000000
vt 12.462067 6.001401 0.000000
vt 11.926317 4.390457 0.000000
vt 12.014980 6.138777 0.000000
vt 11.581564 6.313672 0.000000
vt 12.928653 5.889816 0.000000
vt 13.234507 4.632503 0.000000
vt 13.363602 5.802618 0.000000
vt 14.140096 4.837641 0.000000
vt 14.607705 5.603871 0.000000
vt 14.914431 5.003892 0.000000
vt 15.131839 5.557610 0.000000
vt 15.581716 5.108168 0.000000
vt 15.575265 5.555340 0.000000
vt 15.958383 5.591145 0.000000
vt 16.180227 5.161446 0.000000
vt 16.322388 5.664661 0.000000
vt 16.494506 5.175845 0.000000
vt 16.705723 5.788545 0.000000
vt 16.829860 5.183988 0.000000
vt 17.098092 5.966984 0.000000
vt 17.190300 5.187400 0.000000
vt 17.295810 6.076518 0.000000
vt 17.378753 5.188032 0.000000
vt 17.489055 6.195824 0.000000
vt 17.567602 5.188255 0.000000
vt 17.756504 5.188180 0.000000
vt 17.857841 6.455324 0.000000
vt 17.939527 5.187811 0.000000
vt 17.964035 6.371565 0.000000
vt 18.183108 6.367235 0.000000
vt 18.197989 6.728447 0.000000
vt 18.402182 6.362905 0.000000
vt 18.506467 7.001275 0.000000
vt 18.656926 5.652633 0.000000
vt 18.840329 6.354245 0.000000
vt 19.032234 6.141305 0.000000
vt 19.076270 7.557206 0.000000
vt 19.405997 6.639467 0.000000
vt 19.631809 8.148125 0.000000
vt 19.778069 7.134894 0.000000
vt 20.169992 8.746076 0.000000
vt 20.140724 7.606734 0.000000
vt 20.494622 8.047155 0.000000
vt 18.279695 5.185310 0.000000
vt 20.685102 9.317123 0.000000
vt 21.180131 8.808955 0.000000
vt 21.179075 9.835314 0.000000
vt 21.664850 10.284937 0.000000
vt 21.831627 9.368963 0.000000
vt 22.158147 10.639683 0.000000
vt 22.454402 9.696870 0.000000
vt 22.658883 10.849350 0.000000
vt 23.044279 9.766582 0.000000
vt 23.167214 10.863107 0.000000
vt 23.602676 9.567822 0.000000
vt 23.669698 10.644496 0.000000
vt 23.877037 9.361940 0.000000
vt 24.168918 10.187488 0.000000
vt 24.148567 9.081009 0.000000
vt 24.416806 8.723171 0.000000
vt 24.673157 9.502766 0.000000
vt 24.678719 8.292969 0.000000
vt 24.935081 7.792330 0.000000
vt 25.134889 8.731128 0.000000
vt 25.187470 7.222530 0.000000
vt 25.343184 8.359430 0.000000
vt 25.436449 6.588512 0.000000
vt 25.532733 8.019673 0.000000
vt 25.679980 5.905525 0.000000
vt 25.878380 7.424627 0.000000
vt 25.850684 6.356234 0.000000
vt 26.230316 6.894472 0.000000
vt 26.161076 4.420411 0.000000
vt 26.288831 6.368032 0.000000
vt 26.659955 2.861955 0.000000
vt 26.708630 6.379335 0.000000
vt 26.897831 2.248836 0.000000
vt 26.923599 6.244303 0.000000
vt 26.993899 6.214021 0.000000
vt 27.133665 1.879390 0.000000
vt 27.078566 6.186658 0.000000
vt 27.132690 6.174339 0.000000
vt 27.164250 6.168999 0.000000
vt 27.189446 1.844202 0.000000
vt 27.198983 6.164675 0.000000
vt 27.212266 1.836322 0.000000
vt 27.236446 6.161819 0.000000
vt 27.226636 1.833319 0.000000
vt 27.232349 1.832547 0.000000
vt 27.238377 1.831991 0.000000
vt 27.244586 1.831696 0.000000
vt 27.250864 1.831685 0.000000
vt 27.274466 6.160813 0.000000
vt 27.266672 1.832925 0.000000
vt 27.277066 1.834725 0.000000
vt 27.290215 1.838111 0.000000
vt 27.311486 6.161641 0.000000
vt 27.320806 1.850694 0.000000
vt 27.347994 1.867242 0.000000
vt 27.345862 6.163983 0.000000
vt 27.399122 1.911348 0.000000
vt 27.407090 6.171829 0.000000
vt 27.462480 6.182879 0.000000
vt 27.593595 2.204643 0.000000
vt 27.560209 6.211159 0.000000
vt 27.801712 2.655703 0.000000
vt 27.726997 6.283521 0.000000
vt 28.041420 3.243175 0.000000
vt 28.041420 6.490247 0.000000
vt 11.139004 6.543534 0.000000
vt 11.391827 6.316718 0.000000
vt 11.140107 4.865474 0.000000
vt 10.678154 6.838563 0.000000
vt 10.515532 6.330787 0.000000
vt 10.206900 7.188520 0.000000
vt 10.385750 5.491742 0.000000
vt 9.649769 6.188135 0.000000
vt 9.727763 7.576935 0.000000
vt 9.639238 6.344856 0.000000
vt 8.732701 8.405107 0.000000
vt 8.869628 6.924505 0.000000
vt 8.056189 7.612350 0.000000
vt 7.763647 9.122961 0.000000
vt 7.244275 8.165356 0.000000
vt 6.839712 9.640278 0.000000
vt 6.410418 8.568950 0.000000
vt 5.935407 9.952328 0.000000
vt 5.556321 8.799694 0.000000
vt 5.048881 10.054653 0.000000
vt 4.705755 8.834384 0.000000
vt 4.207130 9.947481 0.000000
vt 3.875831 8.653923 0.000000
vt 3.422895 9.647947 0.000000
vt 3.093704 8.248804 0.000000
vt 2.687030 9.177052 0.000000
vt 2.367377 7.615914 0.000000
vt 1.989843 8.563638 0.000000
vt 1.703544 6.770582 0.000000
vt 1.299876 7.832094 0.000000
vt 1.095418 5.735206 0.000000
vt 0.876294 6.347396 0.000000
vt 0.529571 4.534723 0.000000
vt 0.630210 7.088961 0.000000
vt 0.438147 6.347396 0.000000
vt 0.000000 6.490247 0.000000
vt 0.000000 3.243175 0.000000
vt 17.689102 4.201174 0.000000
vt 17.383200 4.181330 0.000000
vt 17.409876 3.991749 0.000000
vt 17.091551 4.149211 0.000000
vt 17.110992 3.811366 0.000000
vt 16.802804 3.674248 0.000000
vt 16.510649 4.042028 0.000000
vt 16.488923 3.584014 0.000000
vt 16.177095 3.539043 0.000000
vt 15.913454 3.863862 0.000000
vt 15.871204 3.531200 0.000000
vt 15.266084 3.590678 0.000000
vt 14.744725 -4.763412 0.000000
vt 14.866615 -6.476099 0.000000
vt 15.303268 -4.908783 0.000000
vt 15.212350 -6.476099 0.000000
vt 15.282796 -6.994588 0.000000
vt 14.553905 -6.563400 0.000000
vt 14.520880 -6.476099 0.000000
vt 14.441590 -4.693757 0.000000
vt 14.128847 -6.355207 0.000000
vt 14.108811 -4.630941 0.000000
vt 13.900925 -6.257376 0.000000
vt 13.931961 -4.604680 0.000000
vt 13.748670 -4.583300 0.000000
vt 13.664159 -6.165861 0.000000
vt 13.564795 -4.568160 0.000000
vt 13.424028 -6.083358 0.000000
vt 13.382579 -4.559537 0.000000
vt 13.189343 -6.012389 0.000000
vt 13.203614 -4.557284 0.000000
vt 13.033081 -4.560749 0.000000
vt 12.960939 -5.951969 0.000000
vt 12.717243 -4.580783 0.000000
vt 12.744564 -5.902136 0.000000
vt 12.347685 -5.827938 0.000000
vt 12.157808 -4.652652 0.000000
vt 11.975520 -5.776267 0.000000
vt 11.671679 -4.739876 0.000000
vt 11.287694 -5.723750 0.000000
vt 10.712744 -4.926230 0.000000
vt 10.654656 -5.723301 0.000000
vt 10.022180 -5.775548 0.000000
vt 9.743819 -5.066820 0.000000
vt 9.677296 -5.829148 0.000000
vt 9.260855 -5.109482 0.000000
vt 9.293955 -5.910866 0.000000
vt 9.085545 -5.965229 0.000000
vt 9.038640 -5.123667 0.000000
vt 8.870687 -6.028547 0.000000
vt 8.807029 -5.135488 0.000000
vt 8.654234 -6.099580 0.000000
vt 8.685669 -5.140649 0.000000
vt 8.561087 -5.145318 0.000000
vt 8.446143 -6.174500 0.000000
vt 8.435519 -5.149469 0.000000
vt 8.314027 -5.153031 0.000000
vt 8.064859 -6.327792 0.000000
vt 8.083836 -5.158794 0.000000
vt 7.860678 -5.163525 0.000000
vt 6.964054 -5.178866 0.000000
vt 7.606175 -6.492394 0.000000
vt 7.698282 -6.493078 0.000000
vt 6.376379 -5.654891 0.000000
vt 6.914705 -6.487262 0.000000
vt 6.968442 -6.867249 0.000000
vt 5.731479 -6.201549 0.000000
vt 6.223234 -6.482129 0.000000
vt 6.234387 -7.292925 0.000000
vt 4.966839 -6.856367 0.000000
vt 5.531764 -6.476996 0.000000
vt 5.460764 -7.781232 0.000000
vt 4.091006 -7.569301 0.000000
vt 4.695449 -8.287747 0.000000
vt 3.207898 -8.194583 0.000000
vt 4.026791 -8.727977 0.000000
vt 4.148823 -8.394914 0.000000
vt 2.890620 -9.410451 0.000000
vt 2.247486 -8.722023 0.000000
vt 1.707461 -9.944980 0.000000
vt 1.699027 -8.944527 0.000000
vt 1.137631 -9.113900 0.000000
vt 1.022679 -10.147447 0.000000
vt 0.572181 -9.228566 0.000000
vt 0.577513 -10.236005 0.000000
vt 0.322265 -10.271589 0.000000
vt 0.290644 -9.265909 0.000000
vt 0.178280 -10.286875 0.000000
vt 0.147957 -9.280070 0.000000
vt 0.000000 -10.301046 0.000000
vt 0.000000 -9.291396 0.000000
vt 15.903821 -6.476099 0.000000
vt 15.904645 -7.425016 0.000000
vt 16.078817 -5.902228 0.000000
vt 16.986285 -8.250117 0.000000
vt 16.813908 -6.773650 0.000000
vt 17.551424 -7.535829 0.000000
vt 18.022533 -9.021135 0.000000
vt 17.978232 -8.394914 0.000000
vt 18.314918 -8.179772 0.000000
vt 19.162694 -9.704696 0.000000
vt 19.083847 -8.669314 0.000000
vt 19.738645 -9.954559 0.000000
vt 19.864451 -9.009910 0.000000
vt 20.310705 -10.135641 0.000000
vt 20.264126 -9.129353 0.000000
vt 20.670419 -9.216745 0.000000
vt 20.928242 -10.257951 0.000000
vt 21.188419 -9.283429 0.000000
vt 21.386627 -10.303468 0.000000
vt 21.357498 -9.295293 0.000000
vt 21.521559 -10.309881 0.000000
vt 21.551171 -9.303100 0.000000
vt 21.599136 -10.312167 0.000000
vt 21.675512 -9.304956 0.000000
vt 21.685497 -10.313516 0.000000
vt 21.733511 -10.313730 0.000000
vt 21.748278 -9.304914 0.000000
vt 21.786006 -10.313521 0.000000
vt 21.827301 -9.303932 0.000000
vt 21.842647 -10.312782 0.000000
vt 21.868621 -9.303032 0.000000
vt 21.901488 -10.311451 0.000000
vt 21.909537 -9.301879 0.000000
vt 21.949702 -9.300495 0.000000
vt 21.961497 -10.309504 0.000000
vt 21.988898 -9.298904 0.000000
vt 22.019599 -10.307051 0.000000
vt 22.061724 -9.295315 0.000000
vt 22.127055 -10.301046 0.000000
vt 22.127055 -9.291396 0.000000
vt 8.092547 -4.348750 0.000000
vt 8.315051 -4.355880 0.000000
vt 8.495294 -4.081802 0.000000
vt 8.549717 -4.363654 0.000000
vt 8.777580 -4.371424 0.000000
vt 8.895504 -3.830270 0.000000
vt 9.005653 -4.379205 0.000000
vt 9.312195 -3.581279 0.000000
vt 9.262756 -4.387383 0.000000
vt 9.522963 -4.394212 0.000000
vt 9.784869 -3.312122 0.000000
vt 9.957266 -4.400127 0.000000
vt 10.686751 -2.833698 0.000000
vt 10.718246 -4.384117 0.000000
vt 11.467801 -4.335408 0.000000
vt 12.214256 -4.273707 0.000000
vt 11.939728 -2.337598 0.000000
vt 11.510999 -2.464146 0.000000
vt 12.610300 -4.247245 0.000000
vt 12.411217 -2.300801 0.000000
vt 12.169404 -2.303357 0.000000
vt 13.051771 -4.231007 0.000000
vt 12.906460 -2.424320 0.000000
vt 12.660616 -2.340138 0.000000
vt 13.140423 -2.546821 0.000000
vt 13.290428 -4.229727 0.000000
vt 13.355705 -2.694188 0.000000
vt 13.537235 -4.234473 0.000000
vt 13.737161 -3.026816 0.000000
vt 13.782667 -4.245190 0.000000
vt 14.022138 -4.260914 0.000000
vt 14.100191 -3.409998 0.000000
vt 14.246629 -4.279589 0.000000
vt 14.475625 -3.853529 0.000000
vt 14.456969 -4.299602 0.000000
vt 14.862581 -4.340908 0.000000
vt 17.970141 -5.187694 0.000000
vt 18.183108 -6.369137 0.000000
vt 18.279695 -5.185310 0.000000
vt 18.284530 -6.802751 0.000000
vt 18.402182 -6.365927 0.000000
vt 18.565306 -7.055731 0.000000
vt 18.674307 -5.674710 0.000000
vt 18.840329 -6.359509 0.000000
vt 19.068449 -6.189336 0.000000
vt 19.053119 -7.533428 0.000000
vt 19.462103 -6.714477 0.000000
vt 19.842469 -8.380522 0.000000
vt 19.847037 -7.225682 0.000000
vt 20.223896 -7.712398 0.000000
vt 20.540425 -9.158305 0.000000
vt 20.594318 -8.166406 0.000000
vt 21.188306 -9.844557 0.000000
vt 21.303772 -8.929444 0.000000
vt 21.823356 -10.411447 0.000000
vt 21.976110 -9.465211 0.000000
vt 22.456643 -10.785329 0.000000
vt 22.614981 -9.741342 0.000000
vt 22.772485 -10.871342 0.000000
vt 23.220491 -9.733913 0.000000
vt 23.077765 -10.877051 0.000000
vt 23.372173 -10.803074 0.000000
vt 17.964035 -6.372346 0.000000
vt 17.805742 -5.188129 0.000000
vt 17.971860 -6.543480 0.000000
vt 17.624542 -6.286434 0.000000
vt 17.635907 -5.188253 0.000000
vt 17.462553 -5.188168 0.000000
vt 17.436819 -6.162417 0.000000
vt 17.291364 -5.187813 0.000000
vt 17.242756 -6.045858 0.000000
vt 17.044063 -5.939308 0.000000
vt 16.957075 -5.185635 0.000000
vt 16.840562 -5.843960 0.000000
vt 16.641742 -5.180201 0.000000
vt 16.437054 -5.696598 0.000000
vt 16.348428 -5.170200 0.000000
vt 16.041902 -5.604466 0.000000
vt 15.745590 -5.126497 0.000000
vt 15.656058 -5.559753 0.000000
vt 15.075677 -5.033241 0.000000
vt 14.914302 -5.571849 0.000000
vt 14.323078 -4.879634 0.000000
vt 14.197413 -5.660082 0.000000
vt 13.573744 -5.764850 0.000000
vt 13.376572 -4.662689 0.000000
vt 13.068757 -5.861475 0.000000
vt 12.706423 -4.526535 0.000000
vt 12.664300 -5.950365 0.000000
vt 12.094355 -6.111610 0.000000
vt 11.926317 -4.390457 0.000000
vt 11.555901 -6.325340 0.000000
vt 11.481633 -4.634385 0.000000
vt 11.391827 -6.327628 0.000000
vt 11.022723 -4.953475 0.000000
vt 11.050008 -6.595170 0.000000
vt 10.515532 -6.339850 0.000000
vt 9.642484 -7.648432 0.000000
vt 10.090840 -5.765530 0.000000
vt 9.639238 -6.352073 0.000000
vt 9.236068 -6.583654 0.000000
vt 8.475876 -8.608703 0.000000
vt 8.429469 -7.310903 0.000000
vt 7.653488 -7.905546 0.000000
vt 7.360766 -9.371442 0.000000
vt 6.888074 -8.358893 0.000000
vt 6.796257 -9.659771 0.000000
vt 6.222740 -9.875133 0.000000
vt 6.123894 -8.667292 0.000000
vt 5.643865 -10.009150 0.000000
vt 5.338907 -8.827716 0.000000
vt 5.070510 -10.055014 0.000000
vt 4.531681 -8.815057 0.000000
vt 4.504130 -10.009529 0.000000
vt 3.945250 -9.869824 0.000000
vt 3.742803 -8.602768 0.000000
vt 3.402103 -9.637153 0.000000
vt 2.998262 -8.180956 0.000000
vt 2.876186 -9.315916 0.000000
vt 2.305483 -7.548690 0.000000
vt 1.869910 -8.443548 0.000000
vt 1.668351 -6.717713 0.000000
vt 1.375902 -7.916428 0.000000
vt 1.078092 -5.701812 0.000000
vt 0.906496 -7.391315 0.000000
vt 0.876294 -6.354354 0.000000
vt 0.458455 -6.909084 0.000000
vt 0.438147 -6.354354 0.000000
vt 0.000000 -6.490247 0.000000
vt 0.000000 -3.243175 0.000000
vt 0.529639 -4.534919 0.000000
vt 23.513830 -9.618702 0.000000
vt 23.660635 -10.650620 0.000000
vt 23.801668 -9.426194 0.000000
vt 23.945950 -10.420757 0.000000
vt 24.084466 -9.154471 0.000000
vt 24.230974 -10.114557 0.000000
vt 24.362854 -8.801699 0.000000
vt 24.516731 -9.736469 0.000000
vt 24.637533 -8.366048 0.000000
vt 24.792148 -9.314562 0.000000
vt 24.906178 -7.852743 0.000000
vt 25.055946 -8.870280 0.000000
vt 25.167338 -7.270716 0.000000
vt 25.308680 -8.422404 0.000000
vt 25.423185 -6.623984 0.000000
vt 25.550150 -7.989712 0.000000
vt 25.675986 -5.917161 0.000000
vt 25.778782 -7.590983 0.000000
vt 25.850684 -6.359726 0.000000
vt 26.201379 -6.934090 0.000000
vt 25.924925 -5.166585 0.000000
vt 26.172387 -4.384287 0.000000
vt 26.288831 -6.366835 0.000000
vt 26.414425 -3.611343 0.000000
vt 26.632634 -6.442292 0.000000
vt 26.631895 -2.944029 0.000000
vt 26.859660 -6.277823 0.000000
vt 26.827186 -2.411988 0.000000
vt 26.985707 -6.217198 0.000000
vt 27.008773 -2.034848 0.000000
vt 27.052955 -6.193891 0.000000
vt 27.091968 -6.183236 0.000000
vt 27.119047 -1.892263 0.000000
vt 27.135919 -6.173732 0.000000
vt 27.160198 -6.169611 0.000000
vt 27.154771 -1.863447 0.000000
vt 27.186111 -6.166089 0.000000
vt 27.175866 -1.850700 0.000000
vt 27.213216 -6.163371 0.000000
vt 27.201032 -1.839726 0.000000
vt 27.218177 -1.834904 0.000000
vt 27.240828 -6.161606 0.000000
vt 27.230615 -1.832756 0.000000
vt 27.236558 -1.832131 0.000000
vt 27.242666 -1.831757 0.000000
vt 27.248967 -1.831658 0.000000
vt 27.258904 -1.832089 0.000000
vt 27.268504 -6.160845 0.000000
vt 27.264763 -1.832679 0.000000
vt 27.275416 -1.834388 0.000000
vt 27.286723 -1.837092 0.000000
vt 27.294943 -6.161052 0.000000
vt 27.300375 -1.841567 0.000000
vt 27.321421 -1.851015 0.000000
vt 27.343521 -6.163774 0.000000
vt 27.403880 -1.916267 0.000000
vt 27.385539 -6.168536 0.000000
vt 27.423495 -6.174711 0.000000
vt 27.487070 -2.022370 0.000000
vt 27.491758 -6.190195 0.000000
vt 27.660854 -2.339348 0.000000
vt 27.709964 -6.274821 0.000000
vt 28.041420 -3.243175 0.000000
vt 28.041420 -6.490247 0.000000
vt 15.266084 -3.590678 0.000000
vt 15.908063 -3.861946 0.000000
vt 15.882818 -3.530928 0.000000
vt 16.189026 -3.539999 0.000000
vt 16.499109 -4.039280 0.000000
vt 16.499336 -3.586278 0.000000
vt 16.812803 -3.677902 0.000000
vt 17.068459 -4.146065 0.000000
vt 17.118292 -3.815221 0.000000
vt 17.369374 -4.180098 0.000000
vt 17.413267 -3.994071 0.000000
vt 17.689102 -4.201174 0.000000
vt -8.793582 -4.003500 0.000000
vt -8.718594 -4.924881 0.000000
vt -8.690524 -4.007337 0.000000
vt -8.575666 -4.922027 0.000000
vt -8.388314 -4.549144 0.000000
vt -8.432738 -4.919173 0.000000
vt -8.289810 -4.916319 0.000000
vt -8.237278 -6.567684 0.000000
vt -8.097882 -5.068722 0.000000
vt -7.983762 -6.915712 0.000000
vt -7.814524 -5.562192 0.000000
vt -7.726785 -7.273195 0.000000
vt -7.527848 -6.037495 0.000000
vt -7.197407 -7.985976 0.000000
vt -7.234688 -6.489842 0.000000
vt -6.933776 -6.911644 0.000000
vt -6.639896 -8.644343 0.000000
vt -6.321049 -7.619226 0.000000
vt -6.038392 -9.194650 0.000000
vt -5.682755 -8.130963 0.000000
vt -5.403589 -9.571890 0.000000
vt -5.008493 -8.436785 0.000000
vt -4.745139 -9.750816 0.000000
vt -4.336614 -8.513621 0.000000
vt -4.106476 -9.710100 0.000000
vt -3.721036 -8.335965 0.000000
vt -3.508843 -9.430664 0.000000
vt -3.175398 -7.896760 0.000000
vt -2.927945 -8.885045 0.000000
vt -2.682216 -7.201762 0.000000
vt -2.377027 -8.135469 0.000000
vt -2.233253 -6.281865 0.000000
vt -1.878453 -7.342528 0.000000
vt -1.819318 -5.170644 0.000000
vt -1.715133 -4.914212 0.000000
vt -1.442884 -3.928899 0.000000
vt -1.429278 -4.914212 0.000000
vt -1.143422 -4.914212 0.000000
vt -1.415834 -6.620303 0.000000
vt -0.938522 -6.018769 0.000000
vt -8.861522 -4.927735 0.000000
vt -8.895416 -3.995246 0.000000
vt -9.004449 -4.930589 0.000000
vt -8.992365 -3.983269 0.000000
vt -9.084076 -3.968255 0.000000
vt -9.253085 -3.931350 0.000000
vt -9.147377 -4.933443 0.000000
vt -9.116583 -5.534116 0.000000
vt -8.956687 -5.691394 0.000000
vt -8.800350 -5.860748 0.000000
vt -8.650001 -6.036452 0.000000
vt -8.505792 -6.215000 0.000000
vt -9.275949 -5.394894 0.000000
vt -9.404037 -3.888524 0.000000
vt -9.433233 -4.939151 0.000000
vt -9.719088 -4.944859 0.000000
vt -9.434400 -5.274877 0.000000
vt -9.733608 -5.099354 0.000000
vt -9.892331 -3.692152 0.000000
vt -10.015832 -4.992443 0.000000
vt -10.284073 -3.483337 0.000000
vt -10.584801 -4.917601 0.000000
vt -10.666991 -3.252156 0.000000
vt -11.161189 -4.966271 0.000000
vt -11.435889 -2.773694 0.000000
vt -11.434221 -4.936217 0.000000
vt -11.756925 -5.106827 0.000000
vt -11.841831 -2.544516 0.000000
vt -12.005932 -4.931383 0.000000
vt -12.055909 -5.220498 0.000000
vt -12.283503 -2.329831 0.000000
vt -12.317109 -5.350936 0.000000
vt -12.577643 -4.926550 0.000000
vt -12.759893 -5.648777 0.000000
vt -12.826473 -3.103707 0.000000
vt -13.149355 -4.921716 0.000000
vt -13.376844 -3.968431 0.000000
vt -13.182137 -6.013215 0.000000
vt -13.614121 -6.429169 0.000000
vt -13.721066 -4.916882 0.000000
vt -13.963917 -4.824853 0.000000
vt -14.067122 -6.850002 0.000000
vt -14.276513 -5.207241 0.000000
vt -14.555413 -7.222199 0.000000
vt -14.589783 -5.521138 0.000000
vt -14.832457 -7.375342 0.000000
vt -14.860844 -5.727549 0.000000
vt -15.089324 -5.848262 0.000000
vt -15.132420 -7.482131 0.000000
vt -15.474813 -5.930187 0.000000
vt -15.452329 -7.520796 0.000000
vt -15.765871 -7.478636 0.000000
vt -15.842189 -5.848507 0.000000
vt -16.189517 -5.611309 0.000000
vt -16.364962 -7.182885 0.000000
vt -16.516680 -5.232717 0.000000
vt -16.960332 -6.671853 0.000000
vt -16.823365 -4.730577 0.000000
vt -17.109446 -4.123891 0.000000
vt -17.151332 -4.914212 0.000000
vt -17.373935 -3.432171 0.000000
vt -17.266839 -6.371119 0.000000
vt -17.567193 -6.087578 0.000000
vt -17.614650 -2.672921 0.000000
vt -17.723043 -4.914212 0.000000
vt -17.825473 -1.860131 0.000000
vt -17.882490 -5.836971 0.000000
vt -18.008899 -4.914212 0.000000
vt -18.081692 -5.720465 0.000000
vt -18.065077 -0.138000 0.000000
vt -18.294754 -0.101115 0.000000
vt -17.988508 -1.005974 0.000000
vt -18.294754 -5.643137 0.000000
vt -0.857567 -4.914212 0.000000
vt -0.767722 -5.862280 0.000000
vt -0.714639 -4.914212 0.000000
vt -0.669441 -5.789121 0.000000
vt -0.643175 -4.914212 0.000000
vt -0.554308 -5.719815 0.000000
vt -0.571711 -4.914212 0.000000
vt -0.500247 -4.914212 0.000000
vt -0.550305 -0.083046 0.000000
vt -0.495396 -0.080188 0.000000
vt -0.438517 -0.078335 0.000000
vt -0.428783 -4.914212 0.000000
vt -0.382487 -0.077607 0.000000
vt -0.357319 -4.914212 0.000000
vt -0.328515 -0.077929 0.000000
vt -0.285856 -4.914212 0.000000
vt -0.230203 -0.081078 0.000000
vt -0.214392 -4.914212 0.000000
vt -0.144195 -0.086516 0.000000
vt -0.142928 -4.914212 0.000000
vt -0.000000 -0.101115 0.000000
vt -0.000000 -5.643137 0.000000
vt -0.113250 -5.624794 0.000000
vt -0.179309 -5.621907 0.000000
vt -0.252341 -5.625615 0.000000
vt -0.291577 -5.630646 0.000000
vt -0.331736 -5.638014 0.000000
vt -0.371838 -5.647624 0.000000
vt -0.411758 -5.659431 0.000000
vt -0.486732 -5.687649 0.000000
vt -0.602748 -0.086756 0.000000
vt -0.651543 -0.091070 0.000000
vt -0.737946 -0.100747 0.000000
vt -0.851000 -1.314104 0.000000
vt -1.108483 -2.609819 0.000000
vt 29.151465 0.000000 0.000000
vt 29.061630 1.533226 0.000000
vt 28.240482 0.000000 0.000000
vt 28.201103 1.625789 0.000000
vt 27.329499 0.000000 0.000000
vt 27.250740 1.625905 0.000000
vt 26.300378 1.626022 0.000000
vt 26.337878 1.644603 0.000000
vt 25.116793 1.429767 0.000000
vt 28.810837 2.868233 0.000000
vt 27.571049 2.069438 0.000000
vt 25.507532 0.000000 0.000000
vt 23.930124 1.349406 0.000000
vt 23.685565 0.000000 0.000000
vt 22.870456 1.359946 0.000000
vt 21.863599 0.000000 0.000000
vt 21.989098 1.429992 0.000000
vt 21.630890 1.480373 0.000000
vt 21.340122 1.538511 0.000000
vt 21.085169 1.619910 0.000000
vt 20.041632 0.000000 0.000000
vt 20.598203 1.620044 0.000000
vt 19.647841 1.620304 0.000000
vt 19.677515 2.458366 0.000000
vt 17.937112 2.134817 0.000000
vt 21.031278 1.647912 0.000000
vt 20.987686 1.680782 0.000000
vt 20.969957 1.702333 0.000000
vt 20.963305 1.715113 0.000000
vt 20.959195 1.729137 0.000000
vt 20.958333 1.736533 0.000000
vt 20.958350 1.743899 0.000000
vt 20.959207 1.751173 0.000000
vt 20.960843 1.758314 0.000000
vt 20.965977 1.771696 0.000000
vt 20.972889 1.783833 0.000000
vt 20.996534 1.811818 0.000000
vt 21.029698 1.839526 0.000000
vt 21.124136 1.896642 0.000000
vt 21.331810 2.961993 0.000000
vt 21.422534 2.024699 0.000000
vt 21.843933 2.177455 0.000000
vt 22.350617 2.362714 0.000000
vt 22.863649 3.689244 0.000000
vt 23.379356 2.810970 0.000000
vt 23.449290 3.250728 0.000000
vt 24.370953 3.410017 0.000000
vt 23.565813 4.152819 0.000000
vt 24.399653 4.064214 0.000000
vt 24.203092 4.683353 0.000000
vt 25.276115 4.218542 0.000000
vt 25.350015 4.877057 0.000000
vt 25.919385 5.094365 0.000000
vt 25.350015 5.689900 0.000000
vt 26.321574 5.919405 0.000000
vt 25.241134 5.947456 0.000000
vt 26.300378 6.502743 0.000000
vt 25.607552 6.649460 0.000000
vt 25.859066 7.365798 0.000000
vt 26.580447 6.688766 0.000000
vt 24.765905 5.282884 0.000000
vt 16.140968 1.961536 0.000000
vt 16.796753 1.621085 0.000000
vt 17.747116 1.620825 0.000000
vt 18.219666 0.000000 0.000000
vt 15.846391 1.621345 0.000000
vt 15.219874 1.924815 0.000000
vt 14.896028 1.621606 0.000000
vt 14.283313 1.920651 0.000000
vt 13.945666 1.621866 0.000000
vt 13.330864 1.950086 0.000000
vt 12.202458 1.622343 0.000000
vt 12.361437 2.015729 0.000000
vt 11.374068 2.122423 0.000000
vt 10.459249 1.622821 0.000000
vt 10.380296 2.275720 0.000000
vt 8.716041 1.623298 0.000000
vt 9.391634 2.483221 0.000000
vt 8.408401 2.758999 0.000000
vt 6.972833 1.623776 0.000000
vt 7.432882 3.124729 0.000000
vt 6.972833 3.251372 0.000000
vt 6.483450 3.607496 0.000000
vt 5.229625 3.251372 0.000000
vt 5.573167 4.252759 0.000000
vt 5.229625 4.064214 0.000000
vt 4.748969 5.093887 0.000000
vt 3.486416 4.064214 0.000000
vt 3.486416 4.877057 0.000000
vt 1.743208 4.877057 0.000000
vt 1.743208 5.689900 0.000000
vt 0.000000 5.689900 0.000000
vt 3.486416 5.689900 0.000000
vt 4.104716 6.057561 0.000000
vt 3.486416 6.502743 0.000000
vt 3.648673 7.051305 0.000000
vt 3.486416 7.315586 0.000000
vt 3.370995 7.925096 0.000000
vt 1.743208 7.315586 0.000000
vt 1.743208 8.128429 0.000000
vt 0.000000 8.128429 0.000000
vt 3.285034 8.313179 0.000000
vt 3.271469 8.400941 0.000000
vt 3.266765 8.442705 0.000000
vt 3.264359 8.482325 0.000000
vt 3.264704 8.502844 0.000000
vt 1.743208 8.941272 0.000000
vt 3.265955 8.514413 0.000000
vt 3.266848 8.518955 0.000000
vt 3.267965 8.522960 0.000000
vt 3.269326 8.526386 0.000000
vt 3.271904 8.530343 0.000000
vt 3.273670 8.531850 0.000000
vt 3.486416 8.941272 0.000000
vt 1.743208 9.754115 0.000000
vt 3.486416 9.754115 0.000000
vt 1.743208 10.566958 0.000000
vt 3.486416 10.566958 0.000000
vt 1.743208 11.379801 0.000000
vt 3.486416 11.379801 0.000000
vt 1.743208 12.192643 0.000000
vt 3.486416 12.192643 0.000000
vt 1.743208 13.005486 0.000000
vt 3.486416 13.005486 0.000000
vt 1.743208 13.505272 0.000000
vt 3.486416 13.505272 0.000000
vt 1.743208 14.005058 0.000000
vt 3.486416 14.005058 0.000000
vt 1.758711 15.004630 0.000000
vt 3.529972 14.829553 0.000000
vt 3.277346 8.533028 0.000000
vt 3.281900 8.532098 0.000000
vt 3.288284 8.528024 0.000000
vt 3.300001 8.515577 0.000000
vt 3.366977 8.400720 0.000000
vt 3.465985 8.198202 0.000000
vt 3.757004 7.619486 0.000000
vt 4.593103 8.310943 0.000000
vt 3.808880 11.148264 0.000000
vt 4.648071 6.321900 0.000000
vt 5.229625 6.502743 0.000000
vt 5.785553 6.452508 0.000000
vt 6.097955 5.130986 0.000000
vt 7.199464 5.362631 0.000000
vt 6.972833 4.877279 0.000000
vt 7.598065 4.461787 0.000000
vt 8.730424 4.764418 0.000000
vt 9.110265 4.088664 0.000000
vt 10.295018 4.497111 0.000000
vt 10.459249 4.064214 0.000000
vt 11.853646 4.467351 0.000000
vt 10.593115 3.914829 0.000000
vt 12.030509 3.895638 0.000000
vt 12.202458 4.064214 0.000000
vt 13.395324 4.013177 0.000000
vt 13.353432 4.628007 0.000000
vt 14.673719 4.261155 0.000000
vt 14.776674 4.958049 0.000000
vt 14.896028 4.882558 0.000000
vt 15.846391 4.879057 0.000000
vt 15.842900 4.631409 0.000000
vt 16.880245 5.097826 0.000000
vt 17.820478 5.649921 0.000000
vt 16.796753 5.689222 0.000000
vt 16.106413 5.438423 0.000000
vt 17.747116 5.689820 0.000000
vt 18.703803 6.296162 0.000000
vt 17.346228 6.040296 0.000000
vt 18.484558 6.750319 0.000000
vt 19.532915 7.035836 0.000000
vt 19.647841 7.315586 0.000000
vt 20.301597 7.866344 0.000000
vt 19.485409 7.589953 0.000000
vt 19.915112 8.063243 0.000000
vt 20.278536 8.562246 0.000000
vt 20.987819 8.753187 0.000000
vt 20.598203 8.941272 0.000000
vt 20.569499 9.083054 0.000000
vt 21.576269 9.606012 0.000000
vt 20.783701 9.623673 0.000000
vt 21.548566 9.754115 0.000000
vt 20.917877 10.194944 0.000000
vt 22.031633 10.173829 0.000000
vt 20.957776 10.793826 0.000000
vt 21.814878 9.932572 0.000000
vt 0.000000 15.004630 0.000000
vt 3.643933 0.000000 0.000000
vt 3.486416 1.624731 0.000000
vt 1.821967 0.000000 0.000000
vt 1.743208 1.625208 0.000000
vt 0.000000 0.000000 0.000000
vt 5.229625 1.624253 0.000000
vt 5.465900 0.000000 0.000000
vt 7.287866 0.000000 0.000000
vt 9.109833 0.000000 0.000000
vt 10.931799 0.000000 0.000000
vt 12.753766 0.000000 0.000000
vt 14.575733 0.000000 0.000000
vt 16.397699 0.000000 0.000000
vt 0.000000 14.005058 0.000000
vt 0.000000 13.505272 0.000000
vt 0.000000 13.005486 0.000000
vt 0.000000 12.192643 0.000000
vt 0.000000 11.379801 0.000000
vt 0.000000 10.566958 0.000000
vt 0.000000 9.754115 0.000000
vt 0.000000 8.941272 0.000000
vt 0.000000 7.315586 0.000000
vt 1.743208 6.502743 0.000000
vt 0.000000 6.502743 0.000000
vt 0.000000 4.877057 0.000000
vt 1.743208 4.064214 0.000000
vt 0.000000 4.064214 0.000000
vt 1.743208 3.251372 0.000000
vt 0.000000 3.251372 0.000000
vt 3.486416 3.251372 0.000000
vt 14.472760 10.446309 0.000000
vt 13.725423 10.637840 0.000000
vt 13.853636 9.772718 0.000000
vt 13.477149 10.667168 0.000000
vt 13.477149 9.547169 0.000000
vt 12.797947 10.178292 0.000000
vt 12.552037 9.580723 0.000000
vt 12.955284 10.816212 0.000000
vt 12.206252 9.028842 0.000000
vt 12.481538 8.426822 0.000000
vt 13.344294 8.997202 0.000000
vt 11.764233 8.538556 0.000000
vt 12.479227 7.770764 0.000000
vt 12.809924 8.176534 0.000000
vt 11.230411 8.116450 0.000000
vt 12.094865 7.395424 0.000000
vt 11.382968 7.307171 0.000000
vt 11.712143 7.100152 0.000000
vt 11.349985 6.875581 0.000000
vt 10.652448 6.553823 0.000000
vt 10.284398 7.307171 0.000000
vt 9.884579 6.326731 0.000000
vt 9.185828 7.307171 0.000000
vt 9.067897 6.201564 0.000000
vt 8.636542 7.307171 0.000000
vt 8.222907 6.187172 0.000000
vt 8.087257 7.307171 0.000000
vt 7.537972 7.307171 0.000000
vt 7.758529 7.487450 0.000000
vt 7.067946 7.773845 0.000000
vt 10.618623 7.774736 0.000000
vt 9.941811 7.524332 0.000000
vt 9.223072 7.381445 0.000000
vt 8.487288 7.362875 0.000000
vt 6.443206 8.238780 0.000000
vt 6.439402 7.307171 0.000000
vt 6.988687 7.307171 0.000000
vt 7.370771 6.298550 0.000000
vt 5.911098 8.893409 0.000000
vt 5.890117 8.427170 0.000000
vt 5.890117 7.307171 0.000000
vt 6.531892 6.559866 0.000000
vt 5.492237 9.745370 0.000000
vt 5.340832 9.547169 0.000000
vt 5.340832 8.427170 0.000000
vt 5.207705 10.785622 0.000000
vt 4.791547 9.547169 0.000000
vt 4.791547 8.427170 0.000000
vt 4.992444 7.708202 0.000000
vt 4.360091 8.741782 0.000000
vt 3.897016 10.211677 0.000000
vt 4.791547 10.667168 0.000000
vt 3.692976 12.113174 0.000000
vt 5.072920 11.977340 0.000000
vt 5.729674 7.009846 0.000000
vt 12.784455 14.753041 0.000000
vt 12.955284 14.073836 0.000000
vt 13.477149 14.253364 0.000000
vt 13.725423 14.252208 0.000000
vt 13.477149 14.995507 0.000000
vt 13.989498 14.942904 0.000000
vt 13.589718 15.499012 0.000000
vt 14.472760 14.443739 0.000000
vt 12.860348 16.644318 0.000000
vt 12.481538 15.730318 0.000000
vt 12.510863 15.387387 0.000000
vt 12.365903 17.239553 0.000000
vt 12.481538 16.843951 0.000000
vt 12.481538 16.474596 0.000000
vt 12.163874 15.916238 0.000000
vt 11.692832 17.802862 0.000000
vt 11.382968 17.214140 0.000000
vt 11.382968 16.841798 0.000000
vt 11.751442 16.363396 0.000000
vt 11.382968 17.953685 0.000000
vt 10.885428 18.242703 0.000000
vt 10.284398 17.953685 0.000000
vt 9.977339 18.541923 0.000000
vt 9.185828 17.953685 0.000000
vt 9.009432 18.693229 0.000000
vt 8.087257 17.953685 0.000000
vt 8.014765 18.688074 0.000000
vt 7.028485 18.505624 0.000000
vt 6.988687 17.953685 0.000000
vt 6.084660 18.109356 0.000000
vt 6.988687 17.214140 0.000000
vt 5.890117 17.214140 0.000000
vt 6.561711 16.759299 0.000000
vt 5.890117 16.844368 0.000000
vt 5.890117 16.474596 0.000000
vt 4.791547 16.474596 0.000000
vt 5.992172 16.118902 0.000000
vt 4.791547 15.735051 0.000000
vt 5.537539 15.261290 0.000000
vt 4.791547 14.995507 0.000000
vt 5.222955 14.182962 0.000000
vt 4.791547 14.255962 0.000000
vt 4.791547 13.516418 0.000000
vt 3.933729 14.849167 0.000000
vt 3.692976 12.776873 0.000000
vt 5.219235 17.437191 0.000000
vt 4.480149 16.395335 0.000000
vt 5.072920 12.912707 0.000000
vt 7.215562 17.194179 0.000000
vt 7.923178 17.444777 0.000000
vt 8.651518 17.534709 0.000000
vt 9.371130 17.489092 0.000000
vt 10.058959 17.330767 0.000000
vt 10.693588 17.079920 0.000000
vt 11.260588 16.753290 0.000000
vt 27.430558 28.339361 0.000000
vt 28.810837 27.477887 0.000000
vt 28.201103 28.472732 0.000000
vt 29.061630 28.812894 0.000000
vt 28.201103 29.408331 0.000000
vt 29.151465 30.346120 0.000000
vt 28.240482 30.346120 0.000000
vt 27.329499 30.346120 0.000000
vt 27.250740 29.408331 0.000000
vt 27.250740 28.475346 0.000000
vt 26.300378 29.408331 0.000000
vt 26.056589 28.765637 0.000000
vt 25.350015 29.408331 0.000000
vt 24.712306 28.955477 0.000000
vt 24.399653 29.408331 0.000000
vt 23.478421 29.001585 0.000000
vt 23.449290 29.408331 0.000000
vt 22.498928 29.408331 0.000000
vt 23.685565 30.346120 0.000000
vt 21.863599 30.346120 0.000000
vt 25.507532 30.346120 0.000000
vt 20.041632 30.346120 0.000000
vt 20.598203 29.408331 0.000000
vt 21.548566 29.408331 0.000000
vt 22.442012 28.959935 0.000000
vt 18.219666 30.346120 0.000000
vt 18.697478 29.408331 0.000000
vt 19.647841 29.408331 0.000000
vt 20.598203 28.470542 0.000000
vt 21.040455 28.703623 0.000000
vt 20.986698 28.664362 0.000000
vt 20.969218 28.642596 0.000000
vt 20.962824 28.629805 0.000000
vt 20.959011 28.615884 0.000000
vt 20.958286 28.608616 0.000000
vt 20.958413 28.601298 0.000000
vt 20.961023 28.587182 0.000000
vt 20.966139 28.574090 0.000000
vt 20.972889 28.562288 0.000000
vt 20.996598 28.534242 0.000000
vt 21.025737 28.509530 0.000000
vt 21.105703 28.459247 0.000000
vt 21.340512 28.353290 0.000000
vt 21.548566 27.532752 0.000000
vt 22.035520 28.100025 0.000000
vt 22.498928 27.532752 0.000000
vt 22.870893 27.772465 0.000000
vt 23.749803 27.336344 0.000000
vt 23.059659 26.537837 0.000000
vt 23.449290 26.591709 0.000000
vt 23.713417 26.081289 0.000000
vt 24.399653 26.594042 0.000000
vt 24.399653 25.657174 0.000000
vt 24.633006 26.735316 0.000000
vt 25.451208 25.923955 0.000000
vt 25.350015 25.657174 0.000000
vt 26.131187 24.858038 0.000000
vt 25.350015 24.719384 0.000000
vt 25.279507 24.335360 0.000000
vt 24.840022 24.971400 0.000000
vt 17.747116 29.408331 0.000000
vt 16.397699 30.346120 0.000000
vt 16.796753 29.408331 0.000000
vt 15.846391 29.408331 0.000000
vt 16.796753 28.470542 0.000000
vt 15.846391 28.470542 0.000000
vt 16.678274 28.347523 0.000000
vt 14.934249 28.425964 0.000000
vt 14.896028 28.470542 0.000000
vt 14.032615 28.420955 0.000000
vt 13.945666 28.470542 0.000000
vt 13.110484 28.384372 0.000000
vt 13.945666 29.408331 0.000000
vt 12.202458 29.408331 0.000000
vt 12.753766 30.346120 0.000000
vt 10.931799 30.346120 0.000000
vt 14.575733 30.346120 0.000000
vt 14.896028 29.408331 0.000000
vt 10.459249 29.408331 0.000000
vt 9.109833 30.346120 0.000000
vt 8.716041 29.408331 0.000000
vt 7.287866 30.346120 0.000000
vt 6.972833 29.408331 0.000000
vt 5.465900 30.346120 0.000000
vt 5.229625 29.408331 0.000000
vt 3.643933 30.346120 0.000000
vt 3.486416 29.408331 0.000000
vt 1.821967 30.346120 0.000000
vt 1.743208 29.408331 0.000000
vt 0.000000 30.346120 0.000000
vt 0.000000 16.279280 0.000000
vt 1.758711 15.341491 0.000000
vt 1.743208 16.279280 0.000000
vt 3.529972 15.516568 0.000000
vt 3.486416 16.279280 0.000000
vt 3.887521 19.649049 0.000000
vt 3.486416 17.217069 0.000000
vt 3.486416 18.154859 0.000000
vt 1.743208 18.154859 0.000000
vt 1.743208 18.623753 0.000000
vt 0.000000 18.623753 0.000000
vt 4.766159 22.405667 0.000000
vt 3.486416 20.499332 0.000000
vt 3.486416 20.030437 0.000000
vt 3.486416 19.561543 0.000000
vt 1.743208 20.030437 0.000000
vt 1.743208 19.561543 0.000000
vt 0.000000 20.030437 0.000000
vt 5.969280 24.080975 0.000000
vt 5.229625 23.781595 0.000000
vt 4.056925 23.238027 0.000000
vt 3.632534 22.488704 0.000000
vt 7.341936 25.058572 0.000000
vt 6.097752 25.214905 0.000000
vt 4.648071 24.024220 0.000000
vt 8.793716 25.598143 0.000000
vt 8.716041 25.662480 0.000000
vt 7.644212 25.899349 0.000000
vt 9.196287 26.272608 0.000000
vt 10.258013 25.845652 0.000000
vt 10.728740 26.438956 0.000000
vt 11.705756 25.884705 0.000000
vt 12.215271 26.442597 0.000000
vt 13.167796 25.748104 0.000000
vt 13.621947 26.299678 0.000000
vt 13.945666 25.651019 0.000000
vt 14.936307 26.014413 0.000000
vt 14.896028 25.653920 0.000000
vt 15.846391 25.656820 0.000000
vt 14.641929 25.427323 0.000000
vt 16.028133 24.940750 0.000000
vt 17.297846 24.332211 0.000000
vt 16.796753 24.723232 0.000000
vt 16.138672 25.595792 0.000000
vt 18.453152 23.617937 0.000000
vt 18.238865 24.406659 0.000000
vt 17.239912 25.052523 0.000000
vt 19.478582 22.762895 0.000000
vt 19.143483 23.675400 0.000000
vt 18.697478 23.781595 0.000000
vt 19.647841 22.843806 0.000000
vt 19.913721 22.284671 0.000000
vt 19.965924 22.862251 0.000000
vt 20.651387 22.046696 0.000000
vt 20.276243 21.787555 0.000000
vt 20.598203 21.906016 0.000000
vt 20.598203 21.437122 0.000000
vt 21.191691 21.302807 0.000000
vt 20.564775 21.272935 0.000000
vt 20.781532 20.729286 0.000000
vt 20.917847 20.150945 0.000000
vt 21.548566 20.501699 0.000000
vt 21.639813 20.649360 0.000000
vt 21.548566 20.030437 0.000000
vt 20.957776 19.552294 0.000000
vt 22.031633 20.172291 0.000000
vt 3.486416 21.906016 0.000000
vt 3.362226 21.936205 0.000000
vt 3.317972 21.856505 0.000000
vt 3.299625 21.830072 0.000000
vt 3.283441 21.814759 0.000000
vt 3.486416 21.437122 0.000000
vt 3.277969 21.813089 0.000000
vt 3.274284 21.813912 0.000000
vt 1.743208 21.437122 0.000000
vt 3.269777 21.818842 0.000000
vt 1.743208 21.906016 0.000000
vt 3.268357 21.822041 0.000000
vt 3.267160 21.825902 0.000000
vt 3.266196 21.830316 0.000000
vt 3.265464 21.835104 0.000000
vt 3.264404 21.849751 0.000000
vt 3.265034 21.880637 0.000000
vt 3.278634 21.994517 0.000000
vt 1.743208 22.374911 0.000000
vt 3.522448 22.937613 0.000000
vt 1.743208 22.843806 0.000000
vt 1.743208 23.781595 0.000000
vt 0.000000 23.781595 0.000000
vt 3.486416 23.781595 0.000000
vt 4.030616 24.150194 0.000000
vt 3.486416 24.719384 0.000000
vt 5.613515 26.127230 0.000000
vt 3.486416 25.657174 0.000000
vt 5.229625 26.594963 0.000000
vt 3.486416 26.594963 0.000000
vt 5.229625 27.531623 0.000000
vt 3.486416 27.531999 0.000000
vt 5.229625 28.470542 0.000000
vt 3.486416 28.470542 0.000000
vt 7.417482 27.214905 0.000000
vt 6.972833 27.531247 0.000000
vt 6.972833 28.470542 0.000000
vt 8.357223 27.570461 0.000000
vt 8.716041 28.470542 0.000000
vt 9.314737 27.843823 0.000000
vt 10.271880 28.050479 0.000000
vt 10.459249 28.470542 0.000000
vt 11.223419 28.203689 0.000000
vt 12.202458 28.470542 0.000000
vt 12.169913 28.313015 0.000000
vt 17.747116 28.470542 0.000000
vt 18.389619 28.143659 0.000000
vt 18.697478 28.470542 0.000000
vt 20.048638 27.793874 0.000000
vt 19.647841 28.470542 0.000000
vt 21.615253 27.272175 0.000000
vt 24.310657 25.559472 0.000000
vt 26.300378 23.781595 0.000000
vt 25.621056 23.665316 0.000000
vt 26.580447 23.657354 0.000000
vt 25.859066 22.980322 0.000000
vt 21.117672 28.740001 0.000000
vt 21.340152 28.807658 0.000000
vt 21.642503 28.867681 0.000000
vt 0.000000 29.408331 0.000000
vt 1.743208 28.470542 0.000000
vt 0.000000 28.470542 0.000000
vt 1.743208 27.532376 0.000000
vt 1.743208 25.657174 0.000000
vt 0.000000 25.657174 0.000000
vt 1.743208 24.719384 0.000000
vt 0.000000 24.719384 0.000000
vt 0.000000 22.843806 0.000000
vt 0.000000 22.374911 0.000000
vt 0.000000 21.906016 0.000000
vt 0.000000 21.437122 0.000000
vt 1.743208 20.968227 0.000000
vt 0.000000 20.968227 0.000000
vt 1.743208 20.499332 0.000000
vt 0.000000 20.499332 0.000000
vt 0.000000 19.561543 0.000000
vt 1.743208 19.092648 0.000000
vt 0.000000 19.092648 0.000000
vt 0.000000 18.154859 0.000000
vt 1.743208 17.217069 0.000000
vt 0.000000 17.217069 0.000000
vt 3.486416 19.092648 0.000000
vt 3.486416 20.968227 0.000000
vt 0.000000 26.594963 0.000000
vt 1.743208 26.594963 0.000000
vt 3.486416 18.623753 0.000000
vt 4.890312 3.572257 0.000000
vt 3.408680 3.892002 0.000000
vt 4.633905 3.304293 0.000000
vt 3.575298 2.949060 0.000000
vt 2.519340 2.601481 0.000000
vt 2.439157 3.695875 0.000000
vt 1.612367 3.292687 0.000000
vt 1.471589 2.263771 0.000000
vt 0.941399 2.698201 0.000000
vt 0.439432 1.938148 0.000000
vt -4.889777 3.572257 0.000000
vt -4.633398 3.304293 0.000000
vt -3.408307 3.892002 0.000000
vt -3.574907 2.949060 0.000000
vt -2.519064 2.601481 0.000000
vt -1.471428 2.263771 0.000000
vt -1.610942 3.291844 0.000000
vt -2.437545 3.695454 0.000000
vt -0.439384 1.938148 0.000000
vt -0.940400 2.697159 0.000000
vt -32.026978 9.000462 0.000000
vt -33.119415 9.125037 0.000000
vt -33.161937 8.970321 0.000000
vt -34.238303 9.125037 0.000000
vt -33.119415 8.594885 0.000000
vt -34.081990 8.053433 0.000000
vt -33.119415 8.212534 0.000000
vt -33.119415 7.300030 0.000000
vt -31.208680 7.300030 0.000000
vt -31.208680 6.387526 0.000000
vt -29.193895 6.667575 0.000000
vt -29.729225 5.963440 0.000000
vt -31.208680 5.475022 0.000000
vt -29.951488 5.531459 0.000000
vt -30.114955 5.048820 0.000000
vt -31.208680 4.562519 0.000000
vt -30.166392 4.781212 0.000000
vt -30.188973 4.498880 0.000000
vt -30.176492 4.211939 0.000000
vt -31.208680 3.650288 0.000000
vt -30.125015 3.924674 0.000000
vt -30.035546 3.650500 0.000000
vt -29.913486 3.397270 0.000000
vt -31.237913 1.913894 0.000000
vt -29.594680 2.959383 0.000000
vt -29.297944 1.823188 0.000000
vt -28.799407 2.331636 0.000000
vt -27.919940 1.928993 0.000000
vt -29.062828 0.000000 0.000000
vt -26.116324 1.506206 0.000000
vt -26.086822 0.000000 0.000000
vt -24.297142 1.358337 0.000000
vt -23.110816 0.000000 0.000000
vt -22.928826 1.337337 0.000000
vt -21.622813 0.000000 0.000000
vt -21.655002 1.318480 0.000000
vt -20.381179 1.299623 0.000000
vt -21.125805 1.510849 0.000000
vt -20.665973 1.604800 0.000000
vt -20.465640 1.681295 0.000000
vt -20.430466 1.704680 0.000000
vt -20.415185 1.718291 0.000000
vt -20.402441 1.733615 0.000000
vt -20.397288 1.742202 0.000000
vt -20.393246 1.751657 0.000000
vt -19.107355 1.280766 0.000000
vt -19.107355 1.815607 0.000000
vt -17.833531 1.816399 0.000000
vt -19.107355 1.931688 0.000000
vt -17.833531 1.932732 0.000000
vt -19.362630 2.603340 0.000000
vt -17.434088 2.236563 0.000000
vt -16.559708 1.817191 0.000000
vt -17.833531 1.261908 0.000000
vt -16.559708 1.243051 0.000000
vt -17.158805 0.000000 0.000000
vt -15.670802 0.000000 0.000000
vt -30.938534 9.163849 0.000000
vt -31.208680 10.037541 0.000000
vt -33.119415 10.037541 0.000000
vt -33.119415 10.950045 0.000000
vt -34.238303 10.950045 0.000000
vt -33.598638 11.515115 0.000000
vt -35.357191 11.751604 0.000000
vt -28.905690 9.763081 0.000000
vt -29.297944 10.037541 0.000000
vt -31.208680 10.950045 0.000000
vt -29.297944 10.950045 0.000000
vt -29.297944 11.331849 0.000000
vt -27.387209 11.202485 0.000000
vt -28.296949 12.014528 0.000000
vt -27.387209 11.863939 0.000000
vt -26.675414 12.572646 0.000000
vt -25.476473 11.862806 0.000000
vt -25.476473 12.775052 0.000000
vt -23.738136 12.832544 0.000000
vt -25.202779 13.478421 0.000000
vt -24.594458 14.108797 0.000000
vt -22.255113 14.128088 0.000000
vt -22.928826 14.600060 0.000000
vt -21.655002 15.816732 0.000000
vt -22.928826 15.816732 0.000000
vt -22.928826 17.033403 0.000000
vt -23.720954 16.274366 0.000000
vt -23.677869 16.778977 0.000000
vt -23.678060 17.292368 0.000000
vt -23.721521 17.796773 0.000000
vt -22.928826 18.250075 0.000000
vt -23.809291 18.285277 0.000000
vt -23.942158 18.751444 0.000000
vt -22.928826 19.466747 0.000000
vt -24.118389 19.186279 0.000000
vt -24.337899 19.590744 0.000000
vt -24.889005 20.294827 0.000000
vt -23.739857 21.235780 0.000000
vt -25.549948 20.858804 0.000000
vt -25.476473 21.900248 0.000000
vt -26.284756 21.305560 0.000000
vt -27.387209 21.900606 0.000000
vt -27.865762 21.931829 0.000000
vt -27.387209 23.116762 0.000000
vt -29.297944 23.116762 0.000000
vt -28.888248 24.297250 0.000000
vt -29.297944 24.333433 0.000000
vt -30.929995 24.901051 0.000000
vt -31.208680 24.333433 0.000000
vt -32.023467 25.065926 0.000000
vt -33.119415 24.333433 0.000000
vt -33.161937 25.096485 0.000000
vt -34.238303 24.333433 0.000000
vt -34.661798 24.169334 0.000000
vt -34.238303 23.116762 0.000000
vt -35.357191 22.315202 0.000000
vt -33.317464 22.566259 0.000000
vt -27.038092 10.617097 0.000000
vt -27.387209 10.950045 0.000000
vt -26.157306 11.119215 0.000000
vt -25.317067 11.658612 0.000000
vt -20.860498 15.524981 0.000000
vt -20.381179 17.033403 0.000000
vt -21.655002 17.033403 0.000000
vt -21.655002 18.250075 0.000000
vt -19.537629 17.033403 0.000000
vt -20.860627 18.541650 0.000000
vt -22.258208 19.941463 0.000000
vt -25.331552 22.417968 0.000000
vt -27.037751 23.449032 0.000000
vt -31.089508 25.420076 0.000000
vt -33.119415 25.550105 0.000000
vt -34.082894 26.010333 0.000000
vt -29.139910 25.319075 0.000000
vt -29.297944 25.550105 0.000000
vt -31.208680 25.550105 0.000000
vt -33.119415 26.766777 0.000000
vt -33.621820 27.861573 0.000000
vt -33.119415 27.983040 0.000000
vt -33.119415 29.200120 0.000000
vt -31.208680 29.200120 0.000000
vt -33.281888 29.761092 0.000000
vt -31.208680 30.416791 0.000000
vt -31.208680 31.633463 0.000000
vt -29.604755 31.096467 0.000000
vt -29.297944 31.633463 0.000000
vt -29.270631 31.412606 0.000000
vt -28.519257 31.886139 0.000000
vt -27.387209 25.550105 0.000000
vt -27.338596 24.874491 0.000000
vt -25.797936 25.227772 0.000000
vt -25.530832 24.900064 0.000000
vt -25.635559 24.180165 0.000000
vt -25.476473 24.333433 0.000000
vt -24.842593 24.443312 0.000000
vt -25.217720 24.648884 0.000000
vt -24.373022 24.271246 0.000000
vt -24.029503 23.363398 0.000000
vt -23.803753 24.140557 0.000000
vt -22.928826 23.116762 0.000000
vt -22.592715 24.039321 0.000000
vt -21.655002 23.116762 0.000000
vt -21.655002 24.007955 0.000000
vt -20.382206 23.649998 0.000000
vt -20.369727 24.074092 0.000000
vt -22.432033 22.503124 0.000000
vt -20.785079 21.665640 0.000000
vt -20.381179 21.900090 0.000000
vt -20.381179 23.116762 0.000000
vt -20.039361 22.903383 0.000000
vt -20.171930 23.065919 0.000000
vt -19.090847 20.905025 0.000000
vt -19.107355 21.900090 0.000000
vt -19.308487 22.467205 0.000000
vt -18.412098 22.282040 0.000000
vt -17.833531 21.900090 0.000000
vt -17.502602 22.240074 0.000000
vt -16.559708 21.900090 0.000000
vt -16.559708 22.216586 0.000000
vt -15.676299 22.430955 0.000000
vt -16.589350 22.285991 0.000000
vt -17.344224 20.239265 0.000000
vt -17.833531 20.683380 0.000000
vt -16.559708 20.683309 0.000000
vt -15.543743 19.660419 0.000000
vt -15.285884 20.683238 0.000000
vt -15.285884 20.008832 0.000000
vt -13.757296 20.034974 0.000000
vt -13.757296 19.466747 0.000000
vt -12.661531 20.230009 0.000000
vt -12.228707 19.466747 0.000000
vt -12.462884 20.163509 0.000000
vt -12.228707 20.061116 0.000000
vt -12.041228 20.090563 0.000000
vt -11.569166 20.072395 0.000000
vt -10.700119 19.466747 0.000000
vt -11.054183 20.091263 0.000000
vt -10.473829 20.132320 0.000000
vt -9.695718 20.194874 0.000000
vt -9.171530 19.466747 0.000000
vt -8.749996 20.271081 0.000000
vt -7.642942 19.466747 0.000000
vt -7.825653 20.367280 0.000000
vt -6.949392 20.546850 0.000000
vt -6.114354 19.466747 0.000000
vt -6.114354 20.683418 0.000000
vt -4.585765 19.466747 0.000000
vt -4.585765 20.683418 0.000000
vt -3.057177 19.466747 0.000000
vt -3.057177 20.683418 0.000000
vt -1.763784 21.438410 0.000000
vt -3.057177 21.900090 0.000000
vt -3.057177 23.116762 0.000000
vt -4.585765 23.116762 0.000000
vt -3.057177 24.336261 0.000000
vt -4.585765 24.340217 0.000000
vt -3.057177 25.550105 0.000000
vt -4.585765 25.550105 0.000000
vt -4.585765 26.766777 0.000000
vt -6.008550 25.856187 0.000000
vt -6.114354 26.766777 0.000000
vt -6.645670 26.088668 0.000000
vt -7.642942 26.766777 0.000000
vt -7.314195 26.147973 0.000000
vt -8.000822 26.087983 0.000000
vt -8.703501 27.103868 0.000000
vt -9.171530 26.766777 0.000000
vt -10.011672 26.668152 0.000000
vt -9.457356 25.686475 0.000000
vt -10.660008 26.380657 0.000000
vt -10.202530 25.359211 0.000000
vt -10.700119 25.550105 0.000000
vt -10.926247 24.957133 0.000000
vt -11.869405 25.647699 0.000000
vt -12.395702 25.209651 0.000000
vt -13.708308 19.159085 0.000000
vt -11.905508 18.725623 0.000000
vt -10.141031 18.330011 0.000000
vt -9.171530 18.250075 0.000000
vt -7.642942 18.250075 0.000000
vt -8.437073 17.942916 0.000000
vt -6.827927 17.530696 0.000000
vt -6.114354 18.250075 0.000000
vt -5.321254 17.033403 0.000000
vt -4.585765 18.250075 0.000000
vt -4.585765 17.033403 0.000000
vt -3.057177 17.033403 0.000000
vt -3.057177 15.816732 0.000000
vt -1.694546 14.777716 0.000000
vt -3.057177 14.600060 0.000000
vt -3.057177 12.775052 0.000000
vt -4.585765 14.600060 0.000000
vt -4.585765 12.775052 0.000000
vt -5.810542 12.853344 0.000000
vt -5.498716 12.455848 0.000000
vt -7.056405 16.472513 0.000000
vt -6.114354 15.816732 0.000000
vt -4.585765 15.816732 0.000000
vt -7.642942 15.816732 0.000000
vt -8.924570 16.010369 0.000000
vt -9.171530 15.816732 0.000000
vt -9.904995 15.789278 0.000000
vt -9.171530 14.600060 0.000000
vt -10.700119 14.600060 0.000000
vt -9.996714 13.895968 0.000000
vt -10.876365 13.964866 0.000000
vt -11.631196 13.994159 0.000000
vt -12.228707 14.600060 0.000000
vt -12.259356 13.947650 0.000000
vt -12.536758 13.881657 0.000000
vt -13.757296 14.600060 0.000000
vt -12.787656 13.778329 0.000000
vt -13.007180 13.632232 0.000000
vt -13.189427 13.440304 0.000000
vt -13.757296 12.775052 0.000000
vt -13.323193 13.213815 0.000000
vt -13.408216 12.964742 0.000000
vt -13.448409 12.706004 0.000000
vt -13.450409 12.445054 0.000000
vt -13.757296 11.862549 0.000000
vt -13.362338 11.931676 0.000000
vt -13.168153 11.418225 0.000000
vt -13.757296 10.950045 0.000000
vt -12.867827 10.896207 0.000000
vt -13.428328 10.028039 0.000000
vt -12.468545 10.383543 0.000000
vt -12.228707 10.036772 0.000000
vt -11.975827 9.890028 0.000000
vt -12.228707 9.125037 0.000000
vt -11.418963 9.440805 0.000000
vt -11.913693 8.452765 0.000000
vt -10.824169 9.047299 0.000000
vt -11.417874 8.108499 0.000000
vt -10.700119 8.212534 0.000000
vt -10.834462 7.774095 0.000000
vt -10.700119 7.779481 0.000000
vt -10.216352 7.483302 0.000000
vt -9.569319 8.424323 0.000000
vt -9.171530 7.840767 0.000000
vt -9.171530 8.212534 0.000000
vt -8.288457 8.031440 0.000000
vt -10.909313 15.566072 0.000000
vt -11.925481 15.336595 0.000000
vt -12.954164 15.094542 0.000000
vt -13.996785 14.833668 0.000000
vt -15.050546 14.548678 0.000000
vt -16.097369 14.238962 0.000000
vt -15.285884 12.775052 0.000000
vt -16.559708 12.775052 0.000000
vt -17.125839 13.903629 0.000000
vt -17.833531 12.775052 0.000000
vt -18.109824 13.549343 0.000000
vt -19.043930 13.180226 0.000000
vt -19.107355 12.775052 0.000000
vt -20.751688 12.417702 0.000000
vt -20.381179 11.862549 0.000000
vt -21.655002 11.862549 0.000000
vt -20.381179 10.950045 0.000000
vt -21.655002 10.950045 0.000000
vt -20.376194 10.465624 0.000000
vt -21.655002 10.030202 0.000000
vt -20.390430 10.250528 0.000000
vt -20.375660 10.034647 0.000000
vt -21.423986 9.657542 0.000000
vt -21.123022 9.380816 0.000000
vt -22.247603 11.660933 0.000000
vt -22.928826 10.950045 0.000000
vt -23.668725 10.897266 0.000000
vt -22.928826 10.026999 0.000000
vt -23.371532 9.987246 0.000000
vt -22.773002 10.026318 0.000000
vt -25.081244 10.156564 0.000000
vt -24.136555 9.858324 0.000000
vt -24.924670 9.584659 0.000000
vt -25.293855 9.365249 0.000000
vt -26.532460 9.492331 0.000000
vt -25.618190 9.075542 0.000000
vt -25.873576 8.708256 0.000000
vt -27.387209 9.125037 0.000000
vt -27.387209 8.212534 0.000000
vt -28.033926 8.982221 0.000000
vt -29.297944 8.212534 0.000000
vt -29.648397 8.682751 0.000000
vt -31.208680 8.212534 0.000000
vt -31.360793 8.664509 0.000000
vt -5.083548 9.458281 0.000000
vt -4.585765 9.125037 0.000000
vt -5.019471 9.725467 0.000000
vt -4.585765 10.037541 0.000000
vt -4.976149 10.014842 0.000000
vt -4.955668 10.321375 0.000000
vt -4.958871 10.630271 0.000000
vt -4.585765 10.950045 0.000000
vt -4.984417 10.935713 0.000000
vt -5.092741 11.505289 0.000000
vt -4.585765 11.861652 0.000000
vt -5.261433 12.001789 0.000000
vt -5.166036 9.215595 0.000000
vt -5.372034 8.813164 0.000000
vt -4.585765 8.212534 0.000000
vt -5.877153 8.292576 0.000000
vt -4.585765 7.300030 0.000000
vt -6.114354 7.300030 0.000000
vt -4.585765 6.387526 0.000000
vt -6.114354 6.387526 0.000000
vt -5.983126 6.229703 0.000000
vt -6.194699 6.333928 0.000000
vt -6.629369 6.472511 0.000000
vt -7.135300 6.592133 0.000000
vt -7.642942 7.300030 0.000000
vt -7.718896 6.720311 0.000000
vt -8.958520 7.035780 0.000000
vt -9.171530 7.300030 0.000000
vt -6.441716 8.028815 0.000000
vt -7.038159 7.926301 0.000000
vt -7.642942 7.902053 0.000000
vt -10.203710 8.708185 0.000000
vt -8.182407 13.742432 0.000000
vt -7.642942 14.600060 0.000000
vt -7.340011 13.618207 0.000000
vt -6.114354 14.600060 0.000000
vt -6.544146 13.368305 0.000000
vt -5.094080 24.644156 0.000000
vt -5.019471 24.341340 0.000000
vt -4.971748 24.008686 0.000000
vt -4.954219 23.657353 0.000000
vt -4.967407 23.301983 0.000000
vt -5.008729 22.958188 0.000000
vt -4.585765 21.900090 0.000000
vt -5.165555 22.318355 0.000000
vt -5.420818 21.740570 0.000000
vt -5.753960 21.274203 0.000000
vt -6.127860 20.938843 0.000000
vt -12.850404 20.323624 0.000000
vt -13.020547 20.445915 0.000000
vt -13.166968 20.597563 0.000000
vt -13.757296 20.683152 0.000000
vt -13.283624 20.773470 0.000000
vt -13.368549 20.966554 0.000000
vt -13.423865 21.174811 0.000000
vt -13.450882 21.398132 0.000000
vt -13.757296 21.900090 0.000000
vt -13.420022 21.880994 0.000000
vt -13.757296 22.146776 0.000000
vt -13.274799 22.400019 0.000000
vt -13.757296 23.116762 0.000000
vt -13.014065 22.938744 0.000000
vt -12.641915 23.477246 0.000000
vt -12.162045 24.003342 0.000000
vt -13.192102 24.341372 0.000000
vt -13.778069 23.597438 0.000000
vt -14.285119 23.081422 0.000000
vt -14.870563 22.707486 0.000000
vt -15.285884 22.184854 0.000000
vt -15.285884 21.900090 0.000000
vt -12.228707 24.335957 0.000000
vt -11.587198 24.499727 0.000000
vt -8.718504 25.931114 0.000000
vt -5.429399 25.337090 0.000000
vt -5.190179 24.910128 0.000000
vt -5.819104 6.097723 0.000000
vt -5.760236 6.017871 0.000000
vt -5.735382 5.968134 0.000000
vt -5.716216 5.910513 0.000000
vt -4.585765 5.475022 0.000000
vt -3.057177 5.475022 0.000000
vt -3.057177 4.562053 0.000000
vt -2.934158 4.304774 0.000000
vt -3.057177 4.305834 0.000000
vt -3.643104 2.438133 0.000000
vt -4.585765 3.650015 0.000000
vt -4.585765 1.824636 0.000000
vt -5.990898 3.585914 0.000000
vt -6.509903 3.205475 0.000000
vt -5.709569 5.878458 0.000000
vt -5.705431 5.844889 0.000000
vt -5.704005 5.810636 0.000000
vt -5.705284 5.775852 0.000000
vt -5.714997 5.708831 0.000000
vt -5.731957 5.646767 0.000000
vt -5.778772 5.538217 0.000000
vt -5.836482 5.443830 0.000000
vt -4.585765 4.558185 0.000000
vt -5.975195 5.278888 0.000000
vt -6.114354 4.554316 0.000000
vt -6.604707 4.852718 0.000000
vt -7.499023 4.550811 0.000000
vt -8.676197 4.383571 0.000000
vt -7.642942 4.345341 0.000000
vt -7.336492 3.957694 0.000000
vt -6.702786 4.035822 0.000000
vt -10.102202 4.380427 0.000000
vt -9.171530 4.358509 0.000000
vt -8.930232 3.834422 0.000000
vt -8.086414 3.883458 0.000000
vt -11.601029 4.543662 0.000000
vt -10.693350 3.861273 0.000000
vt -13.022491 4.843953 0.000000
vt -12.228707 4.572069 0.000000
vt -11.594454 3.947067 0.000000
vt -14.387972 5.270088 0.000000
vt -13.757296 4.565087 0.000000
vt -13.382483 4.282570 0.000000
vt -12.494130 4.086358 0.000000
vt -15.712803 5.809547 0.000000
vt -15.285884 5.475022 0.000000
vt -15.081955 4.843411 0.000000
vt -14.244430 4.534839 0.000000
vt -16.987383 6.444886 0.000000
vt -16.678187 5.623993 0.000000
vt -15.896901 5.209233 0.000000
vt -17.422463 6.080521 0.000000
vt -18.160024 7.173903 0.000000
vt -18.798923 7.098090 0.000000
vt -19.126493 7.961998 0.000000
vt -20.028212 8.228130 0.000000
vt -19.845895 8.789781 0.000000
vt -20.381179 9.125037 0.000000
vt -20.099146 9.205739 0.000000
vt -20.275666 9.614465 0.000000
vt -20.329097 10.676132 0.000000
vt -20.247137 10.875312 0.000000
vt -20.132186 11.055683 0.000000
vt -19.986241 11.215631 0.000000
vt -19.630985 11.462623 0.000000
vt -19.212397 11.630794 0.000000
vt -19.107355 11.862549 0.000000
vt -18.189291 11.804564 0.000000
vt -17.833531 11.862549 0.000000
vt -17.035992 11.813603 0.000000
vt -16.559708 11.862549 0.000000
vt -15.879077 11.679403 0.000000
vt -15.285884 11.862549 0.000000
vt -15.354374 11.548310 0.000000
vt -14.939352 11.391609 0.000000
vt -14.336636 11.026810 0.000000
vt -13.864218 10.570641 0.000000
vt -12.945006 9.427386 0.000000
vt -12.325015 8.792630 0.000000
vt -6.079923 27.784086 0.000000
vt -5.819104 27.969084 0.000000
vt -4.585765 27.983448 0.000000
vt -5.773632 28.027416 0.000000
vt -5.736348 28.096384 0.000000
vt -5.722010 28.135530 0.000000
vt -5.711238 28.178943 0.000000
vt -5.705103 28.226180 0.000000
vt -5.704362 28.274916 0.000000
vt -5.708885 28.323772 0.000000
vt -5.717818 28.370490 0.000000
vt -5.745315 28.456531 0.000000
vt -4.585765 29.199301 0.000000
vt -5.821124 28.600178 0.000000
vt -6.009251 28.821179 0.000000
vt -6.114354 29.198607 0.000000
vt -6.259884 29.019454 0.000000
vt -6.946835 29.355734 0.000000
vt -6.180443 29.976274 0.000000
vt -6.933945 30.060295 0.000000
vt -6.457501 27.642285 0.000000
vt -7.473976 27.400457 0.000000
vt -11.284517 26.040836 0.000000
vt -12.830505 24.768664 0.000000
vt -19.702479 22.643535 0.000000
vt -19.880371 22.761900 0.000000
vt -20.274677 23.248091 0.000000
vt -20.344932 23.445573 0.000000
vt -20.249711 24.525068 0.000000
vt -20.381179 24.333433 0.000000
vt -21.438454 24.397629 0.000000
vt -21.682034 24.232984 0.000000
vt -21.945188 24.123106 0.000000
vt -20.026610 24.993118 0.000000
vt -20.875280 24.944731 0.000000
vt -21.178381 24.631726 0.000000
vt -20.519660 25.325683 0.000000
vt -19.707330 25.465590 0.000000
vt -20.107042 25.758083 0.000000
vt -19.298192 25.934687 0.000000
vt -19.091795 26.720145 0.000000
vt -18.807134 26.392778 0.000000
vt -17.638842 27.239581 0.000000
vt -16.280800 27.989624 0.000000
vt -16.559708 27.988078 0.000000
vt -17.936194 27.633853 0.000000
vt -14.807665 28.638741 0.000000
vt -15.495952 29.045957 0.000000
vt -16.736190 28.409083 0.000000
vt -13.296140 29.148341 0.000000
vt -13.757296 29.200260 0.000000
vt -14.212389 29.543160 0.000000
vt -11.786032 29.491758 0.000000
vt -12.915206 29.895146 0.000000
vt -11.629533 30.115340 0.000000
vt -10.322835 29.672902 0.000000
vt -10.363748 30.224398 0.000000
vt -9.139636 30.238509 0.000000
vt -9.007784 29.700187 0.000000
vt -7.960664 30.172763 0.000000
vt -7.873291 29.590307 0.000000
vt -6.180443 4.090533 0.000000
vt -6.114354 4.332172 0.000000
vt -5.913123 4.086254 0.000000
vt -5.801275 4.050724 0.000000
vt -5.778141 4.033134 0.000000
vt -4.585765 4.319003 0.000000
vt -5.767873 4.021914 0.000000
vt -5.758713 4.008281 0.000000
vt -5.751078 3.990896 0.000000
vt -5.748276 3.980697 0.000000
vt -5.746381 3.969459 0.000000
vt -5.745557 3.957675 0.000000
vt -5.745798 3.945550 0.000000
vt -5.747010 3.933443 0.000000
vt -5.749021 3.921643 0.000000
vt -5.754847 3.899165 0.000000
vt -5.762396 3.878018 0.000000
vt -5.780738 3.838979 0.000000
vt -5.833600 3.757364 0.000000
vt -6.114354 1.823686 0.000000
vt -7.282411 2.824262 0.000000
vt -7.642942 1.822736 0.000000
vt -7.796733 2.635288 0.000000
vt -8.402003 2.457244 0.000000
vt -9.171530 1.821785 0.000000
vt -9.093052 2.298509 0.000000
vt -9.864939 2.164634 0.000000
vt -10.712829 2.059226 0.000000
vt -10.700119 1.820835 0.000000
vt -10.700119 1.156308 0.000000
vt -9.171530 1.133679 0.000000
vt -7.642942 1.111051 0.000000
vt -6.114354 1.088422 0.000000
vt -4.585765 1.065794 0.000000
vt -4.418551 1.063318 0.000000
vt -5.254781 0.000000 0.000000
vt -6.742784 0.000000 0.000000
vt -8.230787 0.000000 0.000000
vt -9.718790 0.000000 0.000000
vt -11.206793 0.000000 0.000000
vt -12.228707 1.178937 0.000000
vt -12.694796 0.000000 0.000000
vt -13.757296 1.201565 0.000000
vt -14.182799 0.000000 0.000000
vt -15.285884 1.224194 0.000000
vt -11.624801 1.985209 0.000000
vt -12.555676 1.945183 0.000000
vt -12.228707 1.819884 0.000000
vt -13.499190 1.937532 0.000000
vt -14.456544 1.961406 0.000000
vt -13.757296 1.936072 0.000000
vt -13.757296 1.818934 0.000000
vt -15.285884 1.817983 0.000000
vt -15.285884 1.934820 0.000000
vt -15.429201 2.017189 0.000000
vt -16.425144 2.107647 0.000000
vt -16.559708 1.933776 0.000000
vt -20.381179 1.930644 0.000000
vt -21.129221 3.115538 0.000000
vt -21.423396 2.214401 0.000000
vt -22.776552 2.666944 0.000000
vt -22.711726 3.785510 0.000000
vt -22.928826 3.646320 0.000000
vt -24.116785 4.654744 0.000000
vt -24.217431 3.339213 0.000000
vt -25.003303 3.863799 0.000000
vt -25.476473 4.562519 0.000000
vt -25.759884 4.574574 0.000000
vt -25.476473 5.475022 0.000000
vt -26.320437 5.372157 0.000000
vt -25.271788 5.768163 0.000000
vt -26.668687 6.134140 0.000000
vt -25.735491 6.484830 0.000000
vt -26.902162 6.809245 0.000000
vt -25.914076 6.893259 0.000000
vt -27.011600 7.087506 0.000000
vt -26.037640 7.335617 0.000000
vt -27.141812 7.318375 0.000000
vt -27.225632 7.415424 0.000000
vt -27.325107 7.492919 0.000000
vt -26.084985 7.802050 0.000000
vt -26.072791 8.039607 0.000000
vt -26.033781 8.272486 0.000000
vt -25.967437 8.496072 0.000000
vt -22.358906 10.015592 0.000000
vt -22.074152 9.976174 0.000000
vt -21.727177 9.857444 0.000000
vt -22.255999 24.060692 0.000000
vt -25.988036 25.629973 0.000000
vt -26.047037 25.856620 0.000000
vt -26.078746 26.092142 0.000000
vt -27.387209 26.428200 0.000000
vt -26.063424 26.574681 0.000000
vt -27.246478 26.632161 0.000000
vt -27.141197 26.749416 0.000000
vt -27.052646 26.894663 0.000000
vt -25.956091 27.049387 0.000000
vt -26.901238 27.261282 0.000000
vt -25.778232 27.495824 0.000000
vt -26.540856 28.250708 0.000000
vt -25.244809 28.332371 0.000000
vt -26.235608 28.841591 0.000000
vt -25.476473 29.200120 0.000000
vt -25.837043 29.401485 0.000000
vt -24.866593 30.305226 0.000000
vt -24.472311 29.125222 0.000000
vt -23.499248 29.836845 0.000000
vt -22.379798 30.443078 0.000000
vt -22.928826 30.410135 0.000000
vt -23.842985 30.930221 0.000000
vt -21.153480 30.942852 0.000000
vt -21.655002 31.634158 0.000000
vt -21.823219 31.728065 0.000000
vt -20.381179 31.636328 0.000000
vt -19.821003 31.349729 0.000000
vt -19.107355 31.638499 0.000000
vt -18.360798 31.675622 0.000000
vt -19.107355 32.850135 0.000000
vt -17.833531 32.850135 0.000000
vt -18.646807 34.066806 0.000000
vt -17.158805 34.066806 0.000000
vt -16.559708 32.850135 0.000000
vt -15.670802 34.066806 0.000000
vt -15.285884 32.850135 0.000000
vt -14.182799 34.066806 0.000000
vt -13.757296 32.850135 0.000000
vt -12.694796 34.066806 0.000000
vt -12.228707 32.850135 0.000000
vt -11.206793 34.066806 0.000000
vt -10.700119 32.850135 0.000000
vt -9.718790 34.066806 0.000000
vt -9.171530 32.850135 0.000000
vt -8.230787 34.066806 0.000000
vt -7.642942 32.850135 0.000000
vt -6.742784 34.066806 0.000000
vt -6.114354 32.850135 0.000000
vt -5.254781 34.066806 0.000000
vt -4.585765 32.850135 0.000000
vt -3.945287 32.223720 0.000000
vt -4.585765 31.633463 0.000000
vt -4.585765 30.418590 0.000000
vt -5.929207 30.420379 0.000000
vt -5.803740 30.266719 0.000000
vt -16.790950 31.916959 0.000000
vt -15.134607 32.069800 0.000000
vt -13.469119 32.129445 0.000000
vt -11.826008 32.093200 0.000000
vt -10.226668 31.951774 0.000000
vt -8.871171 31.721390 0.000000
vt -8.311451 31.585259 0.000000
vt -7.642942 31.633463 0.000000
vt -7.837797 31.444987 0.000000
vt -7.078419 31.155500 0.000000
vt -6.114354 31.633463 0.000000
vt -6.466181 30.834673 0.000000
vt -5.778137 30.222903 0.000000
vt -5.757183 30.174781 0.000000
vt -5.749352 30.146766 0.000000
vt -4.585765 29.968085 0.000000
vt -5.746755 30.131437 0.000000
vt -5.745553 30.115429 0.000000
vt -5.746178 30.099179 0.000000
vt -5.748824 30.083765 0.000000
vt -5.753320 30.069795 0.000000
vt -5.759163 30.057734 0.000000
vt -5.773475 30.038399 0.000000
vt -5.790631 30.023230 0.000000
vt -5.830303 30.001655 0.000000
vt -5.924146 29.979006 0.000000
vt -20.441641 1.849161 0.000000
vt -20.407082 1.814799 0.000000
vt -20.381179 1.814815 0.000000
vt -20.395259 1.794562 0.000000
vt -20.391717 1.783756 0.000000
vt -20.390167 1.772691 0.000000
vt -20.390738 1.761932 0.000000
vt -21.729282 1.436284 0.000000
vt -22.484398 1.380122 0.000000
vt -29.297944 7.300030 0.000000
vt -28.633948 7.164215 0.000000
vt -28.088486 7.475367 0.000000
vt -27.820791 7.557201 0.000000
vt -27.560510 7.571552 0.000000
vt -27.437652 7.545132 0.000000
vt -20.844707 2.030742 0.000000
vt -20.584699 1.930478 0.000000
vt -20.482938 1.877726 0.000000
vt -20.397810 32.266744 0.000000
vt -20.407082 32.252007 0.000000
vt -20.434181 32.223789 0.000000
vt -20.471414 32.196345 0.000000
vt -20.575019 32.140686 0.000000
vt -20.888455 32.021109 0.000000
vt -27.368437 26.549975 0.000000
vt -27.498664 26.505161 0.000000
vt -27.631504 26.490944 0.000000
vt -27.762347 26.499699 0.000000
vt -28.267067 26.674095 0.000000
vt -29.297944 26.766777 0.000000
vt -28.754835 26.994099 0.000000
vt -29.651226 27.980094 0.000000
vt -29.990364 28.629668 0.000000
vt -31.208680 27.981417 0.000000
vt -31.208680 26.766777 0.000000
vt -30.108106 28.991228 0.000000
vt -30.176807 29.372118 0.000000
vt -30.185032 29.755261 0.000000
vt -30.129819 30.122787 0.000000
vt -30.020602 30.452458 0.000000
vt -29.853359 30.770049 0.000000
vt -27.005957 32.400134 0.000000
vt -27.387209 32.850135 0.000000
vt -29.297944 32.850135 0.000000
vt -31.185330 32.205463 0.000000
vt -25.476473 32.850135 0.000000
vt -25.342706 32.649371 0.000000
vt -23.655393 32.717859 0.000000
vt -22.863602 32.703756 0.000000
vt -22.928826 32.850135 0.000000
vt -23.110816 34.066806 0.000000
vt -26.086822 34.066806 0.000000
vt -29.062828 34.066806 0.000000
vt -22.176573 32.667829 0.000000
vt -21.655002 32.850135 0.000000
vt -21.622813 34.066806 0.000000
vt -20.381179 32.850135 0.000000
vt -20.134810 34.066806 0.000000
vt -21.599094 32.617095 0.000000
vt -21.102282 32.552255 0.000000
vt -20.635534 32.452878 0.000000
vt -20.451302 32.376847 0.000000
vt -20.418714 32.351959 0.000000
vt -20.405331 32.337193 0.000000
vt -20.395251 32.320319 0.000000
vt -20.392065 32.311242 0.000000
vt -20.390368 32.301852 0.000000
vt -20.390254 32.292567 0.000000
vt -20.391611 32.283501 0.000000
vt -20.394220 32.274849 0.000000
vt -33.119415 23.116762 0.000000
vt -31.371268 22.534569 0.000000
vt -31.208680 23.116762 0.000000
vt -29.566655 22.321921 0.000000
vt -23.808340 15.785650 0.000000
vt -23.940485 15.320228 0.000000
vt -24.116171 14.885245 0.000000
vt -24.335776 14.479496 0.000000
vt -25.906515 12.973637 0.000000
vt -30.036780 11.671462 0.000000
vt -31.208680 11.461213 0.000000
vt -31.849674 11.504610 0.000000
vt -34.660907 9.894677 0.000000
vt -34.238303 10.037541 0.000000
vt -33.621253 6.202358 0.000000
vt -33.119415 6.387526 0.000000
vt -33.119415 5.475022 0.000000
vt -33.281888 4.305715 0.000000
vt -33.119415 4.562519 0.000000
vt -20.134810 0.000000 0.000000
vt -18.646807 0.000000 0.000000
vt -2.360881 6.731911 0.000000
vt -3.057177 6.387526 0.000000
vt -2.003726 9.304176 0.000000
vt -3.057177 8.212534 0.000000
vt -3.057177 7.300030 0.000000
vt -1.803142 11.857634 0.000000
vt -3.057177 10.950045 0.000000
vt -3.057177 10.037541 0.000000
vt -3.057177 9.125037 0.000000
vt -3.057177 11.859445 0.000000
vt -1.677902 18.154042 0.000000
vt -3.057177 18.250075 0.000000
vt -1.974541 24.473320 0.000000
vt -2.333817 27.180683 0.000000
vt -3.057177 26.766777 0.000000
vt -3.057177 27.983448 0.000000
vt -2.811561 29.339056 0.000000
vt -3.057177 29.199994 0.000000
vt 36.698791 4.012938 0.000000
vt 37.617697 -0.001882 0.000000
vt 38.271404 3.549611 0.000000
vt 39.538460 2.744785 0.000000
vt 38.952269 3.741926 0.000000
vt 35.035717 4.309895 0.000000
vt 35.764286 3.353577 0.000000
vt 36.322842 2.301174 0.000000
vt 36.676076 1.174463 0.000000
vt 36.797976 -0.002381 0.000000
vt 36.676220 -1.173806 0.000000
vt 36.323667 -2.299213 0.000000
vt 36.698791 -4.012938 0.000000
vt 38.271404 -3.549611 0.000000
vt 40.126719 1.862480 0.000000
vt 35.764866 -3.352626 0.000000
vt 35.035717 -4.309895 0.000000
vt 36.459535 -4.279464 0.000000
vt 38.372101 -4.833139 0.000000
vt 38.952269 -3.741926 0.000000
vt 39.538460 -2.744785 0.000000
vt 34.522159 -4.846328 0.000000
vt 34.522159 -7.021754 0.000000
vt 36.586487 -5.989187 0.000000
vt 40.126719 -1.862480 0.000000
vt 40.713235 -1.115773 0.000000
vt 40.713235 1.115773 0.000000
vt 38.372101 4.833139 0.000000
vt 36.538649 6.016094 0.000000
vt 36.459535 4.279464 0.000000
vt 34.522159 4.846328 0.000000
vt 34.522159 7.021754 0.000000
vt 0.707495 -7.339251 0.000000
vt 0.579955 -4.131253 0.000000
vt 0.318878 -6.110441 0.000000
vt 0.471895 -3.132368 0.000000
vt 0.396162 -2.102419 0.000000
vt 1.147760 -8.451821 0.000000
vt 0.898286 -5.978889 0.000000
vt 0.721657 -5.084568 0.000000
vt 1.648388 -9.410963 0.000000
vt 1.364048 -7.550001 0.000000
vt 1.112063 -6.805210 0.000000
vt 2.219390 -10.177312 0.000000
vt 1.973129 -8.737280 0.000000
vt 1.650734 -8.194185 0.000000
vt 2.859304 -10.708070 0.000000
vt 2.726515 -9.517970 0.000000
vt 2.332931 -9.179670 0.000000
vt 3.153262 -9.756922 0.000000
vt 3.586406 -10.997544 0.000000
vt 3.615036 -9.903750 0.000000
vt 4.426962 -11.047481 0.000000
vt 4.657934 -9.949972 0.000000
vt 5.397828 -10.880150 0.000000
vt 5.916369 -9.712490 0.000000
vt 6.558363 -10.539461 0.000000
vt 6.672144 -9.501108 0.000000
vt 7.243715 -10.319529 0.000000
vt 7.470849 -9.260740 0.000000
vt 7.934713 -10.102510 0.000000
vt 8.170624 -9.048401 0.000000
vt 8.591877 -9.905136 0.000000
vt 8.898651 -8.829336 0.000000
vt 9.184998 -9.731559 0.000000
vt 9.688433 -8.586936 0.000000
vt 9.764965 -9.562444 0.000000
vt 10.346307 -9.387973 0.000000
vt 11.458704 -9.021038 0.000000
vt 11.266605 -8.028267 0.000000
vt 10.488954 -8.321877 0.000000
vt 12.015180 -7.693957 0.000000
vt 12.599593 -8.571554 0.000000
vt 13.354954 -6.904809 0.000000
vt 13.224219 -8.284693 0.000000
vt 13.894932 -7.938740 0.000000
vt 14.467519 -5.958661 0.000000
vt 14.613183 -7.521744 0.000000
vt 15.379590 -4.843182 0.000000
vt 15.379590 -7.021754 0.000000
vt 0.351438 -1.054073 0.000000
vt 0.318878 -0.000000 0.000000
vt 0.336708 0.000000 0.000000
vt 0.379959 1.797857 0.000000
vt 0.318878 6.110441 0.000000
vt 0.512877 3.552823 0.000000
vt 0.614943 4.394421 0.000000
vt 0.660202 7.202844 0.000000
vt 0.741651 5.199010 0.000000
vt 0.893860 5.959226 0.000000
vt 1.041463 8.208147 0.000000
vt 1.072919 6.669663 0.000000
vt 1.280439 7.324720 0.000000
vt 1.468311 9.100084 0.000000
vt 1.514425 7.910244 0.000000
vt 1.773649 8.420631 0.000000
vt 1.946921 9.850688 0.000000
vt 2.059057 8.856715 0.000000
vt 2.371691 9.219034 0.000000
vt 2.476633 10.427392 0.000000
vt 2.708898 9.505515 0.000000
vt 3.068288 10.820888 0.000000
vt 3.456702 9.864515 0.000000
vt 3.739588 11.025695 0.000000
vt 4.312668 9.968507 0.000000
vt 4.494550 11.041999 0.000000
vt 5.306245 9.853229 0.000000
vt 5.354328 10.890886 0.000000
vt 6.360736 10.602072 0.000000
vt 6.502490 9.550814 0.000000
vt 7.587177 10.210515 0.000000
vt 8.010792 9.096782 0.000000
vt 8.307815 9.989297 0.000000
vt 8.890219 8.831965 0.000000
vt 9.043802 9.772528 0.000000
vt 9.811147 8.547999 0.000000
vt 9.834800 9.541859 0.000000
vt 10.626221 9.300582 0.000000
vt 10.722817 8.238164 0.000000
vt 11.395943 9.043529 0.000000
vt 11.548215 7.909432 0.000000
vt 12.161022 8.754869 0.000000
vt 12.325021 7.536479 0.000000
vt 12.936151 8.420448 0.000000
vt 12.771680 7.285353 0.000000
vt 13.303670 6.941097 0.000000
vt 13.715238 8.035250 0.000000
vt 14.432498 5.994209 0.000000
vt 14.521533 7.577858 0.000000
vt 15.379590 4.843182 0.000000
vt 15.379590 7.021754 0.000000
vt 27.613513 0.863651 0.000000
vt 28.242858 0.000000 0.000000
vt 29.159236 0.419621 0.000000
vt 29.153918 0.000000 0.000000
vt 29.159236 0.000000 0.000000
vt 27.331798 0.000000 0.000000
vt 26.213128 1.425652 0.000000
vt 25.509678 0.000000 0.000000
vt 25.661874 1.689549 0.000000
vt 25.240588 1.902522 0.000000
vt 23.687558 0.000000 0.000000
vt 24.579572 2.229464 0.000000
vt 23.952177 2.475895 0.000000
vt 23.309861 2.579444 0.000000
vt 22.662298 2.493429 0.000000
vt 21.865438 0.000000 0.000000
vt 21.986114 2.275609 0.000000
vt 20.536019 1.775280 0.000000
vt 20.043319 0.000000 0.000000
vt 19.007297 1.365431 0.000000
vt 18.221199 0.000000 0.000000
vt 17.410509 1.042554 0.000000
vt 16.399079 0.000000 0.000000
vt 15.732098 0.785329 0.000000
vt 14.576959 0.000000 0.000000
vt 13.957835 0.579758 0.000000
vt 12.754839 0.000000 0.000000
vt 13.031205 0.493415 0.000000
vt 12.079292 0.416832 0.000000
vt 10.932719 0.000000 0.000000
vt 11.111515 0.349912 0.000000
vt 10.126421 0.291746 0.000000
vt 9.110599 0.000000 0.000000
vt 9.121322 0.241355 0.000000
vt 8.102653 0.198195 0.000000
vt 7.288479 0.000000 0.000000
vt 7.085307 0.162178 0.000000
vt 6.068324 0.132560 0.000000
vt 5.466360 0.000000 0.000000
vt 5.050334 0.108580 0.000000
vt 4.032126 0.089580 0.000000
vt 3.644240 0.000000 0.000000
vt 2.007006 0.065372 0.000000
vt 1.822120 0.000000 0.000000
vt 0.000000 0.057778 0.000000
vt 0.000000 0.000000 0.000000
vt -1.172250 0.060330 0.000000
vt 0.000000 0.000000 0.000000
vt -1.821718 0.000000 0.000000
vt -2.351228 0.068272 0.000000
vt -3.643436 0.000000 0.000000
vt -3.536189 0.082032 0.000000
vt -4.726474 0.102040 0.000000
vt -5.465154 0.000000 0.000000
vt -5.918990 0.128750 0.000000
vt -7.286871 0.000000 0.000000
vt -7.110913 0.163085 0.000000
vt -8.304296 0.206249 0.000000
vt -9.108589 0.000000 0.000000
vt -9.493337 0.259117 0.000000
vt -10.930307 0.000000 0.000000
vt -10.656487 0.322002 0.000000
vt -11.796368 0.396383 0.000000
vt -12.752025 0.000000 0.000000
vt -12.915614 0.483730 0.000000
vt -14.000699 0.584314 0.000000
vt -14.573743 0.000000 0.000000
vt -15.049321 0.699514 0.000000
vt -16.395461 0.000000 0.000000
vt -16.063994 0.831182 0.000000
vt -17.999634 1.152156 0.000000
vt -18.217179 0.000000 0.000000
vt -19.830820 1.572841 0.000000
vt -20.038896 0.000000 0.000000
vt -20.718558 1.833575 0.000000
vt -21.860614 0.000000 0.000000
vt -21.513296 2.104724 0.000000
vt -22.111101 2.321797 0.000000
vt -22.663456 2.494860 0.000000
vt -23.682332 0.000000 0.000000
vt -23.219700 2.578551 0.000000
vt -23.778885 2.520749 0.000000
vt -24.352905 2.327434 0.000000
vt -24.961715 2.041618 0.000000
vt -25.504050 0.000000 0.000000
vt -26.264003 1.400670 0.000000
vt -27.325768 0.000000 0.000000
vt -27.657249 0.846556 0.000000
vt -28.236627 0.000000 0.000000
vt -29.152802 0.419621 0.000000
vt -29.147486 0.000000 0.000000
vt -29.152802 0.000000 0.000000
vt 2.178572 0.000000 0.000000
vt 2.178572 0.419621 0.000000
vt 2.175426 0.000000 0.000000
vt 0.000000 0.419621 0.000000
vt 0.000000 0.000000 0.000000
vt 28.740433 0.419621 0.000000
vt 27.624011 0.776531 0.000000
vt 28.740433 0.000000 0.000000
vt 25.797440 0.000000 0.000000
vt 26.689925 1.129326 0.000000
vt 25.905441 1.465652 0.000000
vt 25.243222 1.773151 0.000000
vt 22.854448 0.000000 0.000000
vt 24.175573 2.262008 0.000000
vt 23.260292 2.542032 0.000000
vt 22.805171 2.579517 0.000000
vt 22.347830 2.539836 0.000000
vt 21.858239 2.430652 0.000000
vt 21.382951 0.000000 0.000000
vt 21.266048 2.252394 0.000000
vt 20.559453 2.028992 0.000000
vt 19.911455 0.000000 0.000000
vt 19.750171 1.794337 0.000000
vt 18.439958 0.000000 0.000000
vt 18.088144 1.396230 0.000000
vt 16.968462 0.000000 0.000000
vt 16.382292 1.078494 0.000000
vt 15.496965 0.000000 0.000000
vt 14.650502 0.822793 0.000000
vt 14.025469 0.000000 0.000000
vt 12.945269 0.618892 0.000000
vt 12.553972 0.000000 0.000000
vt 11.271861 0.455504 0.000000
vt 11.082476 0.000000 0.000000
vt 9.630613 0.321361 0.000000
vt 9.610980 0.000000 0.000000
vt 8.139483 0.000000 0.000000
vt 8.067150 0.212921 0.000000
vt 6.667987 0.000000 0.000000
vt 6.588497 0.125669 0.000000
vt 5.196490 0.000000 0.000000
vt 5.196490 0.054617 0.000000
vt 12.220881 0.054617 0.000000
vt 6.110441 0.054617 0.000000
vt 12.220881 0.000000 0.000000
vt 6.110441 0.000000 0.000000
vt 0.000000 0.054617 0.000000
vt 0.000000 0.000000 0.000000
vt -5.196342 0.054617 0.000000
vt -6.423396 0.116874 0.000000
vt -5.196342 0.000000 0.000000
vt -6.667796 0.000000 0.000000
vt -7.719143 0.191473 0.000000
vt -8.139251 0.000000 0.000000
vt -9.081906 0.281598 0.000000
vt -9.610705 0.000000 0.000000
vt -10.506557 0.390104 0.000000
vt -11.082159 0.000000 0.000000
vt -11.964532 0.519182 0.000000
vt -12.553614 0.000000 0.000000
vt -13.455639 0.675918 0.000000
vt -14.025068 0.000000 0.000000
vt -14.984224 0.867904 0.000000
vt -15.496523 0.000000 0.000000
vt -16.510512 1.099896 0.000000
vt -16.967977 0.000000 0.000000
vt -18.017604 1.381533 0.000000
vt -18.439432 0.000000 0.000000
vt -19.493637 1.726033 0.000000
vt -19.910886 0.000000 0.000000
vt -20.922498 2.142757 0.000000
vt -21.382340 0.000000 0.000000
vt -21.609532 2.359737 0.000000
vt -22.233406 2.519560 0.000000
vt -22.853795 0.000000 0.000000
vt -22.859035 2.579215 0.000000
vt -23.482234 2.495906 0.000000
vt -24.120612 2.284374 0.000000
vt -24.812549 1.977234 0.000000
vt -25.796704 0.000000 0.000000
vt -25.591896 1.609169 0.000000
vt -26.471152 1.219249 0.000000
vt -27.498084 0.820470 0.000000
vt -28.739613 0.000000 0.000000
vt -28.739613 0.419621 0.000000
vt 2.178572 -0.000000 0.000000
vt 2.178572 0.419621 0.000000
vt 0.003146 0.000000 0.000000
vt -0.000000 0.419621 0.000000
vt 0.000000 0.000000 0.000000
vt -19.495026 0.957555 0.000000
vt -19.495026 -0.957555 0.000000
vt -18.410187 1.993163 0.000000
vt -18.410187 -1.993163 0.000000
vt -16.803206 -2.415226 0.000000
vt -16.553784 2.476585 0.000000
vt -15.261544 -2.768481 0.000000
vt -14.839518 2.851898 0.000000
vt -13.645524 -3.049960 0.000000
vt -13.214853 3.103193 0.000000
vt -12.010651 -3.190964 0.000000
vt -11.583470 3.196081 0.000000
vt -10.334632 -3.114126 0.000000
vt -9.895623 3.045035 0.000000
vt -9.452339 -2.950286 0.000000
vt -9.014805 2.828861 0.000000
vt -8.566446 -2.671578 0.000000
vt -8.137937 2.484592 0.000000
vt -7.710755 -2.254199 0.000000
vt -7.314124 1.988761 0.000000
vt -7.310731 -1.986224 0.000000
vt -6.951989 1.684510 0.000000
vt -6.948207 -1.680904 0.000000
vt -6.642367 1.348428 0.000000
vt -6.639336 -1.344632 0.000000
vt -6.395329 0.982553 0.000000
vt -6.393506 -0.979307 0.000000
vt -6.223447 -0.593892 0.000000
vt -6.137049 -0.197872 0.000000
vt -6.137437 0.201415 0.000000
vt -6.224586 0.597304 0.000000
vt 2.964004 1.115773 0.000000
vt 2.964004 -1.115773 0.000000
vt 3.258118 0.957555 0.000000
vt 3.258118 -0.957555 0.000000
vt 5.030329 6.110441 0.000000
vt 3.653538 4.751253 0.000000
vt 5.030329 -0.000000 0.000000
vt 3.171376 -0.000000 0.000000
vt 3.338509 -4.390694 0.000000
vt 2.602845 -3.439319 0.000000
vt 2.011885 -2.487508 0.000000
vt 1.984073 2.435063 0.000000
vt 1.645463 -1.699207 0.000000
vt 1.615764 1.620458 0.000000
vt 1.440330 -1.056522 0.000000
vt 1.400270 0.881832 0.000000
vt 1.329530 -0.430369 0.000000
vt 1.312423 0.209112 0.000000
vt 2.476114 3.254136 0.000000
vt 4.149169 -5.276483 0.000000
vt 5.030329 -6.110441 0.000000
vt 28.756324 14.328237 0.000000
vt 28.883799 14.328506 0.000000
vt 29.797612 14.958485 0.000000
vt 29.607107 14.330035 0.000000
vt 29.912050 14.759566 0.000000
vt 30.050342 14.581576 0.000000
vt 30.226046 14.421659 0.000000
vt 30.330416 14.331564 0.000000
vt 30.453931 14.279063 0.000000
vt 30.330416 13.629638 0.000000
vt 30.779966 14.144679 0.000000
vt 31.053725 13.629638 0.000000
vt 31.243302 14.028482 0.000000
vt 31.777033 13.629638 0.000000
vt 32.287239 13.934224 0.000000
vt 32.500342 13.629638 0.000000
vt 32.818007 13.972528 0.000000
vt 33.223650 13.629638 0.000000
vt 33.330010 14.129395 0.000000
vt 33.946959 13.629638 0.000000
vt 33.562421 14.289996 0.000000
vt 33.946959 14.331648 0.000000
vt 33.756186 14.529160 0.000000
vt 33.831290 14.679144 0.000000
vt 33.889196 14.847540 0.000000
vt 33.946959 15.033657 0.000000
vt 33.949028 15.214553 0.000000
vt 34.760277 15.033657 0.000000
vt 34.760277 15.735666 0.000000
vt 35.573595 15.033657 0.000000
vt 35.573595 15.735666 0.000000
vt 36.610406 15.635773 0.000000
vt 35.573595 16.437675 0.000000
vt 35.573595 17.139685 0.000000
vt 34.760277 17.139685 0.000000
vt 35.475180 17.923591 0.000000
vt 34.760277 17.841694 0.000000
vt 34.760277 18.543703 0.000000
vt 33.946959 18.543703 0.000000
vt 34.236247 19.139640 0.000000
vt 33.946959 19.245713 0.000000
vt 33.000632 19.947722 0.000000
vt 33.223650 19.245713 0.000000
vt 32.860245 18.885127 0.000000
vt 33.223650 18.543703 0.000000
vt 32.574290 17.963824 0.000000
vt 33.223650 17.841694 0.000000
vt 33.182989 17.371661 0.000000
vt 33.946959 17.841694 0.000000
vt 33.946959 17.139685 0.000000
vt 34.760277 16.437675 0.000000
vt 28.669490 14.075069 0.000000
vt 28.883799 13.629638 0.000000
vt 29.607107 13.629638 0.000000
vt 29.607107 12.927629 0.000000
vt 30.330416 12.927629 0.000000
vt 30.330416 12.225620 0.000000
vt 31.053725 12.225620 0.000000
vt 31.053725 11.523610 0.000000
vt 31.777033 11.523610 0.000000
vt 31.777033 10.821601 0.000000
vt 32.500342 10.821601 0.000000
vt 32.500342 10.119592 0.000000
vt 33.223650 10.119592 0.000000
vt 33.223650 9.417582 0.000000
vt 33.946959 9.417582 0.000000
vt 33.946959 8.715573 0.000000
vt 34.760277 8.715573 0.000000
vt 34.760277 7.674702 0.000000
vt 35.573595 7.674702 0.000000
vt 35.573595 6.633831 0.000000
vt 36.611041 4.702258 0.000000
vt 35.573595 5.592960 0.000000
vt 35.573595 4.552089 0.000000
vt 34.760277 5.592960 0.000000
vt 34.760277 4.552089 0.000000
vt 33.949589 5.112806 0.000000
vt 33.943887 4.758107 0.000000
vt 28.522080 13.842703 0.000000
vt 28.318843 13.647852 0.000000
vt 28.067677 13.495507 0.000000
vt 27.783904 13.386152 0.000000
vt 28.160490 12.927629 0.000000
vt 28.883799 12.927629 0.000000
vt 27.437182 12.927629 0.000000
vt 27.481885 13.313266 0.000000
vt 26.849776 13.242230 0.000000
vt 26.713873 12.927629 0.000000
vt 25.652741 12.524303 0.000000
vt 26.713873 12.225620 0.000000
vt 25.990565 12.225620 0.000000
vt 26.713873 11.523610 0.000000
vt 25.990565 11.523610 0.000000
vt 26.713873 10.821601 0.000000
vt 25.990565 10.821601 0.000000
vt 26.713873 10.119592 0.000000
vt 25.990565 10.119592 0.000000
vt 26.713873 9.417582 0.000000
vt 25.990565 9.417582 0.000000
vt 26.713873 8.715573 0.000000
vt 25.990565 8.715573 0.000000
vt 26.713873 7.674702 0.000000
vt 25.990565 7.674702 0.000000
vt 26.849776 7.094098 0.000000
vt 25.654964 7.810910 0.000000
vt 25.267256 8.715573 0.000000
vt 25.267256 9.417582 0.000000
vt 24.543947 9.417582 0.000000
vt 24.543947 10.119592 0.000000
vt 23.820639 10.119592 0.000000
vt 23.820639 10.821601 0.000000
vt 23.421212 10.999450 0.000000
vt 24.543947 10.821601 0.000000
vt 24.543947 11.523610 0.000000
vt 25.267256 10.821601 0.000000
vt 25.267256 11.523610 0.000000
vt 25.267256 12.225620 0.000000
vt 24.510309 11.779899 0.000000
vt 22.374022 10.168164 0.000000
vt 23.097330 10.119592 0.000000
vt 23.422023 9.336183 0.000000
vt 23.820639 9.417582 0.000000
vt 24.513780 8.553975 0.000000
vt 24.543947 8.715573 0.000000
vt 27.437182 7.674702 0.000000
vt 27.493672 7.020842 0.000000
vt 27.795276 6.946709 0.000000
vt 28.160490 7.674702 0.000000
vt 28.076613 6.836458 0.000000
vt 28.326163 6.682880 0.000000
vt 28.526304 6.488455 0.000000
vt 28.883799 6.633831 0.000000
vt 28.883799 7.674702 0.000000
vt 28.160490 8.715573 0.000000
vt 27.437182 8.715573 0.000000
vt 27.437182 9.417582 0.000000
vt 28.670846 6.258377 0.000000
vt 28.756324 6.008091 0.000000
vt 29.607107 6.633831 0.000000
vt 29.607107 5.592960 0.000000
vt 30.419791 6.039150 0.000000
vt 30.152343 5.854527 0.000000
vt 29.953690 5.636643 0.000000
vt 29.797612 5.377842 0.000000
vt 30.330416 6.633831 0.000000
vt 30.803808 6.199334 0.000000
vt 31.053725 6.633831 0.000000
vt 31.737993 6.376345 0.000000
vt 31.777033 6.633831 0.000000
vt 32.500342 6.633831 0.000000
vt 31.777033 7.674702 0.000000
vt 32.500342 7.674702 0.000000
vt 31.777033 8.715573 0.000000
vt 32.500342 8.715573 0.000000
vt 31.777033 9.417582 0.000000
vt 32.500342 9.417582 0.000000
vt 31.777033 10.119592 0.000000
vt 32.703036 6.379355 0.000000
vt 33.223650 6.633831 0.000000
vt 33.223650 7.674702 0.000000
vt 33.223650 8.715573 0.000000
vt 33.177354 6.273778 0.000000
vt 33.404421 6.164906 0.000000
vt 33.612208 5.997700 0.000000
vt 33.782795 5.759802 0.000000
vt 33.946959 5.592960 0.000000
vt 33.946959 6.633831 0.000000
vt 33.897513 5.457442 0.000000
vt 33.946959 4.552089 0.000000
vt 33.803633 4.086308 0.000000
vt 33.946959 3.511218 0.000000
vt 33.524265 3.458891 0.000000
vt 33.946959 2.470347 0.000000
vt 33.108152 2.876396 0.000000
vt 33.223650 2.470347 0.000000
vt 32.574290 2.372503 0.000000
vt 32.860287 1.451012 0.000000
vt 33.223650 1.429476 0.000000
vt 33.000632 0.388605 0.000000
vt 34.237409 1.197567 0.000000
vt 35.477349 2.415587 0.000000
vt 34.760277 2.470347 0.000000
vt 33.946959 1.429476 0.000000
vt 35.573595 3.511218 0.000000
vt 37.200231 10.152590 0.000000
vt 35.573595 8.715573 0.000000
vt 34.760277 9.417582 0.000000
vt 33.946959 10.119592 0.000000
vt 33.223650 10.821601 0.000000
vt 32.500342 11.523610 0.000000
vt 31.777033 12.225620 0.000000
vt 31.053725 12.927629 0.000000
vt 35.573595 12.225620 0.000000
vt 35.573595 11.523610 0.000000
vt 35.573595 10.821601 0.000000
vt 34.760277 11.523610 0.000000
vt 34.760277 10.821601 0.000000
vt 33.946959 11.523610 0.000000
vt 33.946959 10.821601 0.000000
vt 33.223650 11.523610 0.000000
vt 33.623169 16.691492 0.000000
vt 33.946959 16.437675 0.000000
vt 33.882932 15.963740 0.000000
vt 33.946959 15.735666 0.000000
vt 33.942303 15.595506 0.000000
vt 35.573595 9.417582 0.000000
vt 35.573595 10.119592 0.000000
vt 35.573595 12.927629 0.000000
vt 34.760277 12.927629 0.000000
vt 34.760277 12.225620 0.000000
vt 33.946959 12.927629 0.000000
vt 33.946959 12.225620 0.000000
vt 33.223650 12.927629 0.000000
vt 33.223650 12.225620 0.000000
vt 32.500342 12.927629 0.000000
vt 32.500342 12.225620 0.000000
vt 31.777033 12.927629 0.000000
vt 35.573595 14.331648 0.000000
vt 34.760277 14.331648 0.000000
vt 34.760277 13.629638 0.000000
vt 35.573595 13.629638 0.000000
vt 27.437182 12.225620 0.000000
vt 27.437182 11.523610 0.000000
vt 27.437182 10.821601 0.000000
vt 27.437182 10.119592 0.000000
vt 28.160490 12.225620 0.000000
vt 28.160490 11.523610 0.000000
vt 28.160490 10.821601 0.000000
vt 28.160490 10.119592 0.000000
vt 28.160490 9.417582 0.000000
vt 28.883799 12.225620 0.000000
vt 28.883799 11.523610 0.000000
vt 28.883799 10.821601 0.000000
vt 28.883799 10.119592 0.000000
vt 28.883799 9.417582 0.000000
vt 28.883799 8.715573 0.000000
vt 29.607107 12.225620 0.000000
vt 29.607107 11.523610 0.000000
vt 29.607107 10.821601 0.000000
vt 29.607107 10.119592 0.000000
vt 29.607107 9.417582 0.000000
vt 29.607107 8.715573 0.000000
vt 29.607107 7.674702 0.000000
vt 30.330416 11.523610 0.000000
vt 31.053725 10.821601 0.000000
vt 30.330416 10.821601 0.000000
vt 30.330416 10.119592 0.000000
vt 30.330416 9.417582 0.000000
vt 30.330416 8.715573 0.000000
vt 30.330416 7.674702 0.000000
vt 25.267256 10.119592 0.000000
vt 31.053725 10.119592 0.000000
vt 34.760277 10.119592 0.000000
vt 31.053725 9.417582 0.000000
vt 31.053725 8.715573 0.000000
vt 31.053725 7.674702 0.000000
vt 33.946959 7.674702 0.000000
vt 34.760277 6.633831 0.000000
vt 34.760277 3.511218 0.000000
vt 14.862581 4.340908 0.000000
vt 14.497321 4.303609 0.000000
vt 14.414908 3.779411 0.000000
vt 14.083044 4.265646 0.000000
vt 13.989743 3.287847 0.000000
vt 13.854345 4.249387 0.000000
vt 13.576148 2.876336 0.000000
vt 13.617835 4.237351 0.000000
vt 13.377906 4.230696 0.000000
vt 13.365779 2.701885 0.000000
vt 13.143135 4.229857 0.000000
vt 13.134720 2.543356 0.000000
vt 12.919463 4.234091 0.000000
vt 12.883237 2.414400 0.000000
vt 12.706340 4.242334 0.000000
vt 12.750301 2.365525 0.000000
vt 12.616294 2.329834 0.000000
vt 12.309926 4.266549 0.000000
vt 12.349109 2.297839 0.000000
vt 12.091279 2.311817 0.000000
vt 11.590162 4.325105 0.000000
vt 11.611218 2.428709 0.000000
vt 11.156694 2.609473 0.000000
vt 10.866286 4.377101 0.000000
vt 10.235820 3.066947 0.000000
vt 10.130773 4.399547 0.000000
vt 9.758311 3.327000 0.000000
vt 9.758238 4.398528 0.000000
vt 9.358825 3.554043 0.000000
vt 9.329110 4.389287 0.000000
vt 9.070259 4.381323 0.000000
vt 9.021146 3.753913 0.000000
vt 8.924166 4.376434 0.000000
vt 8.766313 4.371038 0.000000
vt 8.703065 3.949603 0.000000
vt 8.601729 4.365414 0.000000
vt 8.396554 4.145934 0.000000
vt 8.431486 4.359700 0.000000
vt 8.260772 4.354121 0.000000
vt 8.092547 4.348750 0.000000
vt -11.860385 2.534697 0.000000
vt -12.005932 4.925817 0.000000
vt -12.283503 2.329831 0.000000
vt -12.363266 5.377662 0.000000
vt -12.577643 4.920535 0.000000
vt -12.802473 5.682138 0.000000
vt -12.695888 2.904887 0.000000
vt -13.101073 3.533940 0.000000
vt -13.149355 4.915252 0.000000
vt -13.721066 4.909969 0.000000
vt -13.266094 6.092792 0.000000
vt -13.843012 6.647718 0.000000
vt -11.410618 2.788776 0.000000
vt -11.434221 4.931100 0.000000
vt -11.869252 5.145357 0.000000
vt -10.930075 4.935759 0.000000
vt -10.586525 3.301936 0.000000
vt -10.468852 4.919972 0.000000
vt -10.175118 3.544895 0.000000
vt -9.955112 5.010964 0.000000
vt -9.761368 3.752760 0.000000
vt -9.719088 4.939418 0.000000
vt -9.679480 5.126233 0.000000
vt -9.546288 3.840018 0.000000
vt -9.532877 5.209760 0.000000
vt -9.433233 4.933373 0.000000
vt -9.380467 5.313624 0.000000
vt -9.298176 3.919511 0.000000
vt -9.225725 5.436814 0.000000
vt -9.161051 3.952913 0.000000
vt -9.147377 4.927328 0.000000
vt -9.011696 3.980398 0.000000
vt -9.004449 4.924305 0.000000
vt -8.861522 4.921282 0.000000
vt -8.914839 5.735279 0.000000
vt -8.765513 5.900408 0.000000
vt -8.718594 4.918260 0.000000
vt -8.575666 4.915237 0.000000
vt -8.690524 4.007337 0.000000
vt -8.388449 4.548958 0.000000
vt -8.853247 3.999200 0.000000
vt -8.772017 4.004678 0.000000
vt -8.094340 5.074937 0.000000
vt -8.289810 4.909192 0.000000
vt -8.432738 4.912215 0.000000
vt -8.478412 6.249930 0.000000
vt -7.809233 5.571203 0.000000
vt -7.902332 7.028919 0.000000
vt -8.191833 6.629302 0.000000
vt -7.609147 7.435825 0.000000
vt -7.525824 6.040878 0.000000
vt -7.309572 7.840056 0.000000
vt -7.233655 6.491500 0.000000
vt -7.001888 8.230499 0.000000
vt -6.929286 6.917612 0.000000
vt -6.367211 8.916185 0.000000
vt -6.303005 7.636923 0.000000
vt -5.686714 9.429370 0.000000
vt -5.656119 8.147439 0.000000
vt -4.951857 9.717349 0.000000
vt -4.966888 8.448284 0.000000
vt -4.273535 8.507773 0.000000
vt -4.229370 9.736429 0.000000
vt -3.648485 8.294726 0.000000
vt -3.583322 9.479717 0.000000
vt -3.125936 7.840752 0.000000
vt -3.012058 8.980938 0.000000
vt -2.671157 7.182509 0.000000
vt -2.507754 8.329936 0.000000
vt -2.250786 6.323259 0.000000
vt -2.045126 7.612585 0.000000
vt -1.857248 5.283300 0.000000
vt -1.607909 6.910727 0.000000
vt -1.715133 4.907044 0.000000
vt -1.492253 4.104938 0.000000
vt -1.429278 4.907044 0.000000
vt -1.159510 2.827952 0.000000
vt -1.143422 4.907044 0.000000
vt -0.880472 1.489116 0.000000
vt -0.857567 4.907044 0.000000
vt -0.737946 0.100747 0.000000
vt -0.714639 4.907044 0.000000
vt -0.638239 0.089813 0.000000
vt -0.643175 4.907044 0.000000
vt -0.583142 0.085257 0.000000
vt -0.571711 4.907044 0.000000
vt -0.525412 0.081620 0.000000
vt -0.500247 4.907044 0.000000
vt -0.466121 0.079094 0.000000
vt -0.428783 4.907044 0.000000
vt -0.408360 0.077808 0.000000
vt -0.357319 4.907044 0.000000
vt -0.352954 0.077658 0.000000
vt -0.301617 0.078462 0.000000
vt -0.285856 4.907044 0.000000
vt -0.210827 0.082084 0.000000
vt -0.214392 4.907044 0.000000
vt -0.142928 4.907044 0.000000
vt -0.176336 5.621910 0.000000
vt -0.083689 5.627962 0.000000
vt -0.000000 0.101115 0.000000
vt -0.000000 5.643137 0.000000
vt -0.131677 0.087508 0.000000
vt -0.226419 5.623459 0.000000
vt -0.280159 5.628961 0.000000
vt -0.336773 5.639098 0.000000
vt -0.393446 5.653737 0.000000
vt -0.448763 5.672374 0.000000
vt -0.500487 5.693680 0.000000
vt -0.593380 5.741302 0.000000
vt -0.744047 5.843554 0.000000
vt -0.973149 6.054955 0.000000
vt -1.186336 6.305054 0.000000
vt -9.069691 5.578464 0.000000
vt -11.384964 5.007995 0.000000
vt -13.912579 4.756099 0.000000
vt -14.164798 6.933227 0.000000
vt -14.373928 5.312734 0.000000
vt -14.504458 7.188948 0.000000
vt -14.873611 5.735288 0.000000
vt -14.860689 7.387914 0.000000
vt -15.208229 7.498502 0.000000
vt -15.352665 5.921816 0.000000
vt -15.542958 7.516860 0.000000
vt -15.800241 5.866354 0.000000
vt -15.865838 7.448408 0.000000
vt -16.213074 5.589223 0.000000
vt -16.484780 7.093778 0.000000
vt -16.593445 5.120838 0.000000
vt -17.085449 6.549629 0.000000
vt -16.941647 4.496570 0.000000
vt -17.151332 4.907044 0.000000
vt -17.257631 3.752922 0.000000
vt -17.682521 5.988360 0.000000
vt -17.540431 2.922375 0.000000
vt -17.723043 4.907044 0.000000
vt -17.784739 2.032633 0.000000
vt -18.008899 4.907044 0.000000
vt -17.975075 1.093965 0.000000
vt -18.065077 0.138000 0.000000
vt -18.294754 5.643137 0.000000
vt -18.294754 0.101115 0.000000
vt -17.984296 5.772632 0.000000
vt 0.786095 0.075435 0.000000
vt 0.658562 2.548667 0.000000
vt 0.603453 0.000000 0.000000
vt 0.595759 -0.000000 0.000000
vt 0.566846 -2.658293 0.000000
vt 0.500016 2.748681 0.000000
vt 0.438464 -2.839124 0.000000
vt 0.397172 -0.000002 0.000000
vt 0.299728 -3.065895 0.000000
vt 0.297879 -0.000003 0.000000
vt 0.226314 -3.197502 0.000000
vt 0.198586 -0.000004 0.000000
vt 0.151327 -3.339450 0.000000
vt 0.148940 -0.000005 0.000000
vt 0.099293 -0.000005 0.000000
vt 0.085949 3.468994 0.000000
vt 0.049647 -0.000006 0.000000
vt 0.000000 3.646909 0.000000
vt 0.000000 -3.646909 0.000000
vt 0.811188 2.407013 0.000000
vt 0.969520 0.175880 0.000000
vt 0.950916 2.325818 0.000000
vt 1.155051 0.300565 0.000000
vt 1.204004 2.294402 0.000000
vt 1.341257 0.446195 0.000000
vt 1.435057 2.363347 0.000000
vt 1.588690 2.222715 0.000000
vt 1.659729 2.465745 0.000000
vt 1.698862 0.769874 0.000000
vt 1.883389 2.556634 0.000000
vt 2.048044 1.113656 0.000000
vt 1.985862 2.148701 0.000000
vt 2.070880 2.609992 0.000000
vt 2.184449 2.111694 0.000000
vt 2.218357 1.278765 0.000000
vt 2.217592 2.642610 0.000000
vt 2.356840 2.679274 0.000000
vt 2.387350 1.433598 0.000000
vt 2.383035 2.074687 0.000000
vt 2.496834 2.739347 0.000000
vt 2.556186 1.574020 0.000000
vt 2.581621 2.037680 0.000000
vt 2.638678 2.841479 0.000000
vt 2.725502 1.695158 0.000000
vt 2.714409 2.918554 0.000000
vt 2.780207 2.000673 0.000000
vt 2.794777 3.019904 0.000000
vt 2.879500 1.982169 0.000000
vt 2.877864 3.146670 0.000000
vt 2.900273 1.794168 0.000000
vt 2.962938 3.299381 0.000000
vt 2.978793 1.963666 0.000000
vt 3.010243 1.840840 0.000000
vt 3.077665 1.862992 0.000000
vt 3.028440 1.954414 0.000000
vt 3.047581 3.472942 0.000000
vt 3.078087 1.945162 0.000000
vt 3.115114 1.873100 0.000000
vt 3.130029 3.660450 0.000000
vt 3.127733 1.935910 0.000000
vt 3.155332 1.882175 0.000000
vt 3.177380 1.926658 0.000000
vt 3.197274 1.889654 0.000000
vt 3.211098 3.859921 0.000000
vt 3.227026 1.917407 0.000000
vt 3.292050 4.070925 0.000000
vt 3.276673 1.908155 0.000000
vt 3.281934 1.898508 0.000000
vt 3.240127 1.895183 0.000000
vt 3.321663 1.899771 0.000000
vt 3.393879 1.897338 0.000000
vt 3.454434 4.516763 0.000000
vt 3.455758 1.890437 0.000000
vt 3.565200 1.867558 0.000000
vt 3.619273 4.977501 0.000000
vt 3.658242 1.837728 0.000000
vt 3.787515 5.429220 0.000000
vt 3.777447 2.609720 0.000000
vt 3.922148 3.310165 0.000000
vt 3.958492 5.843899 0.000000
vt 4.068499 3.859875 0.000000
vt 4.133419 6.199351 0.000000
vt 4.214256 4.281200 0.000000
vt 4.311271 6.470872 0.000000
vt 4.364514 4.593411 0.000000
vt 4.493478 6.641388 0.000000
vt 4.518244 4.785413 0.000000
vt 4.678414 6.695689 0.000000
vt 4.673425 4.844578 0.000000
vt 4.827399 4.762215 0.000000
vt 4.861227 6.631730 0.000000
vt 4.976730 4.537297 0.000000
vt 5.040843 6.461712 0.000000
vt 5.118288 4.176421 0.000000
vt 5.218891 6.200947 0.000000
vt 5.248194 3.695060 0.000000
vt 5.362406 3.116435 0.000000
vt 5.398086 5.863075 0.000000
vt 5.457697 2.464154 0.000000
vt 5.531059 1.761609 0.000000
vt 5.588701 5.444146 0.000000
vt 5.580404 1.022664 0.000000
vt 5.603545 0.262470 0.000000
vt 5.799122 4.942230 0.000000
vt 5.820307 0.128249 0.000000
vt 5.944703 0.065316 0.000000
vt 6.047136 4.342405 0.000000
vt 6.107092 0.000000 0.000000
vt 6.192596 4.003567 0.000000
vt 6.156173 -0.000001 0.000000
vt 6.205820 -0.000002 0.000000
vt 6.210673 -3.962586 0.000000
vt 6.255466 -0.000004 0.000000
vt 6.281652 -3.804529 0.000000
vt 6.305113 -0.000005 0.000000
vt 6.354759 -3.646909 0.000000
vt 6.354759 3.646909 0.000000
vt 6.078037 -4.269221 0.000000
vt 5.942211 -0.066467 0.000000
vt 5.848553 -4.821961 0.000000
vt 5.813464 -0.132020 0.000000
vt 5.651977 -5.296017 0.000000
vt 5.603545 -0.262470 0.000000
vt 5.582772 -0.972929 0.000000
vt 5.538227 -1.675491 0.000000
vt 5.474253 -5.701620 0.000000
vt 5.470956 -2.354776 0.000000
vt 5.382551 -2.994443 0.000000
vt 5.274446 -3.576860 0.000000
vt 5.146760 -6.316648 0.000000
vt 5.149141 -4.076335 0.000000
vt 5.009419 -4.467488 0.000000
vt 4.833996 -6.648404 0.000000
vt 4.859003 -4.726993 0.000000
vt 4.700569 -4.840524 0.000000
vt 4.678119 -6.695702 0.000000
vt 4.537382 -4.800144 0.000000
vt 4.520273 -6.656749 0.000000
vt 4.373156 -4.607635 0.000000
vt 4.359384 -6.526941 0.000000
vt 4.368897 -4.843862 0.000000
vt 4.210055 -4.270708 0.000000
vt 4.052068 -3.804806 0.000000
vt 4.170311 -4.845860 0.000000
vt 4.193803 -6.302484 0.000000
vt 3.902590 -3.225792 0.000000
vt 3.971725 -4.847859 0.000000
vt 4.025737 -5.989931 0.000000
vt 3.860477 -5.613010 0.000000
vt 3.769133 -2.563231 0.000000
vt 3.773138 -4.849857 0.000000
vt 3.696892 -5.189775 0.000000
vt 3.658242 -1.837728 0.000000
vt 3.535881 -4.745040 0.000000
vt 3.561839 -1.868456 0.000000
vt 3.442822 -1.892244 0.000000
vt 3.368910 -4.279225 0.000000
vt 3.369792 -1.898826 0.000000
vt 3.328826 -1.899802 0.000000
vt 3.326319 -1.900240 0.000000
vt 3.284481 -1.898645 0.000000
vt 3.278864 -4.035856 0.000000
vt 3.276673 -1.908915 0.000000
vt 3.237368 -1.894891 0.000000
vt 3.227026 -1.917591 0.000000
vt 3.189541 -1.888428 0.000000
vt 3.183523 -3.790543 0.000000
vt 3.177380 -1.926266 0.000000
vt 3.142709 -1.879527 0.000000
vt 3.127733 -1.934942 0.000000
vt 3.098896 -1.868918 0.000000
vt 3.082599 -3.550497 0.000000
vt 3.078087 -1.943617 0.000000
vt 3.028440 -1.952293 0.000000
vt 3.020357 -1.844483 0.000000
vt 2.977700 -3.328155 0.000000
vt 2.978793 -1.960968 0.000000
vt 2.954055 -1.818588 0.000000
vt 2.840107 -1.763379 0.000000
vt 2.879500 -1.978319 0.000000
vt 2.870838 -3.135084 0.000000
vt 2.664563 -1.654177 0.000000
vt 2.780207 -1.995670 0.000000
vt 2.766954 -2.982471 0.000000
vt 2.497675 -1.527312 0.000000
vt 2.581621 -2.030372 0.000000
vt 2.665987 -2.867325 0.000000
vt 2.331017 -1.383177 0.000000
vt 2.383035 -2.065075 0.000000
vt 2.374418 -2.685570 0.000000
vt 2.567616 -2.784105 0.000000
vt 2.000936 -1.067538 0.000000
vt 2.184449 -2.099777 0.000000
vt 2.171744 -2.632038 0.000000
vt 1.672022 -0.744968 0.000000
vt 1.955112 -2.579626 0.000000
vt 1.985862 -2.134479 0.000000
vt 1.330615 -0.437524 0.000000
vt 1.523234 -2.402386 0.000000
vt 1.588690 -2.203883 0.000000
vt 0.966574 -0.174084 0.000000
vt 1.191517 -2.273287 0.000000
vt 1.310245 -2.317644 0.000000
vt 0.785107 -0.074955 0.000000
vt 0.833943 -2.390558 0.000000
vt 1.085642 -2.291788 0.000000
vt 0.697889 -2.507081 0.000000
vt 6.271552 3.826753 0.000000
vt 0.341374 2.994686 0.000000
vt 0.258679 3.138552 0.000000
vt 0.172852 3.297961 0.000000
vt 0.075012 -3.491169 0.000000
vn 0.000000 0.000000 1.000000
vn 0.000000 0.000000 1.000000
vn 0.000000 0.000000 1.000000
vn -0.973420 0.229026 -0.000000
vn -0.973741 0.227660 -0.000000
vn -0.973467 0.228827 -0.000000
vn -0.973487 0.228744 -0.000000
vn -0.973502 0.228678 -0.000000
vn -0.973513 0.228633 -0.000000
vn -0.973518 0.228609 -0.000000
vn -0.973519 0.228607 -0.000000
vn -0.973843 0.227220 -0.000000
vn -0.973515 0.228621 -0.000000
vn -0.973571 0.228384 -0.000000
vn -0.973500 0.228687 -0.000000
vn -0.973477 0.228785 -0.000000
vn -0.973419 0.229033 -0.000000
vn -0.973302 0.229530 -0.000000
vn -0.973259 0.229710 -0.000000
vn -0.972702 0.232057 -0.000000
vn -0.973843 0.227220 -0.000000
vn -0.972476 0.233003 -0.000000
vn -0.973092 0.230415 -0.000000
vn -0.973843 0.227220 -0.000000
vn -0.973528 0.228567 -0.000000
vn -0.973843 0.227220 -0.000000
vn -0.970715 0.240235 -0.000000
vn -0.971826 0.235698 -0.000000
vn -0.972526 0.232795 -0.000000
vn -0.970123 0.242614 -0.000000
vn -0.968441 0.249243 -0.000000
vn -0.968083 0.250632 -0.000000
vn -0.967016 0.254715 -0.000000
vn -0.965558 0.260189 -0.000000
vn -0.965965 0.258671 -0.000000
vn -0.964972 0.262353 -0.000000
vn -0.964086 0.265590 -0.000000
vn -0.961990 0.273084 -0.000000
vn -0.963343 0.268274 -0.000000
vn -0.962987 0.269549 -0.000000
vn -0.962817 0.270156 -0.000000
vn -0.962739 0.270433 -0.000000
vn -0.962669 0.270683 -0.000000
vn -0.962611 0.270888 -0.000000
vn -0.962568 0.271040 -0.000000
vn -0.962542 0.271132 -0.000000
vn -0.962532 0.271167 -0.000000
vn -0.962551 0.271100 -0.000000
vn -0.961117 0.276140 -0.000000
vn -0.962605 0.270910 -0.000000
vn -0.962781 0.270281 -0.000000
vn -0.963011 0.269464 -0.000000
vn -0.959089 0.283104 -0.000000
vn -0.957769 0.287539 -0.000000
vn -0.957411 0.288728 -0.000000
vn -0.955367 0.295422 -0.000000
vn -0.953504 0.301379 -0.000000
vn -0.951827 0.306636 -0.000000
vn -0.950662 0.310230 -0.000000
vn -0.950784 0.309854 -0.000000
vn -0.950487 0.310765 -0.000000
vn -0.950586 0.310463 -0.000000
vn -0.952256 0.305301 -0.000000
vn -0.950817 0.309753 -0.000000
vn -0.950959 0.309316 -0.000000
vn -0.951098 0.308889 -0.000000
vn -0.951205 0.308561 -0.000000
vn -0.951237 0.308459 -0.000000
vn -0.951254 0.308409 -0.000000
vn -0.956185 0.292763 -0.000000
vn -0.962501 0.271279 -0.000000
vn -0.959186 0.282777 -0.000000
vn -0.963037 0.269371 -0.000000
vn -0.972329 0.233614 -0.000000
vn -0.981693 0.190472 -0.000000
vn -0.983109 0.183020 -0.000000
vn -0.991866 0.127288 -0.000000
vn -0.998467 0.055349 -0.000000
vn -0.997076 0.076422 -0.000000
vn -0.998595 0.052997 -0.000000
vn -0.999468 0.032623 -0.000000
vn -0.999844 0.017662 -0.000000
vn -0.993480 -0.114006 0.000000
vn -0.996243 -0.086604 0.000000
vn -0.995738 -0.092230 0.000000
vn -0.995126 -0.098611 0.000000
vn -0.994404 -0.105640 0.000000
vn -0.993595 -0.113004 0.000000
vn -0.991745 -0.128229 0.000000
vn -0.989685 -0.143261 0.000000
vn -0.984601 -0.174816 0.000000
vn -0.963173 -0.268882 0.000000
vn -0.978373 -0.206847 0.000000
vn -0.963746 -0.266822 0.000000
vn -0.949891 -0.312582 0.000000
vn -0.922151 -0.386831 0.000000
vn -0.944353 -0.328934 0.000000
vn -0.942368 -0.334577 0.000000
vn -0.941178 -0.337911 0.000000
vn -0.941136 -0.338027 0.000000
vn -0.921961 -0.387282 0.000000
vn -0.941645 -0.336608 0.000000
vn -0.942529 -0.334124 0.000000
vn -0.945315 -0.326160 0.000000
vn -0.949203 -0.314666 0.000000
vn -0.964755 -0.263148 0.000000
vn -0.958826 -0.283993 0.000000
vn -0.966347 -0.257243 0.000000
vn -0.970549 -0.240903 0.000000
vn -0.883704 -0.468046 0.000000
vn -0.883704 -0.468046 0.000000
vn -0.964844 -0.262822 0.000000
vn -0.999913 0.013164 -0.000000
vn -0.997046 -0.076805 0.000000
vn -0.997695 -0.067856 0.000000
vn -0.998871 -0.047513 0.000000
vn -0.999938 0.011154 -0.000000
vn -0.999931 0.011766 -0.000000
vn -0.999888 0.014950 -0.000000
vn -0.999613 0.027823 -0.000000
vn 0.973843 0.227220 -0.000000
vn 0.973741 0.227660 -0.000000
vn 0.973843 0.227220 -0.000000
vn 0.973518 0.228612 -0.000000
vn 0.973566 0.228404 -0.000000
vn 0.973504 0.228669 -0.000000
vn 0.973481 0.228767 -0.000000
vn 0.973420 0.229026 -0.000000
vn 0.973462 0.228850 -0.000000
vn 0.973480 0.228772 -0.000000
vn 0.973496 0.228704 -0.000000
vn 0.973508 0.228652 -0.000000
vn 0.973516 0.228619 -0.000000
vn 0.973519 0.228606 -0.000000
vn 0.973419 0.229033 -0.000000
vn 0.973285 0.229600 -0.000000
vn 0.973259 0.229710 -0.000000
vn 0.972702 0.232057 -0.000000
vn 0.883704 -0.468046 -0.000000
vn 0.916667 -0.399651 -0.000000
vn 0.883704 -0.468046 -0.000000
vn 0.921961 -0.387282 -0.000000
vn 0.942761 -0.333468 -0.000000
vn 0.941254 -0.337701 -0.000000
vn 0.952524 -0.304464 -0.000000
vn 0.948331 -0.317282 -0.000000
vn 0.955488 -0.295031 -0.000000
vn 0.972245 -0.233964 -0.000000
vn 0.983890 -0.178777 -0.000000
vn 0.986461 -0.163997 -0.000000
vn 0.991076 -0.133300 -0.000000
vn 0.992645 -0.121062 -0.000000
vn 0.993962 -0.109722 -0.000000
vn 0.999423 -0.033973 -0.000000
vn 0.994541 -0.104351 -0.000000
vn 0.995065 -0.099222 -0.000000
vn 0.995533 -0.094417 -0.000000
vn 0.995935 -0.090079 -0.000000
vn 0.996587 -0.082548 -0.000000
vn 0.997121 -0.075824 -0.000000
vn 0.998871 -0.047513 -0.000000
vn 0.999939 0.011067 -0.000000
vn 0.999924 0.012369 -0.000000
vn 0.994256 0.107029 -0.000000
vn 0.999059 0.043376 -0.000000
vn 0.999650 0.026446 -0.000000
vn 0.999888 0.014949 -0.000000
vn 0.976912 0.213643 -0.000000
vn 0.985396 0.170279 -0.000000
vn 0.993596 0.112987 -0.000000
vn 0.997985 0.063452 -0.000000
vn 0.960810 0.277207 -0.000000
vn 0.964195 0.265196 -0.000000
vn 0.974729 0.223389 -0.000000
vn 0.952152 0.305624 -0.000000
vn 0.956185 0.292763 -0.000000
vn 0.959575 0.281453 -0.000000
vn 0.950698 0.310118 -0.000000
vn 0.950710 0.310083 -0.000000
vn 0.950864 0.309608 -0.000000
vn 0.951034 0.309085 -0.000000
vn 0.951960 0.306222 -0.000000
vn 0.950989 0.309224 -0.000000
vn 0.950503 0.310716 -0.000000
vn 0.952108 0.305761 -0.000000
vn 0.953994 0.299827 -0.000000
vn 0.955486 0.295038 -0.000000
vn 0.956430 0.291961 -0.000000
vn 0.957331 0.288994 -0.000000
vn 0.958947 0.283585 -0.000000
vn 0.959089 0.283104 -0.000000
vn 0.961117 0.276140 -0.000000
vn 0.961361 0.275290 -0.000000
vn 0.962532 0.271168 -0.000000
vn 0.962541 0.271136 -0.000000
vn 0.962570 0.271032 -0.000000
vn 0.962620 0.270855 -0.000000
vn 0.962689 0.270610 -0.000000
vn 0.963560 0.267491 -0.000000
vn 0.962771 0.270319 -0.000000
vn 0.962959 0.269649 -0.000000
vn 0.963157 0.268940 -0.000000
vn 0.963576 0.267436 -0.000000
vn 0.964389 0.264489 -0.000000
vn 0.965522 0.260322 -0.000000
vn 0.965307 0.261119 -0.000000
vn 0.966312 0.257373 -0.000000
vn 0.967257 0.253801 -0.000000
vn 0.968372 0.249509 -0.000000
vn 0.968784 0.247906 -0.000000
vn 0.970266 0.242043 -0.000000
vn 0.970111 0.242663 -0.000000
vn 0.971870 0.235518 -0.000000
vn 0.972246 0.233960 -0.000000
vn 0.973100 0.230381 -0.000000
vn 0.973843 0.227220 -0.000000
vn 0.973530 0.228558 -0.000000
vn 0.973843 0.227220 -0.000000
vn 0.962540 0.271141 -0.000000
vn 0.962591 0.270960 -0.000000
vn 0.962774 0.270306 -0.000000
vn 0.963011 0.269464 -0.000000
vn 0.951114 0.308841 -0.000000
vn 0.951181 0.308632 -0.000000
vn 0.951230 0.308482 -0.000000
vn 0.951254 0.308409 -0.000000
vn 0.999929 0.011956 -0.000000
vn 0.999876 0.015737 -0.000000
vn 0.999613 0.027823 -0.000000
vn 0.940995 -0.338420 -0.000000
vn 0.941164 -0.337951 -0.000000
vn 0.941809 -0.336150 -0.000000
vn 0.942951 -0.332931 -0.000000
vn 0.944584 -0.328271 -0.000000
vn 0.946620 -0.322353 -0.000000
vn 0.964755 -0.263148 -0.000000
vn 0.951638 -0.307220 -0.000000
vn 0.957453 -0.288588 -0.000000
vn 0.970549 -0.240903 -0.000000
vn 0.966347 -0.257243 -0.000000
vn 0.964844 -0.262822 -0.000000
vn -0.674769 -0.738029 0.000000
vn -0.674769 -0.738029 0.000000
vn -0.719156 -0.694849 0.000000
vn -0.729399 -0.684089 0.000000
vn -0.773731 -0.633515 0.000000
vn -0.798705 -0.601723 0.000000
vn -0.836377 -0.548155 0.000000
vn -0.877905 -0.478835 0.000000
vn -0.900352 -0.435162 0.000000
vn -0.931546 -0.363624 0.000000
vn -0.950406 -0.311012 0.000000
vn -0.953420 -0.301645 0.000000
vn -0.967082 -0.254463 0.000000
vn -0.976952 -0.213460 0.000000
vn -0.971495 -0.237060 0.000000
vn -0.974238 -0.225524 0.000000
vn -0.993486 -0.113952 0.000000
vn -0.993709 -0.111996 0.000000
vn -0.994404 -0.105640 0.000000
vn -0.995403 -0.095780 0.000000
vn -0.996395 -0.084833 0.000000
vn -0.997381 -0.072328 0.000000
vn -0.998414 -0.056306 0.000000
vn -0.999273 -0.038117 0.000000
vn -0.999991 -0.004161 0.000000
vn -0.996781 0.080173 -0.000000
vn -0.998179 0.060327 -0.000000
vn -0.992844 0.119418 -0.000000
vn -0.986504 0.163737 -0.000000
vn -0.970013 0.243052 -0.000000
vn -0.983888 0.178788 -0.000000
vn -0.982303 0.187297 -0.000000
vn -0.982180 0.187944 -0.000000
vn -0.962283 0.272051 -0.000000
vn -0.982639 0.185526 -0.000000
vn -0.990173 0.139850 -0.000000
vn -0.983685 0.179899 -0.000000
vn -0.985233 0.171219 -0.000000
vn -0.987093 0.160146 -0.000000
vn -0.989118 0.147127 -0.000000
vn -0.991277 0.131795 -0.000000
vn -0.993416 0.114564 -0.000000
vn -0.949006 0.315258 -0.000000
vn -0.923429 0.383770 -0.000000
vn -0.923429 0.383770 -0.000000
vn 0.923429 0.383770 -0.000000
vn 0.949077 0.315043 -0.000000
vn 0.923429 0.383770 -0.000000
vn 0.962283 0.272051 -0.000000
vn 0.970160 0.242467 -0.000000
vn 0.982274 0.187452 -0.000000
vn 0.982191 0.187884 -0.000000
vn 0.982603 0.185718 -0.000000
vn 0.983407 0.181413 -0.000000
vn 0.985792 0.167971 -0.000000
vn 0.996909 0.078561 -0.000000
vn 0.991786 0.127908 -0.000000
vn 0.997353 0.072708 -0.000000
vn 0.999947 0.010290 -0.000000
vn 0.999796 -0.020192 -0.000000
vn 0.993708 -0.112004 -0.000000
vn 0.998655 -0.051849 -0.000000
vn 0.997652 -0.068494 -0.000000
vn 0.997033 -0.076981 -0.000000
vn 0.996346 -0.085409 -0.000000
vn 0.995628 -0.093409 -0.000000
vn 0.994896 -0.100910 -0.000000
vn 0.994178 -0.107748 -0.000000
vn 0.993486 -0.113952 -0.000000
vn 0.974238 -0.225524 -0.000000
vn 0.971654 -0.236407 -0.000000
vn 0.950951 -0.309342 -0.000000
vn 0.967487 -0.252921 -0.000000
vn 0.953769 -0.300541 -0.000000
vn 0.931778 -0.363028 -0.000000
vn 0.877995 -0.478670 -0.000000
vn 0.900352 -0.435162 -0.000000
vn 0.836258 -0.548337 -0.000000
vn 0.798867 -0.601507 -0.000000
vn 0.773544 -0.633743 -0.000000
vn 0.729401 -0.684087 -0.000000
vn 0.719116 -0.694890 -0.000000
vn 0.674769 -0.738029 -0.000000
vn 0.674769 -0.738029 -0.000000
vn 0.982919 0.184037 -0.000000
vn 0.990173 0.139850 -0.000000
vn 0.984096 0.177635 -0.000000
vn 0.985702 0.168499 -0.000000
vn 0.989529 0.144332 -0.000000
vn 0.991277 0.131792 -0.000000
vn 0.993416 0.114564 -0.000000
vn 0.000000 0.000000 1.000000
vn 0.000000 0.000000 1.000000
vn 0.000000 0.000000 1.000000
vn -0.000000 0.877005 -0.480482
vn -0.000000 0.875594 -0.483047
vn -0.000000 0.865763 -0.500454
vn -0.000000 0.861301 -0.508096
vn -0.000000 0.831292 -0.555837
vn -0.000000 0.867209 -0.497944
vn -0.000000 0.832851 -0.553497
vn -0.000000 0.718679 -0.695342
vn -0.000000 0.708470 -0.705741
vn -0.000000 0.593563 -0.804787
vn -0.000000 0.533756 -0.845639
vn -0.000000 0.435733 -0.900076
vn -0.000000 0.269358 -0.963040
vn -0.000000 0.254704 -0.967019
vn -0.000000 0.084744 -0.996403
vn -0.000000 0.008008 -0.999968
vn 0.000000 -0.167155 -0.985931
vn 0.000000 -0.181176 -0.983451
vn 0.000000 -0.305705 -0.952126
vn 0.000000 -0.316305 -0.948657
vn 0.000000 -0.388566 -0.921421
vn 0.000000 -0.483007 -0.875616
vn 0.000000 -0.556987 -0.830521
vn 0.000000 -0.576010 -0.817443
vn 0.000000 -0.646154 -0.763207
vn 0.000000 -0.702148 -0.712031
vn 0.000000 -0.799694 -0.600407
vn 0.000000 -0.828434 -0.560086
vn 0.000000 -0.895786 -0.444485
vn 0.000000 -0.912271 -0.409588
vn 0.000000 -0.948026 -0.318193
vn 0.000000 -0.957101 -0.289754
vn 0.000000 -0.990139 -0.140089
vn 0.000000 -0.993031 -0.117851
vn -0.000000 -0.995965 0.089747
vn -0.000000 -0.993703 0.112044
vn -0.000000 -0.970252 0.242098
vn -0.000000 -0.941088 0.338162
vn -0.000000 -0.928588 0.371113
vn -0.000000 -0.836520 0.547936
vn -0.000000 -0.806929 0.590648
vn -0.000000 -0.704184 0.710018
vn -0.000000 -0.671684 0.740838
vn -0.000000 -0.570227 0.821487
vn -0.000000 -0.457894 0.889007
vn -0.000000 -0.561118 0.827736
vn -0.000000 -0.437879 0.899034
vn -0.000000 -0.431941 0.901902
vn -0.000000 -0.332955 0.942943
vn -0.000000 -0.264663 0.964341
vn -0.000000 -0.309382 0.950938
vn -0.000000 -0.185898 0.982569
vn -0.000000 -0.145796 0.989315
vn -0.000000 -0.105691 0.994399
vn -0.000000 -0.052341 0.998629
vn -0.000000 -0.015698 0.999877
vn -0.000000 0.010867 0.999941
vn -0.000000 0.021983 0.999758
vn -0.000000 0.060079 0.998194
vn -0.000000 0.047319 0.998880
vn -0.000000 0.075599 0.997138
vn -0.000000 0.107239 0.994233
vn -0.000000 0.103870 0.994591
vn -0.000000 0.135889 0.990724
vn -0.000000 0.172130 0.985074
vn -0.000000 0.181861 0.983324
vn -0.000000 0.229809 0.973236
vn -0.000000 0.301620 0.953428
vn -0.000000 0.342088 0.939668
vn -0.000000 0.450732 0.892660
vn -0.000000 0.532188 0.846626
vn -0.000000 0.649899 0.760021
vn -0.000000 0.676140 0.736773
vn -0.000000 0.808772 0.588122
vn -0.000000 0.782643 0.622471
vn -0.000000 0.907724 0.419567
vn -0.000000 0.904962 0.425492
vn -0.000000 0.961776 0.273838
vn -0.000000 0.981809 0.189873
vn -0.000000 0.994791 0.101940
vn -0.000000 0.998740 0.050192
vn -0.000000 0.997111 -0.075963
vn -0.000000 0.995719 -0.092436
vn -0.000000 0.970375 -0.241606
vn -0.000000 0.939204 -0.343359
vn -0.000000 0.924532 -0.381104
vn -0.000000 0.871181 -0.490962
vn -0.000000 0.852092 -0.523392
vn -0.000000 0.767820 -0.640666
vn -0.000000 0.767820 -0.640666
vn -0.000000 0.758265 -0.651946
vn -0.000000 0.732620 -0.680638
vn -0.000000 0.722077 -0.691813
vn -0.000000 0.610632 -0.791914
vn -0.000000 0.531355 -0.847149
vn -0.000000 0.615005 -0.788523
vn -0.000000 0.425154 -0.905121
vn -0.000000 0.312914 -0.949781
vn -0.000000 0.362987 -0.931794
vn -0.000000 0.388341 -0.921516
vn -0.000000 0.212876 -0.977079
vn -0.000000 0.235112 -0.971968
vn -0.000000 0.293581 -0.955934
vn -0.000000 0.211722 -0.977330
vn -0.000000 0.249357 -0.968412
vn -0.000000 0.258824 -0.965924
vn -0.000000 0.356032 -0.934474
vn -0.000000 0.367218 -0.930135
vn -0.000000 0.486868 -0.873475
vn -0.000000 0.493874 -0.869533
vn -0.000000 0.599621 -0.800284
vn -0.000000 0.598154 -0.801381
vn 0.000000 -0.146295 -0.989241
vn 0.000000 -0.096228 -0.995359
vn -0.000000 0.106462 -0.994317
vn -0.000000 0.069966 -0.997549
vn -0.000000 0.242205 -0.970225
vn 0.000000 -0.213688 -0.976902
vn 0.000000 -0.263326 -0.964707
vn 0.000000 -0.279876 -0.960036
vn 0.000000 -0.354889 -0.934908
vn 0.000000 -0.398186 -0.917305
vn 0.000000 -0.431101 -0.902304
vn 0.000000 -0.457788 -0.889062
vn 0.000000 -0.525131 -0.851021
vn 0.000000 -0.524027 -0.851702
vn 0.000000 -0.598119 -0.801407
vn 0.000000 -0.649851 -0.760062
vn 0.000000 -0.686673 -0.726966
vn 0.000000 -0.734952 -0.678120
vn 0.000000 -0.798667 -0.601773
vn 0.000000 -0.837297 -0.546749
vn 0.000000 -0.917436 -0.397882
vn 0.000000 -0.941583 -0.336781
vn 0.000000 -0.965354 -0.260945
vn 0.000000 -0.980328 -0.197377
vn 0.000000 -0.994092 -0.108545
vn 0.000000 -0.999066 -0.043217
vn -0.000000 -0.993282 0.115717
vn -0.000000 -0.980015 0.198925
vn -0.000000 -0.964662 0.263491
vn -0.000000 -0.959324 0.282308
vn -0.000000 -0.899718 0.436471
vn -0.000000 -0.895064 0.445938
vn -0.000000 -0.826929 0.562306
vn -0.000000 -0.790633 0.612291
vn -0.000000 -0.738549 0.674200
vn -0.000000 -0.677519 0.735505
vn -0.000000 -0.618130 0.786076
vn -0.000000 -0.605233 0.796048
vn -0.000000 -0.517481 0.855695
vn -0.000000 -0.465831 0.884874
vn -0.000000 -0.435625 0.900128
vn -0.000000 -0.365338 0.930875
vn -0.000000 -0.370112 0.928987
vn -0.000000 -0.316690 0.948529
vn -0.000000 -0.868594 0.495524
vn -0.000000 -0.291361 0.956613
vn -0.000000 -0.234173 0.972195
vn -0.000000 -0.234284 0.972168
vn -0.000000 -0.187234 0.982315
vn -0.000000 -0.172638 0.984985
vn -0.000000 -0.145902 0.989299
vn -0.000000 -0.123431 0.992353
vn -0.000000 -0.108756 0.994069
vn -0.000000 -0.082601 0.996583
vn -0.000000 -0.074590 0.997214
vn -0.000000 -0.047061 0.998892
vn -0.000000 -0.042899 0.999079
vn -0.000000 -0.030073 0.999548
vn -0.000000 -0.012005 0.999928
vn -0.000000 -0.013269 0.999912
vn -0.000000 0.003512 0.999994
vn -0.000000 0.019920 0.999802
vn -0.000000 0.020282 0.999794
vn -0.000000 0.037357 0.999302
vn -0.000000 0.051444 0.998676
vn -0.000000 0.055315 0.998469
vn -0.000000 0.067328 0.997731
vn -0.000000 0.075012 0.997183
vn -0.000000 0.083439 0.996513
vn -0.000000 0.097572 0.995228
vn -0.000000 0.119953 0.992780
vn -0.000000 0.116537 0.993186
vn -0.000000 0.176574 0.984287
vn -0.000000 0.162907 0.986641
vn -0.000000 0.189519 0.981877
vn -0.000000 0.325691 0.945476
vn -0.000000 0.355967 0.934498
vn -0.000000 0.534522 0.845155
vn -0.000000 0.569558 0.821951
vn -0.000000 0.682205 0.731161
vn -0.000000 0.941882 0.335943
vn -0.000000 0.844273 0.535913
vn -0.000000 0.940423 0.340007
vn -0.000000 0.979716 0.200389
vn -0.000000 0.996781 0.080178
vn -0.000000 0.999431 0.033744
vn -0.000000 0.999521 -0.030960
vn -0.000000 0.989226 -0.146396
vn -0.000000 0.994974 -0.100138
vn -0.000000 0.991878 -0.127196
vn -0.000000 0.987855 -0.155379
vn -0.000000 0.982937 -0.183945
vn -0.000000 0.977205 -0.212297
vn -0.000000 0.949693 -0.313181
vn -0.000000 0.959725 -0.280942
vn -0.000000 0.946165 -0.323684
vn -0.000000 0.927108 -0.374794
vn -0.000000 0.892955 -0.450146
vn -0.000000 0.877113 -0.480284
vn -0.000000 0.829475 -0.558545
vn -0.000000 0.833243 -0.552907
vn -0.000000 0.741137 -0.671354
vn -0.000000 0.728055 -0.685519
vn -0.000000 0.644546 -0.764565
vn -0.000000 0.498774 -0.866732
vn -0.000000 0.529740 -0.848160
vn -0.000000 0.367880 -0.929873
vn -0.000000 0.405147 -0.914252
vn -0.000000 0.290007 -0.957024
vn -0.000000 0.290007 -0.957024
vn -0.000000 0.372192 -0.928156
vn -0.000000 0.305387 -0.952228
vn -0.000000 0.371944 -0.928255
vn -0.000000 0.449216 -0.893423
vn -0.000000 0.466274 -0.884640
vn -0.000000 0.489029 -0.872267
vn -0.000000 0.477185 -0.878803
vn -0.000000 0.509021 -0.860754
vn -0.000000 0.507419 -0.861700
vn -0.000000 0.509214 -0.860640
vn -0.000000 0.510241 -0.860032
vn -0.000000 0.511587 -0.859232
vn -0.000000 0.498654 -0.866801
vn -0.000000 0.491390 -0.870940
vn -0.000000 0.474959 -0.880008
vn -0.000000 0.458736 -0.888572
vn -0.000000 0.438057 -0.898947
vn -0.000000 0.411142 -0.911571
vn -0.000000 0.387052 -0.922058
vn -0.000000 0.352314 -0.935882
vn -0.000000 0.328099 -0.944644
vn -0.000000 0.293466 -0.955969
vn -0.000000 0.271712 -0.962378
vn -0.000000 0.244651 -0.969611
vn -0.000000 0.227431 -0.973794
vn -0.000000 0.209527 -0.977803
vn -0.000000 0.198446 -0.980112
vn -0.000000 0.189302 -0.981919
vn -0.000000 0.185673 -0.982612
vn -0.000000 0.186384 -0.982477
vn -0.000000 0.189918 -0.981800
vn -0.000000 0.196723 -0.980459
vn -0.000000 0.216406 -0.976303
vn -0.000000 0.209277 -0.977856
vn -0.000000 0.224186 -0.974546
vn 0.000000 -0.971431 -0.237322
vn 0.000000 -0.897391 -0.441235
vn 0.000000 -0.904938 -0.425543
vn 0.000000 -0.809864 -0.586618
vn 0.000000 -0.815790 -0.578348
vn 0.000000 -0.724672 -0.689094
vn 0.000000 -0.648003 -0.761638
vn 0.000000 -0.642761 -0.766067
vn 0.000000 -0.574501 -0.818504
vn 0.000000 -0.526179 -0.850374
vn 0.000000 -0.519145 -0.854686
vn 0.000000 -0.435688 -0.900098
vn -0.000000 -0.481297 0.876558
vn -0.000000 -0.437879 0.899034
vn -0.000000 -0.309382 0.950938
vn -0.000000 -0.332955 0.942943
vn -0.000000 -0.314558 0.949238
vn -0.000000 -0.556380 0.830928
vn -0.000000 -0.570227 0.821487
vn -0.000000 -0.604408 0.796675
vn -0.000000 -0.747865 0.663851
vn -0.000000 -0.757185 0.653201
vn -0.000000 -0.850081 0.526652
vn -0.000000 -0.836896 0.547363
vn -0.000000 -0.908947 0.416911
vn -0.000000 -0.936297 0.351210
vn -0.000000 -0.962532 0.271167
vn -0.000000 -0.987764 0.155955
vn -0.000000 -0.992495 0.122287
vn 0.000000 -0.999596 -0.028435
vn 0.000000 -0.999842 -0.017783
vn 0.000000 -0.990352 -0.138575
vn 0.000000 -0.982728 -0.185058
vn 0.000000 -0.947104 -0.320926
vn 0.000000 -0.951621 -0.307274
vn 0.000000 -0.881663 -0.471880
vn 0.000000 -0.848259 -0.529582
vn 0.000000 -0.817652 -0.575713
vn 0.000000 -0.770214 -0.637786
vn 0.000000 -0.715259 -0.698859
vn 0.000000 -0.635007 -0.772506
vn 0.000000 -0.626426 -0.779481
vn 0.000000 -0.512785 -0.858517
vn 0.000000 -0.439007 -0.898483
vn 0.000000 -0.417457 -0.908697
vn 0.000000 -0.225863 -0.974159
vn 0.000000 -0.245742 -0.969335
vn 0.000000 -0.102889 -0.994693
vn 0.000000 -0.064569 -0.997913
vn -0.000000 0.091264 -0.995827
vn -0.000000 0.156824 -0.987627
vn -0.000000 0.321162 -0.947024
vn -0.000000 0.287143 -0.957888
vn -0.000000 0.419877 -0.907581
vn -0.000000 0.532177 -0.846633
vn -0.000000 0.541802 -0.840506
vn -0.000000 0.640918 -0.767610
vn -0.000000 0.779374 -0.626559
vn -0.000000 0.771626 -0.636077
vn -0.000000 0.840345 -0.542052
vn -0.000000 0.865763 -0.500454
vn -0.000000 0.875594 -0.483047
vn -0.000000 0.866712 -0.498808
vn -0.000000 0.786750 -0.617271
vn -0.000000 0.861301 -0.508096
vn -0.000000 0.866139 -0.499804
vn -0.000000 0.654518 -0.756046
vn -0.000000 0.758265 -0.651946
vn -0.000000 0.760425 -0.649426
vn -0.000000 0.494244 -0.869323
vn -0.000000 0.610632 -0.791914
vn -0.000000 0.595199 -0.803579
vn -0.000000 0.355457 -0.934693
vn -0.000000 0.445402 -0.895331
vn -0.000000 0.265201 -0.964193
vn -0.000000 0.347345 -0.937738
vn -0.000000 0.362987 -0.931794
vn -0.000000 0.243244 -0.969965
vn -0.000000 0.215767 -0.976445
vn -0.000000 0.213565 -0.976929
vn -0.000000 0.213722 -0.976895
vn -0.000000 0.243813 -0.969822
vn -0.000000 0.256616 -0.966513
vn -0.000000 0.350836 -0.936437
vn -0.000000 0.349093 -0.937088
vn -0.000000 0.463699 -0.885993
vn -0.000000 0.483766 -0.875197
vn -0.000000 0.570357 -0.821397
vn -0.000000 0.598467 -0.801147
vn -0.000000 0.767820 -0.640666
vn -0.000000 0.767820 -0.640666
vn -0.000000 -0.185898 0.982569
vn -0.000000 -0.185760 0.982595
vn -0.000000 -0.158157 0.987414
vn -0.000000 -0.051913 0.998652
vn -0.000000 -0.068315 0.997664
vn -0.000000 -0.006416 0.999979
vn -0.000000 0.024730 0.999694
vn -0.000000 0.021983 0.999758
vn -0.000000 0.042192 0.999110
vn -0.000000 0.090447 0.995901
vn -0.000000 0.085856 0.996308
vn -0.000000 0.127504 0.991838
vn -0.000000 0.137001 0.990571
vn -0.000000 0.178861 0.983874
vn -0.000000 0.173674 0.984803
vn -0.000000 0.229824 0.973232
vn -0.000000 0.286093 0.958202
vn -0.000000 0.377309 0.926088
vn -0.000000 0.492715 0.870191
vn -0.000000 0.472016 0.881590
vn -0.000000 0.611614 0.791156
vn -0.000000 0.643513 0.765435
vn -0.000000 0.699859 0.714281
vn -0.000000 0.799526 0.600631
vn -0.000000 0.813080 0.582152
vn -0.000000 0.877544 0.479497
vn -0.000000 0.896483 0.443079
vn -0.000000 0.940598 0.339523
vn -0.000000 0.977633 0.210320
vn -0.000000 0.987292 0.158919
vn -0.000000 0.997605 0.069166
vn -0.000000 0.998920 -0.046453
vn -0.000000 0.997211 -0.074637
vn -0.000000 0.977435 -0.211235
vn -0.000000 0.968402 -0.249394
vn -0.000000 0.942787 -0.333395
vn -0.000000 0.908127 -0.418696
vn -0.000000 0.854478 -0.519487
vn -0.000000 0.767335 -0.641246
vn -0.000000 0.639128 -0.769101
vn -0.000000 0.484445 -0.874822
vn -0.000000 0.430058 -0.902801
vn -0.000000 0.186395 -0.982475
vn -0.000000 0.065041 -0.997883
vn 0.000000 -0.037566 -0.999294
vn 0.000000 -0.257191 -0.966360
vn 0.000000 -0.228005 -0.973660
vn 0.000000 -0.360110 -0.932910
vn 0.000000 -0.451926 -0.892056
vn 0.000000 -0.497951 -0.867205
vn 0.000000 -0.631458 -0.775410
vn 0.000000 -0.636080 -0.771623
vn 0.000000 -0.740803 -0.671723
vn 0.000000 -0.858415 -0.512956
vn 0.000000 -0.812166 -0.583427
vn 0.000000 -0.746983 -0.664844
vn 0.000000 -0.929096 -0.369839
vn 0.000000 -0.893451 -0.449161
vn 0.000000 -0.850619 -0.525782
vn 0.000000 -0.992212 -0.124558
vn 0.000000 -0.976186 -0.216933
vn 0.000000 -0.937860 -0.347014
vn 0.000000 -0.998038 -0.062611
vn -0.000000 -0.998718 0.050615
vn -0.000000 -0.994736 0.102472
vn -0.000000 -0.968103 0.250552
vn -0.000000 -0.912115 0.409934
vn -0.000000 -0.895908 0.444240
vn -0.000000 -0.795916 0.605407
vn -0.000000 -0.760064 0.649849
vn -0.000000 -0.691777 0.722111
vn -0.000000 -0.588508 0.808492
vn -0.000000 -0.596600 0.802539
vn -0.000000 -0.438387 0.898786
vn -0.000000 -0.957945 0.286952
vn -0.000000 -0.899718 0.436471
vn -0.000000 -0.868594 0.495524
vn -0.000000 -0.866987 0.498331
vn -0.000000 -0.826929 0.562306
vn -0.000000 -0.770144 0.637870
vn -0.000000 -0.732621 0.680637
vn -0.000000 -0.677519 0.735505
vn -0.000000 -0.607503 0.794317
vn -0.000000 -0.611979 0.790874
vn -0.000000 -0.504044 0.863678
vn -0.000000 -0.423063 0.906100
vn -0.000000 -0.422188 0.906508
vn -0.000000 -0.356724 0.934210
vn -0.000000 -0.310402 0.950605
vn -0.000000 -0.303167 0.952937
vn -0.000000 -0.233317 0.972401
vn -0.000000 -0.221477 0.975166
vn -0.000000 -0.173346 0.984861
vn -0.000000 -0.160527 0.987031
vn -0.000000 -0.123266 0.992374
vn -0.000000 -0.111854 0.993725
vn -0.000000 -0.100859 0.994901
vn -0.000000 -0.071158 0.997465
vn -0.000000 -0.080405 0.996762
vn -0.000000 -0.061498 0.998107
vn -0.000000 -0.959324 0.282308
vn -0.000000 -0.987679 0.156494
vn -0.000000 -0.957553 0.288256
vn -0.000000 -0.999989 0.004712
vn -0.000000 -0.999898 0.014304
vn 0.000000 -0.991480 -0.130256
vn 0.000000 -0.988513 -0.151134
vn 0.000000 -0.964451 -0.264260
vn 0.000000 -0.953992 -0.299832
vn 0.000000 -0.902196 -0.431326
vn 0.000000 -0.876463 -0.481469
vn 0.000000 -0.840627 -0.541614
vn 0.000000 -0.778976 -0.627054
vn 0.000000 -0.718413 -0.695617
vn 0.000000 -0.693726 -0.720239
vn 0.000000 -0.616784 -0.787132
vn 0.000000 -0.554753 -0.832015
vn 0.000000 -0.538187 -0.842825
vn 0.000000 -0.450581 -0.892735
vn 0.000000 -0.431086 -0.902311
vn 0.000000 -0.371183 -0.928560
vn 0.000000 -0.359941 -0.932975
vn 0.000000 -0.303083 -0.952964
vn 0.000000 -0.281429 -0.959582
vn 0.000000 -0.238540 -0.971133
vn 0.000000 -0.165089 -0.986279
vn 0.000000 -0.154430 -0.988004
vn -0.000000 0.037718 -0.999288
vn -0.000000 0.106462 -0.994317
vn -0.000000 0.251363 -0.967893
vn -0.000000 0.276821 -0.960922
vn -0.000000 0.305387 -0.952228
vn -0.000000 0.396497 -0.918036
vn -0.000000 0.391129 -0.920336
vn -0.000000 0.466274 -0.884640
vn -0.000000 0.509155 -0.860675
vn -0.000000 0.495065 -0.868856
vn -0.000000 0.509214 -0.860640
vn -0.000000 0.512937 -0.858426
vn -0.000000 0.506739 -0.862100
vn -0.000000 0.505983 -0.862544
vn -0.000000 0.488296 -0.872678
vn -0.000000 0.479060 -0.877782
vn -0.000000 0.460841 -0.887483
vn -0.000000 0.456806 -0.889566
vn -0.000000 0.427905 -0.903824
vn -0.000000 0.422300 -0.906456
vn -0.000000 0.392789 -0.919629
vn -0.000000 0.372431 -0.928060
vn -0.000000 0.353831 -0.935309
vn -0.000000 0.315849 -0.948809
vn -0.000000 0.313921 -0.949449
vn -0.000000 0.276153 -0.961114
vn -0.000000 0.263404 -0.964686
vn -0.000000 0.243498 -0.969902
vn -0.000000 0.222876 -0.974847
vn -0.000000 0.217358 -0.976092
vn -0.000000 0.196638 -0.980476
vn -0.000000 0.187407 -0.982282
vn -0.000000 0.185446 -0.982654
vn -0.000000 0.185660 -0.982614
vn -0.000000 0.190334 -0.981719
vn -0.000000 0.195572 -0.980689
vn -0.000000 0.196723 -0.980459
vn -0.000000 0.222338 -0.974970
vn -0.000000 0.224186 -0.974546
vn -0.000000 0.290007 -0.957024
vn -0.000000 0.290007 -0.957024
vn -0.000000 0.216401 -0.976305
vn -0.000000 -0.052599 0.998616
vn -0.000000 -0.043461 0.999055
vn -0.000000 -0.034731 0.999397
vn -0.000000 -0.025815 0.999667
vn -0.000000 -0.017246 0.999851
vn -0.000000 -0.008142 0.999967
vn -0.000000 0.000113 1.000000
vn -0.000000 0.009852 0.999951
vn -0.000000 0.017609 0.999845
vn -0.000000 0.027733 0.999615
vn -0.000000 0.035386 0.999374
vn -0.000000 0.045771 0.998952
vn -0.000000 0.053823 0.998550
vn -0.000000 0.064586 0.997912
vn -0.000000 0.073893 0.997266
vn -0.000000 0.085026 0.996379
vn -0.000000 0.097165 0.995268
vn -0.000000 0.108145 0.994135
vn -0.000000 0.116537 0.993186
vn -0.000000 0.170663 0.985329
vn -0.000000 0.125950 0.992037
vn -0.000000 0.165031 0.986288
vn -0.000000 0.189519 0.981877
vn -0.000000 0.222933 0.974834
vn -0.000000 0.310571 0.950550
vn -0.000000 0.310178 0.950678
vn -0.000000 0.488251 0.872703
vn -0.000000 0.453623 0.891194
vn -0.000000 0.667789 0.744350
vn -0.000000 0.709172 0.705036
vn -0.000000 0.793962 0.607968
vn -0.000000 0.870027 0.493004
vn -0.000000 0.918685 0.394991
vn -0.000000 0.945205 0.326477
vn -0.000000 0.975694 0.219139
vn -0.000000 0.969796 0.243918
vn -0.000000 0.995348 0.096348
vn -0.000000 0.989341 0.145615
vn -0.000000 0.999367 -0.035570
vn -0.000000 0.999718 0.023748
vn -0.000000 0.998224 -0.059574
vn -0.000000 0.986005 -0.166713
vn -0.000000 0.992892 -0.119020
vn -0.000000 0.989149 -0.146916
vn -0.000000 0.984539 -0.175166
vn -0.000000 0.979015 -0.203789
vn -0.000000 0.968830 -0.247728
vn -0.000000 0.957444 -0.288620
vn -0.000000 0.962049 -0.272875
vn -0.000000 0.948413 -0.317036
vn -0.000000 0.932350 -0.361557
vn -0.000000 0.919822 -0.392336
vn -0.000000 0.911216 -0.411928
vn -0.000000 0.876055 -0.482212
vn -0.000000 0.837378 -0.546624
vn -0.000000 0.733297 -0.679909
vn -0.000000 0.763966 -0.645256
vn -0.000000 0.701920 -0.712255
vn -0.000000 0.611883 -0.790948
vn -0.000000 0.605961 -0.795495
vn -0.000000 0.446351 -0.894858
vn -0.000000 0.414926 -0.909855
vn 0.000000 -0.435688 -0.900098
vn 0.000000 -0.525271 -0.850935
vn 0.000000 -0.521060 -0.853520
vn 0.000000 -0.576881 -0.816828
vn 0.000000 -0.645210 -0.764005
vn 0.000000 -0.645265 -0.763959
vn 0.000000 -0.727490 -0.686118
vn 0.000000 -0.802838 -0.596197
vn 0.000000 -0.818017 -0.575193
vn 0.000000 -0.893428 -0.449207
vn 0.000000 -0.905887 -0.423519
vn 0.000000 -0.971431 -0.237322
vn 0.000000 -0.976667 -0.214761
vn 0.000000 -0.995086 -0.099015
vn 0.000000 -0.998468 -0.055340
vn -0.000000 -0.992933 0.118673
vn -0.000000 -0.932624 0.360850
vn -0.000000 -0.950902 0.309491
vn -0.000000 -0.887603 0.460610
vn -0.000000 -0.862402 0.506225
vn -0.000000 -0.796232 0.604991
vn -0.000000 -0.745863 0.666099
vn -0.000000 -0.680309 0.732926
vn -0.000000 -0.650758 0.759286
vn -0.000000 -0.593932 0.804515
vn -0.000000 -0.524646 0.851320
vn -0.000000 -0.531185 0.847256
vn -0.000000 -0.485659 0.874148
vn -0.000000 -0.454174 0.890913
vn -0.000000 -0.430565 0.902560
vn -0.000000 -0.416590 0.909095
vn -0.000000 -0.405348 0.914162
vn -0.000000 -0.398768 0.917052
vn -0.000000 -0.387365 0.921927
vn -0.000000 -0.376132 0.926566
vn -0.000000 -0.352283 0.935893
vn -0.000000 -0.336264 0.941768
vn -0.000000 -0.307448 0.951565
vn -0.000000 -0.291335 0.956621
vn -0.000000 -0.266280 0.963896
vn -0.000000 -0.247623 0.968856
vn -0.000000 -0.228359 0.973577
vn -0.000000 -0.201904 0.979405
vn -0.000000 -0.187758 0.982215
vn -0.000000 -0.144597 0.989491
vn -0.000000 -0.135709 0.990749
vn -0.000000 -0.118335 0.992974
vn -0.000000 -0.057921 0.998321
vn -0.000000 -0.054106 0.998535
vn -0.000000 0.056702 0.998391
vn -0.000000 -0.050240 0.998737
vn -0.000000 0.200752 0.979642
vn 0.000000 -0.948959 -0.315399
vn 0.000000 -0.931743 -0.363118
vn 0.000000 -0.865003 -0.501766
vn 0.000000 -0.873054 -0.487623
vn 0.000000 -0.809612 -0.586966
vn 0.000000 -0.689451 -0.724332
vn 0.000000 -0.764207 -0.644971
vn 0.000000 -0.786336 -0.617799
vn 0.000000 -0.896010 -0.444034
vn 0.000000 -0.974353 -0.225026
vn -0.000000 -0.999973 0.007282
vn -0.000000 -0.976275 0.216534
vn 0.000000 -0.673791 -0.738922
vn 0.000000 -0.591063 -0.806625
vn 0.000000 -0.573526 -0.819187
vn 0.000000 -0.427786 -0.903880
vn 0.000000 -0.572835 -0.819671
vn 0.000000 -0.421528 -0.906816
vn 0.000000 -0.359008 -0.933335
vn 0.000000 -0.316736 -0.948514
vn 0.000000 -0.238843 -0.971058
vn 0.000000 -0.165850 -0.986151
vn 0.000000 -0.147410 -0.989076
vn 0.000000 -0.039852 -0.999206
vn -0.000000 0.023754 -0.999718
vn -0.000000 0.023348 -0.999727
vn -0.000000 0.108467 -0.994100
vn -0.000000 0.133511 -0.991047
vn -0.000000 0.185742 -0.982598
vn -0.000000 0.202728 -0.979235
vn -0.000000 0.286725 -0.958013
vn -0.000000 0.300025 -0.953931
vn -0.000000 0.409121 -0.912480
vn -0.000000 0.487704 -0.873009
vn -0.000000 0.515589 -0.856836
vn -0.000000 0.631280 -0.775555
vn -0.000000 0.683886 -0.729589
vn -0.000000 0.640494 -0.767963
vn -0.000000 0.711543 -0.702643
vn -0.000000 0.716245 -0.697849
vn -0.000000 0.713740 -0.700410
vn -0.000000 0.708587 -0.705624
vn -0.000000 0.693246 -0.720701
vn -0.000000 0.666885 -0.745160
vn -0.000000 0.663396 -0.748268
vn -0.000000 0.638333 -0.769760
vn -0.000000 0.635404 -0.772180
vn -0.000000 0.612359 -0.790580
vn -0.000000 0.608169 -0.793808
vn -0.000000 0.577518 -0.816378
vn -0.000000 0.579365 -0.815068
vn -0.000000 0.556084 -0.831126
vn -0.000000 0.551276 -0.834323
vn -0.000000 0.534025 -0.845469
vn -0.000000 0.528365 -0.849018
vn -0.000000 0.525237 -0.850956
vn -0.000000 0.526704 -0.850049
vn -0.000000 0.524397 -0.851474
vn -0.000000 0.531438 -0.847097
vn -0.000000 0.533236 -0.845966
vn -0.000000 0.546904 -0.837196
vn -0.000000 0.539400 -0.842050
vn -0.000000 0.565879 -0.824488
vn -0.000000 0.571848 -0.820360
vn -0.000000 0.587892 -0.808940
vn -0.000000 0.606748 -0.794894
vn -0.000000 0.619136 -0.785284
vn -0.000000 0.652632 -0.757675
vn -0.000000 0.676571 -0.736377
vn -0.000000 0.670761 -0.741674
vn -0.000000 0.773957 -0.633238
vn -0.000000 0.646589 -0.762839
vn -0.000000 0.773957 -0.633238
vn -0.000000 0.285670 0.958328
vn -0.000000 0.407637 0.913144
vn -0.000000 0.495742 0.868470
vn -0.000000 0.579988 0.814625
vn -0.000000 0.632102 0.774885
vn -0.000000 0.811777 0.583967
vn -0.000000 0.777705 0.628630
vn -0.000000 0.905374 0.424616
vn -0.000000 0.819416 0.573199
vn -0.000000 0.912515 0.409043
vn -0.000000 0.975934 0.218065
vn -0.000000 0.982771 0.184826
vn -0.000000 0.999531 0.030625
vn -0.000000 0.998846 -0.048034
vn -0.000000 0.991285 -0.131738
vn -0.000000 0.970346 -0.241722
vn -0.000000 0.932947 -0.360013
vn -0.000000 0.921321 -0.388803
vn -0.000000 0.868959 -0.494883
vn -0.000000 0.868031 -0.496511
vn -0.000000 0.846654 -0.532143
vn -0.000000 0.895060 -0.445946
vn -0.000000 0.948681 -0.316236
vn -0.000000 0.973669 -0.227966
vn -0.000000 0.992438 -0.122744
vn -0.000000 0.999995 -0.003224
vn -0.000000 0.991888 0.127118
vn -0.000000 0.924643 0.380835
vn -0.000000 0.714719 0.699412
vn -0.000000 0.615302 0.788292
vn -0.000000 0.455547 0.890212
vn -0.000000 0.293515 0.955955
vn -0.000000 0.075990 0.997109
vn 0.657088 -0.753814 -0.000000
vn 0.656460 -0.748073 -0.097200
vn 0.718511 -0.695516 -0.000000
vn 0.712170 -0.692999 -0.112099
vn 0.770359 -0.637610 -0.000000
vn 0.765023 -0.632643 -0.120428
vn 0.809385 -0.573289 -0.127421
vn 0.807541 -0.575610 -0.128649
vn 0.857444 -0.500851 -0.118062
vn 0.654532 -0.732024 -0.189020
vn 0.742320 -0.652889 -0.150659
vn 0.851347 -0.524603 -0.000000
vn 0.895631 -0.429367 -0.116142
vn 0.909960 -0.414696 -0.000000
vn 0.922867 -0.365736 -0.120642
vn 0.952461 -0.304660 -0.000000
vn 0.941091 -0.312333 -0.129601
vn 0.947309 -0.290374 -0.135236
vn 0.951733 -0.272402 -0.141426
vn 0.954871 -0.256517 -0.149734
vn 0.981787 -0.189983 -0.000000
vn 0.962411 -0.225801 -0.150929
vn 0.974527 -0.164110 -0.152855
vn 0.957990 -0.166077 -0.233826
vn 0.977686 -0.045402 -0.205107
vn 0.955331 -0.253144 -0.152514
vn 0.955532 -0.250410 -0.155732
vn 0.955482 -0.249297 -0.157816
vn 0.955387 -0.248879 -0.159043
vn 0.955231 -0.248621 -0.160381
vn 0.955127 -0.248567 -0.161083
vn 0.955008 -0.248568 -0.161780
vn 0.954878 -0.248622 -0.162466
vn 0.954737 -0.248725 -0.163138
vn 0.954438 -0.249047 -0.164391
vn 0.954129 -0.249481 -0.165521
vn 0.953288 -0.250965 -0.168104
vn 0.952288 -0.253045 -0.170633
vn 0.949764 -0.258953 -0.175757
vn 0.921940 -0.271886 -0.275873
vn 0.942373 -0.277510 -0.186873
vn 0.931700 -0.303456 -0.199626
vn 0.917697 -0.334328 -0.214608
vn 0.869198 -0.365326 -0.333216
vn 0.883543 -0.396325 -0.249556
vn 0.869628 -0.400521 -0.288668
vn 0.839995 -0.455842 -0.294307
vn 0.835776 -0.407512 -0.367983
vn 0.817099 -0.457567 -0.350687
vn 0.797689 -0.445753 -0.406198
vn 0.784542 -0.510519 -0.351944
vn 0.755650 -0.515011 -0.404669
vn 0.726982 -0.549805 -0.411354
vn 0.717459 -0.515011 -0.469060
vn 0.673697 -0.574601 -0.464722
vn 0.707349 -0.508394 -0.491114
vn 0.643654 -0.573289 -0.507000
vn 0.657348 -0.530707 -0.535018
vn 0.606460 -0.546102 -0.577909
vn 0.623643 -0.590665 -0.512040
vn 0.754788 -0.479631 -0.447492
vn 0.977898 0.092491 -0.187514
vn 0.987100 0.040461 -0.154905
vn 0.987423 -0.031496 -0.154930
vn 0.997833 -0.065798 -0.000000
vn 0.981180 0.116487 -0.154002
vn 0.968696 0.168751 -0.182074
vn 0.968665 0.196380 -0.152063
vn 0.951744 0.249656 -0.178479
vn 0.948528 0.279490 -0.148927
vn 0.925758 0.334438 -0.176420
vn 0.889027 0.436046 -0.139628
vn 0.889547 0.421761 -0.175569
vn 0.842256 0.509675 -0.175602
vn 0.798952 0.588150 -0.125519
vn 0.784385 0.594725 -0.176188
vn 0.682255 0.723209 -0.107219
vn 0.717569 0.673605 -0.177059
vn 0.643459 0.744483 -0.178061
vn 0.548200 0.831895 -0.086178
vn 0.564064 0.806068 -0.179126
vn 0.526663 0.831895 -0.174861
vn 0.482610 0.857075 -0.180306
vn 0.391413 0.910993 -0.129956
vn 0.401356 0.897700 -0.181793
vn 0.378992 0.910993 -0.162658
vn 0.324724 0.927794 -0.183720
vn 0.249018 0.962584 -0.106875
vn 0.238886 0.962584 -0.127929
vn 0.117958 0.991007 -0.063170
vn 0.111997 0.991007 -0.073221
vn 0.000000 1.000000 0.000000
vn 0.226812 0.962584 -0.148285
vn 0.261252 0.947172 -0.186047
vn 0.212875 0.962584 -0.167679
vn 0.212190 0.958829 -0.188738
vn 0.197199 0.962584 -0.185863
vn 0.178126 0.965133 -0.191807
vn 0.097374 0.991007 -0.091776
vn 0.088857 0.991007 -0.100045
vn 0.165399 0.966966 -0.193958
vn 0.162842 0.967250 -0.194702
vn 0.161715 0.967349 -0.195153
vn 0.160750 0.967399 -0.195701
vn 0.160329 0.967392 -0.196081
vn 0.079666 0.991007 -0.107508
vn 0.160145 0.967366 -0.196360
vn 0.160093 0.967347 -0.196494
vn 0.160063 0.967324 -0.196633
vn 0.160058 0.967295 -0.196777
vn 0.160103 0.967241 -0.197005
vn 0.160159 0.967204 -0.197141
vn 0.161337 0.962584 -0.217721
vn 0.069917 0.991007 -0.114089
vn 0.141594 0.962584 -0.231049
vn 0.059736 0.991007 -0.119734
vn 0.120975 0.962584 -0.242481
vn 0.049254 0.991007 -0.124413
vn 0.099748 0.962584 -0.251958
vn 0.038601 0.991007 -0.128119
vn 0.078174 0.962584 -0.259463
vn 0.027904 0.991007 -0.130866
vn 0.056509 0.962584 -0.265026
vn 0.021354 0.991007 -0.132093
vn 0.043246 0.962584 -0.267511
vn 0.014857 0.991007 -0.132981
vn 0.030088 0.962584 -0.269308
vn 0.002126 0.990844 -0.134993
vn 0.008844 0.961596 -0.274327
vn 0.160319 0.967127 -0.197389
vn 0.160568 0.967032 -0.197654
vn 0.160976 0.966898 -0.197978
vn 0.161835 0.966651 -0.198483
vn 0.167733 0.965220 -0.200540
vn 0.177327 0.963042 -0.202742
vn 0.206213 0.956209 -0.207703
vn 0.233906 0.932805 -0.274159
vn 0.115947 0.954922 -0.273278
vn 0.291007 0.931062 -0.220089
vn 0.323984 0.910993 -0.255199
vn 0.361364 0.888931 -0.281456
vn 0.420010 0.875253 -0.239840
vn 0.490512 0.819433 -0.296525
vn 0.489194 0.831895 -0.261991
vn 0.545371 0.796286 -0.261724
vn 0.613642 0.722194 -0.319185
vn 0.660235 0.694729 -0.285379
vn 0.718736 0.601785 -0.348243
vn 0.743195 0.588150 -0.318969
vn 0.796865 0.467249 -0.382995
vn 0.755557 0.576922 -0.310314
vn 0.826072 0.451456 -0.337332
vn 0.826977 0.436046 -0.354927
vn 0.869884 0.328648 -0.367821
vn 0.842951 0.332410 -0.423010
vn 0.889140 0.215567 -0.403685
vn 0.858487 0.206660 -0.469353
vn 0.864112 0.196380 -0.463407
vn 0.875448 0.116487 -0.469065
vn 0.887500 0.116773 -0.445767
vn 0.869646 0.033977 -0.492505
vn 0.838779 -0.036884 -0.543221
vn 0.836350 0.040461 -0.546701
vn 0.847657 0.095286 -0.521919
vn 0.836585 -0.031496 -0.546931
vn 0.795259 -0.099984 -0.597968
vn 0.815644 -0.001636 -0.578552
vn 0.765841 -0.084619 -0.637438
vn 0.739095 -0.156468 -0.655176
vn 0.717847 -0.164110 -0.676582
vn 0.670363 -0.206816 -0.712630
vn 0.698488 -0.153297 -0.699010
vn 0.658220 -0.181722 -0.730564
vn 0.614598 -0.205330 -0.761648
vn 0.592184 -0.250418 -0.765904
vn 0.579999 -0.225801 -0.782697
vn 0.568132 -0.223973 -0.791872
vn 0.513508 -0.287008 -0.808663
vn 0.519151 -0.237564 -0.821003
vn 0.500800 -0.285300 -0.817192
vn 0.466789 -0.246024 -0.849459
vn 0.458964 -0.314929 -0.830766
vn 0.411423 -0.248532 -0.876905
vn 0.482478 -0.301676 -0.822318
vn 0.283603 0.958942 0.000000
vn 0.267692 0.962584 -0.042108
vn 0.139914 0.990164 -0.000000
vn 0.132182 0.991007 -0.020798
vn 0.407416 0.910993 -0.064066
vn 0.431804 0.901968 -0.000000
vn 0.580255 0.814435 0.000000
vn 0.719241 0.694760 0.000000
vn 0.836416 0.548095 -0.000000
vn 0.922324 0.386417 -0.000000
vn 0.974571 0.224078 -0.000000
vn 0.997412 0.071891 -0.000000
vn 0.105115 0.991007 -0.082798
vn 0.122962 0.991007 -0.052773
vn 0.126991 0.991007 -0.042163
vn 0.257179 0.962584 -0.085388
vn 0.234046 0.090109 -0.968041
vn 0.209349 0.158988 -0.964829
vn 0.312335 0.146962 -0.938536
vn 0.205032 0.182506 -0.961589
vn 0.336949 0.182506 -0.923665
vn 0.258791 0.248261 -0.933485
vn 0.325885 0.272504 -0.905285
vn 0.185463 0.232861 -0.954662
vn 0.384637 0.306897 -0.870557
vn 0.455264 0.279490 -0.845352
vn 0.400014 0.195212 -0.895478
vn 0.431913 0.351226 -0.830717
vn 0.526147 0.279719 -0.803073
vn 0.487100 0.247085 -0.837665
vn 0.465825 0.404985 -0.786762
vn 0.558218 0.318036 -0.766319
vn 0.550920 0.389621 -0.738026
vn 0.579230 0.356468 -0.733092
vn 0.591348 0.392943 -0.704204
vn 0.598531 0.462936 -0.653797
vn 0.518253 0.499412 -0.694263
vn 0.587538 0.538419 -0.604073
vn 0.476571 0.604395 -0.638426
vn 0.559021 0.615190 -0.555911
vn 0.452690 0.653688 -0.606435
vn 0.514892 0.688996 -0.510070
vn 0.427077 0.700201 -0.572122
vn 0.400002 0.743547 -0.535851
vn 0.397779 0.726543 -0.560273
vn 0.344155 0.777904 -0.525759
vn 0.484406 0.466306 -0.740209
vn 0.486496 0.532883 -0.692357
vn 0.471800 0.600963 -0.645173
vn 0.441473 0.666620 -0.600599
vn 0.284064 0.819459 -0.497790
vn 0.342643 0.819697 -0.459013
vn 0.371758 0.783439 -0.498015
vn 0.458090 0.756066 -0.467459
vn 0.220545 0.851067 -0.476493
vn 0.248035 0.852242 -0.460612
vn 0.312943 0.852242 -0.419226
vn 0.392022 0.813851 -0.428912
vn 0.155313 0.873501 -0.461383
vn 0.162084 0.881086 -0.444315
vn 0.224237 0.881086 -0.416419
vn 0.089553 0.887529 -0.451965
vn 0.144824 0.906321 -0.397000
vn 0.200358 0.906321 -0.372074
vn 0.244717 0.897502 -0.366884
vn 0.167703 0.923704 -0.344451
vn 0.089719 0.940084 -0.328928
vn 0.088125 0.906321 -0.413300
vn 0.012252 0.946582 -0.322231
vn 0.024078 0.893837 -0.447744
vn 0.320024 0.861047 -0.395200
vn -0.263497 0.249586 -0.931814
vn -0.185463 0.232861 -0.954662
vn -0.208621 0.182506 -0.960817
vn -0.209349 0.158988 -0.964829
vn -0.296120 0.182506 -0.937552
vn -0.292204 0.134311 -0.946878
vn -0.355921 0.171806 -0.918588
vn -0.234046 0.090109 -0.968041
vn -0.480114 0.242142 -0.843124
vn -0.373215 0.279490 -0.884644
vn -0.334434 0.276582 -0.900920
vn -0.536932 0.290979 -0.791855
vn -0.496772 0.279490 -0.821646
vn -0.456516 0.279490 -0.844677
vn -0.390229 0.311132 -0.866555
vn -0.580028 0.358411 -0.731511
vn -0.514308 0.389621 -0.763991
vn -0.476282 0.389621 -0.788258
vn -0.432975 0.352513 -0.829619
vn -0.586542 0.389621 -0.710045
vn -0.598195 0.439646 -0.669980
vn -0.551762 0.499412 -0.667942
vn -0.589758 0.529438 -0.609821
vn -0.507385 0.604395 -0.614221
vn -0.556411 0.620501 -0.552617
vn -0.454691 0.700201 -0.550431
vn -0.502071 0.706110 -0.499333
vn -0.432275 0.780669 -0.451324
vn -0.395795 0.783439 -0.479134
vn -0.352981 0.841141 -0.409740
vn -0.347052 0.783439 -0.515537
vn -0.292146 0.852242 -0.433976
vn -0.296457 0.811943 -0.502853
vn -0.270697 0.852242 -0.447669
vn -0.248738 0.852242 -0.460232
vn -0.200927 0.906321 -0.371768
vn -0.231246 0.846476 -0.479586
vn -0.164500 0.906321 -0.389259
vn -0.163478 0.871178 -0.462952
vn -0.127275 0.906321 -0.402969
vn -0.094166 0.886802 -0.452455
vn -0.089799 0.906321 -0.412939
vn -0.052576 0.906321 -0.419307
vn -0.097650 0.938868 -0.330137
vn -0.012252 0.946582 -0.322231
vn -0.269064 0.886979 -0.375329
vn -0.183781 0.919077 -0.348601
vn -0.024078 0.893837 -0.447744
vn -0.356655 0.767395 -0.532825
vn -0.408797 0.713496 -0.569042
vn -0.449483 0.652379 -0.610218
vn -0.476104 0.587219 -0.654599
vn -0.487328 0.521499 -0.700393
vn -0.483071 0.458833 -0.745731
vn -0.464409 0.401947 -0.789154
vn -0.750683 -0.643995 -0.147463
vn -0.654532 -0.732024 -0.189020
vn -0.709204 -0.692999 -0.129543
vn -0.656460 -0.748073 -0.097200
vn -0.718087 -0.692999 -0.064050
vn -0.657088 -0.753814 -0.000000
vn -0.718511 -0.695516 -0.000000
vn -0.770359 -0.637610 -0.000000
vn -0.771382 -0.632643 -0.068804
vn -0.761875 -0.632643 -0.138959
vn -0.816113 -0.573289 -0.072794
vn -0.820155 -0.558242 -0.125342
vn -0.853794 -0.515011 -0.076154
vn -0.871466 -0.476397 -0.116589
vn -0.885659 -0.457567 -0.078997
vn -0.907975 -0.402269 -0.117303
vn -0.912664 -0.400521 -0.081405
vn -0.935508 -0.343312 -0.083443
vn -0.909960 -0.414696 -0.000000
vn -0.952461 -0.304660 -0.000000
vn -0.851347 -0.524603 -0.000000
vn -0.981787 -0.189983 -0.000000
vn -0.970321 -0.225801 -0.086548
vn -0.954648 -0.285300 -0.085150
vn -0.932223 -0.339866 -0.124303
vn -0.997833 -0.065798 -0.000000
vn -0.991099 -0.099543 -0.088401
vn -0.982541 -0.164110 -0.087638
vn -0.958279 -0.225801 -0.175255
vn -0.955264 -0.253719 -0.151980
vn -0.955533 -0.250348 -0.155827
vn -0.955475 -0.249251 -0.157931
vn -0.955376 -0.248849 -0.159158
vn -0.955216 -0.248610 -0.160485
vn -0.955112 -0.248564 -0.161175
vn -0.954993 -0.248572 -0.161867
vn -0.954724 -0.248736 -0.163196
vn -0.954430 -0.249057 -0.164422
vn -0.954129 -0.249481 -0.165521
vn -0.953286 -0.250969 -0.168110
vn -0.952402 -0.252796 -0.170366
vn -0.950238 -0.257801 -0.174889
vn -0.944390 -0.272426 -0.184150
vn -0.922289 -0.285300 -0.260744
vn -0.926581 -0.315166 -0.205227
vn -0.903797 -0.343312 -0.255516
vn -0.901523 -0.365762 -0.231245
vn -0.868788 -0.418549 -0.264621
vn -0.860599 -0.377121 -0.342270
vn -0.853318 -0.400521 -0.333813
vn -0.827721 -0.416367 -0.376188
vn -0.828148 -0.457567 -0.323734
vn -0.792118 -0.457567 -0.403956
vn -0.825930 -0.471616 -0.308897
vn -0.770982 -0.521170 -0.366016
vn -0.763619 -0.515011 -0.389422
vn -0.701518 -0.562839 -0.437132
vn -0.720642 -0.515011 -0.464154
vn -0.702835 -0.510725 -0.495160
vn -0.748227 -0.484105 -0.453650
vn -0.995552 -0.031496 -0.088799
vn -0.997412 0.071891 -0.000000
vn -0.995230 0.040461 -0.088770
vn -0.989265 0.116487 -0.088238
vn -0.982879 0.040461 -0.179754
vn -0.976988 0.116487 -0.178677
vn -0.980190 0.049718 -0.191717
vn -0.964378 0.193099 -0.180799
vn -0.964530 0.196380 -0.176399
vn -0.945792 0.271780 -0.177803
vn -0.944483 0.279490 -0.172732
vn -0.918410 0.354264 -0.176127
vn -0.956352 0.279490 -0.085302
vn -0.896366 0.436046 -0.079952
vn -0.922324 0.386417 -0.000000
vn -0.836416 0.548095 -0.000000
vn -0.974571 0.224078 -0.000000
vn -0.976651 0.196380 -0.087113
vn -0.805554 0.588150 -0.071852
vn -0.719241 0.694760 0.000000
vn -0.687898 0.723209 -0.061357
vn -0.580255 0.814435 0.000000
vn -0.552738 0.831895 -0.049302
vn -0.431804 0.901968 -0.000000
vn -0.410792 0.910993 -0.036641
vn -0.283603 0.958942 0.000000
vn -0.269912 0.962584 -0.024075
vn -0.139914 0.990164 -0.000000
vn -0.133279 0.991007 -0.011888
vn -0.002126 0.990844 -0.134993
vn -0.014058 0.991007 -0.133067
vn -0.008844 0.961596 -0.274327
vn -0.028471 0.962584 -0.269484
vn -0.131590 0.952930 -0.273146
vn -0.053223 0.962584 -0.265706
vn -0.078211 0.962584 -0.259452
vn -0.038620 0.991007 -0.128114
vn -0.044778 0.991007 -0.126093
vn -0.254381 0.927228 -0.274842
vn -0.139282 0.962584 -0.232449
vn -0.127427 0.962584 -0.239154
vn -0.115341 0.962584 -0.245212
vn -0.062921 0.991007 -0.118091
vn -0.056954 0.991007 -0.121082
vn -0.379100 0.881000 -0.283057
vn -0.322261 0.910993 -0.257372
vn -0.235448 0.948471 -0.212053
vn -0.193892 0.959212 -0.205715
vn -0.502695 0.811339 -0.298373
vn -0.419989 0.875263 -0.239842
vn -0.291007 0.931062 -0.220089
vn -0.618337 0.717704 -0.320251
vn -0.615422 0.723209 -0.313408
vn -0.549074 0.793505 -0.262425
vn -0.666309 0.688339 -0.286743
vn -0.716536 0.604835 -0.347493
vn -0.763195 0.565448 -0.312734
vn -0.790725 0.480401 -0.379431
vn -0.833370 0.434896 -0.341117
vn -0.838880 0.349104 -0.417621
vn -0.874867 0.308340 -0.373543
vn -0.855059 0.279490 -0.436760
vn -0.890390 0.192922 -0.412295
vn -0.873345 0.196380 -0.445761
vn -0.884765 0.116487 -0.451245
vn -0.858219 0.218325 -0.464537
vn -0.848973 0.101637 -0.518570
vn -0.817295 0.002016 -0.576216
vn -0.840245 0.040461 -0.540695
vn -0.884034 0.092676 -0.458143
vn -0.767520 -0.082402 -0.635707
vn -0.820062 -0.067172 -0.568319
vn -0.859581 0.006403 -0.510959
vn -0.699051 -0.152840 -0.698547
vn -0.767523 -0.130244 -0.627651
vn -0.777504 -0.099543 -0.620949
vn -0.703905 -0.164110 -0.691076
vn -0.658375 -0.181631 -0.730447
vn -0.702641 -0.185045 -0.687062
vn -0.632705 -0.229182 -0.739703
vn -0.614923 -0.205182 -0.761426
vn -0.621792 -0.225801 -0.749925
vn -0.582739 -0.225801 -0.780659
vn -0.565767 -0.263169 -0.781441
vn -0.569020 -0.223672 -0.791320
vn -0.519775 -0.237427 -0.820648
vn -0.466768 -0.246022 -0.849471
vn -0.492834 -0.285300 -0.822021
vn -0.504947 -0.290923 -0.812645
vn -0.450693 -0.285300 -0.845860
vn -0.411423 -0.248532 -0.876905
vn -0.458964 -0.314929 -0.830766
vn -0.172963 0.962584 -0.208605
vn -0.167289 0.965322 -0.200417
vn -0.163304 0.966270 -0.199132
vn -0.161806 0.966659 -0.198468
vn -0.160661 0.967000 -0.197736
vn -0.162099 0.962584 -0.217154
vn -0.160350 0.967114 -0.197427
vn -0.160183 0.967192 -0.197185
vn -0.080042 0.991007 -0.107228
vn -0.160062 0.967286 -0.196820
vn -0.085407 0.991007 -0.103006
vn -0.160059 0.967316 -0.196677
vn -0.160082 0.967341 -0.196536
vn -0.160128 0.967361 -0.196399
vn -0.160193 0.967376 -0.196270
vn -0.160452 0.967398 -0.195949
vn -0.161143 0.967385 -0.195447
vn -0.164255 0.967101 -0.194259
vn -0.090560 0.991007 -0.098506
vn -0.197381 0.961768 -0.189853
vn -0.095483 0.991007 -0.093742
vn -0.104556 0.991007 -0.083503
vn -0.211743 0.962584 -0.169107
vn -0.253603 0.949179 -0.186401
vn -0.227818 0.962584 -0.146734
vn -0.405025 0.896067 -0.181711
vn -0.241405 0.962584 -0.123109
vn -0.384131 0.910993 -0.150119
vn -0.252395 0.962584 -0.098636
vn -0.396854 0.910993 -0.112246
vn -0.260757 0.962584 -0.073741
vn -0.405694 0.910993 -0.074196
vn -0.266563 0.962584 -0.048750
vn -0.562776 0.806966 -0.179132
vn -0.533979 0.831895 -0.151052
vn -0.545878 0.831895 -0.099833
vn -0.639424 0.747938 -0.178116
vn -0.679361 0.723209 -0.124245
vn -0.712023 0.679442 -0.177152
vn -0.777484 0.603693 -0.176278
vn -0.795557 0.588150 -0.145496
vn -0.834130 0.522850 -0.175656
vn -0.885242 0.436046 -0.161898
vn -0.881195 0.438966 -0.175512
vn -0.983197 -0.031496 -0.179812
vn -0.974308 -0.077906 -0.211317
vn -0.978799 -0.099543 -0.179008
vn -0.951443 -0.190440 -0.241846
vn -0.970348 -0.164110 -0.177463
vn -0.913811 -0.289411 -0.284939
vn -0.790289 -0.452217 -0.413452
vn -0.640230 -0.573289 -0.511316
vn -0.655117 -0.531531 -0.536932
vn -0.623643 -0.590665 -0.512040
vn -0.606460 -0.546102 -0.577909
vn -0.954539 -0.258550 -0.148351
vn -0.951733 -0.272403 -0.141421
vn -0.947120 -0.291089 -0.135025
vn -0.131625 0.991007 -0.024072
vn -0.128760 0.991007 -0.036408
vn -0.119202 0.991007 -0.060790
vn -0.112494 0.991007 -0.072455
vn -0.074491 0.991007 -0.111156
vn -0.068776 0.991007 -0.114780
vn -0.050897 0.991007 -0.123750
vn -0.026281 0.991007 -0.131202
vn -0.103076 0.962584 -0.250614
vn -0.150856 0.962584 -0.225110
vn -0.124629 0.991007 -0.048705
vn -0.090683 0.962584 -0.255360
vn 0.619175 0.785253 -0.000000
vn 0.513193 0.858273 -0.000000
vn 0.597121 0.802151 -0.000000
vn 0.522821 0.852442 -0.000000
vn 0.468964 0.883217 -0.000000
vn 0.465481 0.885058 -0.000000
vn 0.433299 0.901250 -0.000000
vn 0.428399 0.903590 -0.000000
vn 0.411141 0.911572 -0.000000
vn 0.396252 0.918142 -0.000000
vn -0.619175 0.785253 -0.000000
vn -0.597121 0.802151 -0.000000
vn -0.513193 0.858273 -0.000000
vn -0.522821 0.852442 -0.000000
vn -0.468964 0.883217 -0.000000
vn -0.428399 0.903590 -0.000000
vn -0.433255 0.901271 -0.000000
vn -0.465423 0.885088 -0.000000
vn -0.396252 0.918142 -0.000000
vn -0.411113 0.911584 -0.000000
vn -0.584698 0.495333 0.642475
vn -0.574424 0.501751 0.646748
vn -0.583992 0.501989 0.637934
vn -0.572051 0.507862 0.644076
vn -0.606987 0.501751 0.616290
vn -0.636310 0.507023 0.581409
vn -0.629481 0.501751 0.593295
vn -0.679522 0.501751 0.535253
vn -0.684785 0.490020 0.539398
vn -0.729618 0.490020 0.477009
vn -0.723752 0.473939 0.501562
vn -0.753798 0.478733 0.450114
vn -0.768457 0.490020 0.411527
vn -0.770830 0.480599 0.418145
vn -0.788516 0.481929 0.382083
vn -0.801051 0.490020 0.343799
vn -0.797707 0.482340 0.361956
vn -0.806933 0.482520 0.340637
vn -0.815826 0.482421 0.318902
vn -0.827297 0.490020 0.274700
vn -0.824259 0.482010 0.297091
vn -0.831896 0.481287 0.276245
vn -0.838622 0.480285 0.256983
vn -0.859912 0.490220 0.142252
vn -0.849638 0.477569 0.223702
vn -0.869356 0.474906 0.136690
vn -0.864842 0.470107 0.176206
vn -0.875568 0.460492 0.146040
vn -0.881226 0.472696 0.000000
vn -0.893116 0.434842 0.115132
vn -0.900748 0.434343 0.000000
vn -0.911224 0.398151 0.105575
vn -0.930344 0.366687 0.000000
vn -0.926466 0.361251 0.105631
vn -0.948450 0.316926 0.000000
vn -0.942116 0.318138 0.105856
vn -0.958341 0.265192 0.106094
vn -0.946865 0.297411 0.122450
vn -0.951620 0.277950 0.131007
vn -0.953231 0.269033 0.137735
vn -0.953386 0.267439 0.139753
vn -0.953409 0.266744 0.140918
vn -0.953378 0.266164 0.142223
vn -0.953335 0.265928 0.142951
vn -0.953266 0.265744 0.143750
vn -0.973781 0.201178 0.106194
vn -0.967768 0.201178 0.151502
vn -0.980174 0.125269 0.153514
vn -0.966168 0.201178 0.161388
vn -0.978550 0.125269 0.163549
vn -0.951941 0.214943 0.218192
vn -0.976704 0.098988 0.190396
vn -0.987250 0.037514 0.154693
vn -0.986450 0.125269 0.105948
vn -0.993755 0.037514 0.105093
vn -0.996778 0.080206 0.000000
vn -0.999550 -0.029990 0.000000
vn -0.577107 0.488140 0.654726
vn -0.518996 0.490020 0.700374
vn -0.515008 0.501751 0.694992
vn -0.451984 0.501751 0.737534
vn -0.450117 0.507862 0.734487
vn -0.410768 0.504405 0.759503
vn -0.391044 0.513837 0.763581
vn -0.543794 0.471166 0.694471
vn -0.523953 0.474906 0.707063
vn -0.455484 0.490020 0.743246
vn -0.459834 0.474906 0.750345
vn -0.432114 0.474906 0.766643
vn -0.447103 0.453833 0.770801
vn -0.383837 0.464809 0.797886
vn -0.397704 0.453833 0.797413
vn -0.345563 0.443780 0.826828
vn -0.404431 0.423352 0.810684
vn -0.333481 0.423352 0.842356
vn -0.335245 0.384152 0.860254
vn -0.278706 0.417990 0.864643
vn -0.230006 0.405035 0.884898
vn -0.235024 0.339592 0.910737
vn -0.194452 0.361251 0.911968
vn -0.097554 0.318138 0.943012
vn -0.095951 0.361251 0.927519
vn -0.000000 0.361251 0.932468
vn -0.058906 0.383699 0.921577
vn -0.019601 0.382557 0.923724
vn 0.019952 0.382562 0.923714
vn 0.059245 0.383714 0.921549
vn 0.095951 0.361251 0.927519
vn 0.097716 0.386013 0.917303
vn 0.134654 0.389426 0.911162
vn 0.194452 0.361251 0.911968
vn 0.169158 0.393828 0.903485
vn 0.201155 0.399117 0.894562
vn 0.256187 0.411492 0.874667
vn 0.335360 0.384198 0.860189
vn 0.299136 0.424744 0.854465
vn 0.380989 0.423352 0.821962
vn 0.332049 0.437638 0.835593
vn 0.374759 0.453833 0.808450
vn 0.375832 0.459846 0.804545
vn 0.465608 0.453833 0.759766
vn 0.459834 0.474906 0.750345
vn 0.543415 0.470994 0.694885
vn 0.544549 0.474906 0.691325
vn 0.577008 0.488079 0.654859
vn 0.539398 0.490020 0.684785
vn 0.584680 0.495311 0.642508
vn 0.535253 0.501751 0.679522
vn 0.583992 0.501989 0.637934
vn 0.533041 0.507862 0.676715
vn 0.521405 0.510123 0.684041
vn 0.450117 0.507862 0.734487
vn 0.391044 0.513837 0.763581
vn 0.412252 0.502856 0.759726
vn -0.490998 0.449078 0.746492
vn -0.465608 0.453833 0.759766
vn -0.457852 0.435531 0.775038
vn -0.420731 0.420263 0.803968
vn -0.122682 0.286352 0.950238
vn -0.000000 0.265192 0.964196
vn -0.000000 0.318138 0.948045
vn 0.097554 0.318138 0.943012
vn -0.000000 0.224103 0.974565
vn 0.122667 0.286357 0.950238
vn 0.235241 0.339697 0.910641
vn 0.421417 0.420547 0.803460
vn 0.490950 0.449073 0.746526
vn 0.608869 0.489199 0.624469
vn 0.611656 0.501751 0.611656
vn 0.636137 0.507028 0.581595
vn 0.608689 0.473430 0.636680
vn 0.622280 0.474906 0.622280
vn 0.616393 0.490020 0.616393
vn 0.679522 0.501751 0.535253
vn 0.730826 0.504532 0.459719
vn 0.737517 0.501751 0.452013
vn 0.784811 0.501751 0.363755
vn 0.790889 0.490020 0.366572
vn 0.802374 0.502659 0.321762
vn 0.827304 0.490020 0.274679
vn 0.852546 0.490020 0.181782
vn 0.849370 0.477657 0.224533
vn 0.860689 0.474906 0.183519
vn 0.857017 0.474654 0.200564
vn 0.868639 0.467214 0.164854
vn 0.630094 0.453833 0.630094
vn 0.587586 0.453190 0.670344
vn 0.618299 0.429301 0.658336
vn 0.598550 0.424384 0.679438
vn 0.549112 0.426342 0.718825
vn 0.560594 0.423352 0.711694
vn 0.571842 0.410498 0.710274
vn 0.583616 0.418290 0.696007
vn 0.562787 0.399944 0.723405
vn 0.499231 0.391625 0.772916
vn 0.557218 0.385869 0.735264
vn 0.487231 0.361251 0.795049
vn 0.558282 0.350755 0.751859
vn 0.495370 0.318138 0.808330
vn 0.562872 0.318138 0.762866
vn 0.545291 0.265239 0.795177
vn 0.577500 0.264668 0.772298
vn 0.442598 0.345521 0.827479
vn 0.384018 0.283124 0.878846
vn 0.405464 0.265192 0.874798
vn 0.503809 0.265192 0.822101
vn 0.489055 0.249146 0.835914
vn 0.501154 0.255466 0.826790
vn 0.327679 0.200272 0.923319
vn 0.411922 0.201178 0.888733
vn 0.457971 0.212063 0.863303
vn 0.447090 0.161245 0.879836
vn 0.417208 0.125269 0.900136
vn 0.447048 0.103578 0.888493
vn 0.420224 0.037514 0.906645
vn 0.447161 0.037514 0.893666
vn 0.465378 -0.029559 0.884618
vn 0.452995 0.039683 0.890629
vn 0.275024 0.092916 0.956937
vn 0.312618 0.125269 0.941583
vn 0.314872 0.037514 0.948392
vn 0.225307 -0.039994 0.973467
vn 0.314510 -0.060531 0.947322
vn 0.255550 -0.060531 0.964899
vn 0.253768 -0.186738 0.949068
vn 0.204867 -0.186738 0.960811
vn 0.264516 -0.278436 0.923312
vn 0.197983 -0.314071 0.928527
vn 0.257594 -0.294857 0.920166
vn 0.247416 -0.314071 0.916594
vn 0.248503 -0.329323 0.910930
vn 0.243327 -0.367107 0.897789
vn 0.187894 -0.433786 0.881207
vn 0.240442 -0.407122 0.881158
vn 0.238242 -0.450430 0.860438
vn 0.235035 -0.505101 0.830441
vn 0.175577 -0.539551 0.823443
vn 0.230052 -0.565807 0.791795
vn 0.162192 -0.628552 0.760668
vn 0.225792 -0.618812 0.752389
vn 0.226851 -0.663369 0.713078
vn 0.148730 -0.700949 0.697531
vn 0.224735 -0.700949 0.676878
vn 0.135856 -0.758666 0.637157
vn 0.205284 -0.758666 0.618292
vn 0.123922 -0.804282 0.581183
vn 0.187250 -0.804282 0.563975
vn 0.209352 -0.835313 0.508354
vn 0.249893 -0.804282 0.539151
vn 0.310505 -0.804282 0.506673
vn 0.340409 -0.758666 0.555471
vn 0.367837 -0.804282 0.466719
vn 0.403459 -0.758666 0.511514
vn 0.420197 -0.804282 0.420197
vn 0.460666 -0.758666 0.460666
vn 0.511779 -0.758666 0.403123
vn 0.515909 -0.705389 0.486071
vn 0.560273 -0.700949 0.441321
vn 0.546559 -0.677571 0.492109
vn 0.610986 -0.628552 0.481267
vn 0.570543 -0.645476 0.507780
vn 0.589272 -0.609247 0.530638
vn 0.662471 -0.568623 0.487648
vn 0.661408 -0.539551 0.520984
vn 0.682473 -0.483396 0.548233
vn 0.611504 -0.521010 0.595492
vn 0.685331 -0.436759 0.582720
vn 0.612461 -0.469954 0.635638
vn 0.637115 -0.433786 0.637115
vn 0.604635 -0.416841 0.678719
vn 0.670438 -0.343184 0.657828
vn 0.651752 -0.300387 0.696410
vn 0.178319 -0.190851 0.965287
vn 0.135364 -0.340281 0.930529
vn 0.096640 -0.474312 0.875036
vn 0.086637 -0.539551 0.837484
vn 0.080032 -0.628552 0.773639
vn 0.062155 -0.584453 0.809043
vn 0.030935 -0.669123 0.742507
vn 0.073389 -0.700949 0.709425
vn -0.000000 -0.732569 0.680692
vn 0.067037 -0.758666 0.648022
vn -0.000000 -0.758666 0.651480
vn -0.000000 -0.804282 0.594248
vn -0.061148 -0.804282 0.591093
vn -0.105670 -0.836808 0.537201
vn -0.123922 -0.804282 0.581183
vn -0.218739 -0.804282 0.552525
vn -0.135856 -0.758666 0.637157
vn -0.239806 -0.758666 0.605738
vn -0.253143 -0.713511 0.653315
vn -0.272190 -0.725820 0.631742
vn -0.035380 -0.658216 0.751997
vn -0.073389 -0.700949 0.709425
vn -0.067037 -0.758666 0.648022
vn -0.080032 -0.628552 0.773639
vn -0.071782 -0.555091 0.828686
vn -0.086637 -0.539551 0.837484
vn -0.091710 -0.490802 0.866431
vn -0.175577 -0.539551 0.823443
vn -0.187894 -0.433786 0.881207
vn -0.236396 -0.484439 0.842280
vn -0.239677 -0.420605 0.875012
vn -0.243851 -0.362198 0.899639
vn -0.197983 -0.314071 0.928527
vn -0.252466 -0.311566 0.916072
vn -0.259911 -0.288763 0.921446
vn -0.204867 -0.186738 0.960811
vn -0.270272 -0.267961 0.924743
vn -0.284041 -0.249656 0.925739
vn -0.301487 -0.234404 0.924208
vn -0.361620 -0.186738 0.913433
vn -0.321593 -0.223187 0.920198
vn -0.343314 -0.216051 0.914034
vn -0.365521 -0.212677 0.906180
vn -0.387563 -0.212509 0.897015
vn -0.438578 -0.186738 0.879078
vn -0.429779 -0.219902 0.875747
vn -0.470133 -0.236186 0.850406
vn -0.513326 -0.186738 0.837631
vn -0.508611 -0.261286 0.820393
vn -0.582257 -0.214363 0.784235
vn -0.543011 -0.294391 0.786430
vn -0.565306 -0.314071 0.762750
vn -0.571809 -0.334612 0.749045
vn -0.630463 -0.314071 0.709842
vn -0.593037 -0.378918 0.710442
vn -0.669201 -0.339623 0.660929
vn -0.606352 -0.424528 0.672394
vn -0.679809 -0.379004 0.627866
vn -0.655682 -0.433786 0.617990
vn -0.685016 -0.423756 0.592608
vn -0.681107 -0.433786 0.589850
vn -0.683998 -0.468971 0.558760
vn -0.612151 -0.513588 0.601248
vn -0.633167 -0.539551 0.554964
vn -0.612701 -0.539551 0.577480
vn -0.595559 -0.593057 0.541842
vn -0.113089 -0.418121 0.901325
vn -0.135822 -0.338673 0.931049
vn -0.159954 -0.254084 0.953864
vn -0.185489 -0.166656 0.968411
vn -0.212356 -0.079524 0.973951
vn -0.240155 0.002978 0.970730
vn -0.367420 -0.060531 0.928083
vn -0.367836 0.037514 0.929134
vn -0.268730 0.077921 0.960059
vn -0.365195 0.125269 0.922464
vn -0.297508 0.142760 0.943986
vn -0.326278 0.197684 0.924372
vn -0.360569 0.201178 0.910778
vn -0.382822 0.281683 0.879831
vn -0.430447 0.265192 0.862780
vn -0.423236 0.318138 0.848328
vn -0.503809 0.265192 0.822101
vn -0.495370 0.318138 0.808330
vn -0.541584 0.264964 0.797797
vn -0.564984 0.318138 0.761303
vn -0.557922 0.265615 0.786239
vn -0.574317 0.264939 0.774575
vn -0.593914 0.309304 0.742696
vn -0.616107 0.297298 0.729401
vn -0.435970 0.339336 0.833535
vn -0.487231 0.361251 0.795049
vn -0.486807 0.382314 0.785401
vn -0.555933 0.361251 0.748622
vn -0.555745 0.374181 0.742386
vn -0.557081 0.356460 0.750065
vn -0.533098 0.415519 0.736988
vn -0.559873 0.394274 0.728760
vn -0.574015 0.412250 0.707500
vn -0.586716 0.419805 0.692480
vn -0.571506 0.441587 0.691651
vn -0.604036 0.426020 0.673534
vn -0.626177 0.430649 0.649957
vn -0.591739 0.453833 0.666244
vn -0.648456 0.453833 0.611180
vn -0.598153 0.461830 0.654924
vn -0.640415 0.474906 0.603600
vn -0.610968 0.478037 0.631030
vn -0.634356 0.490020 0.597890
vn -0.607064 0.491049 0.624775
vn -0.429209 -0.741328 0.515957
vn -0.432625 -0.758666 0.487095
vn -0.414110 -0.743635 0.524900
vn -0.387876 -0.758666 0.523430
vn -0.398209 -0.745182 0.534915
vn -0.381723 -0.745910 0.545808
vn -0.365374 -0.745796 0.557037
vn -0.340409 -0.758666 0.555471
vn -0.349400 -0.744887 0.568386
vn -0.320003 -0.740995 0.590359
vn -0.290890 -0.758666 0.582931
vn -0.294779 -0.734804 0.610875
vn -0.443421 -0.738325 0.508188
vn -0.468654 -0.730657 0.496492
vn -0.474091 -0.758666 0.446838
vn -0.508094 -0.710806 0.486411
vn -0.511779 -0.758666 0.403123
vn -0.560273 -0.700949 0.441321
vn -0.545286 -0.758666 0.356496
vn -0.596955 -0.700949 0.390276
vn -0.598208 -0.706445 0.378263
vn -0.601767 -0.697531 0.389008
vn -0.611690 -0.678315 0.407092
vn -0.624639 -0.654366 0.426182
vn -0.610986 -0.628552 0.481267
vn -0.639650 -0.624532 0.448115
vn -0.667506 -0.552981 0.498645
vn -0.661408 -0.539551 0.520984
vn -0.537784 -0.686762 0.489027
vn -0.561422 -0.659100 0.500393
vn -0.581834 -0.628552 0.516131
vn -0.612455 -0.469870 0.635705
vn -0.227133 -0.599097 0.767785
vn -0.162192 -0.628552 0.760668
vn -0.225301 -0.644175 0.730943
vn -0.148730 -0.700949 0.697531
vn -0.231363 -0.682180 0.693615
vn 0.431262 -0.740947 0.514792
vn 0.414110 -0.743635 0.524900
vn 0.395862 -0.745339 0.536436
vn 0.377038 -0.745961 0.548985
vn 0.358317 -0.745493 0.562005
vn 0.340426 -0.744020 0.574930
vn 0.273960 -0.758666 0.591077
vn 0.307597 -0.738342 0.600195
vn 0.278574 -0.728805 0.625491
vn 0.255984 -0.715788 0.649708
vn 0.240830 -0.700377 0.671917
vn 0.273647 -0.262738 0.925249
vn 0.285087 -0.248539 0.925718
vn 0.298886 -0.236285 0.924574
vn 0.309538 -0.186738 0.932371
vn 0.314578 -0.226507 0.921811
vn 0.331541 -0.219381 0.917580
vn 0.349593 -0.214737 0.911961
vn 0.368696 -0.212469 0.904942
vn 0.413123 -0.186738 0.891324
vn 0.409084 -0.215060 0.886791
vn 0.433785 -0.186738 0.881453
vn 0.450864 -0.227247 0.863180
vn 0.513326 -0.186738 0.837631
vn 0.491889 -0.249080 0.834268
vn 0.529660 -0.280062 0.800641
vn 0.562258 -0.319508 0.762746
vn 0.602162 -0.234180 0.763257
vn 0.551671 -0.184995 0.813287
vn 0.514317 -0.142565 0.845668
vn 0.486559 -0.094190 0.868555
vn 0.443969 -0.060531 0.893995
vn 0.419749 -0.060531 0.905620
vn 0.587652 -0.314071 0.745670
vn 0.587639 -0.365682 0.721774
vn 0.603274 -0.567716 0.560142
vn 0.474277 -0.728478 0.494349
vn 0.446964 -0.737438 0.506367
vn -0.597184 -0.713165 0.367106
vn -0.597906 -0.715536 0.361270
vn -0.598745 -0.716531 0.357893
vn -0.600034 -0.717296 0.354184
vn -0.574312 -0.758666 0.307558
vn -0.523859 -0.804282 0.280539
vn -0.546089 -0.804282 0.234345
vn -0.547499 -0.807505 0.219498
vn -0.551550 -0.804282 0.221185
vn -0.602010 -0.788060 0.128632
vn -0.618292 -0.758666 0.205284
vn -0.643561 -0.758666 0.101272
vn -0.673322 -0.706123 0.219153
vn -0.701361 -0.683719 0.201544
vn -0.600882 -0.717561 0.352203
vn -0.601864 -0.717725 0.350186
vn -0.602957 -0.717782 0.348184
vn -0.604157 -0.717731 0.346203
vn -0.606708 -0.717344 0.342523
vn -0.609335 -0.716668 0.339262
vn -0.614503 -0.714792 0.333855
vn -0.619575 -0.712461 0.329435
vn -0.598776 -0.758666 0.256698
vn -0.629761 -0.706774 0.322292
vn -0.655615 -0.700949 0.280783
vn -0.666109 -0.679439 0.307672
vn -0.709428 -0.636056 0.303554
vn -0.760194 -0.570269 0.311285
vn -0.720810 -0.628552 0.292155
vn -0.718627 -0.644353 0.261505
vn -0.691536 -0.674947 0.257339
vn -0.813428 -0.477051 0.332804
vn -0.779906 -0.539551 0.317225
vn -0.785062 -0.554740 0.275574
vn -0.750443 -0.604493 0.267253
vn -0.856337 -0.364587 0.365736
vn -0.849188 -0.434288 0.300455
vn -0.879723 -0.248376 0.405458
vn -0.872106 -0.314071 0.375221
vn -0.875155 -0.365108 0.317489
vn -0.882545 -0.134006 0.450729
vn -0.902683 -0.186738 0.387676
vn -0.906568 -0.218211 0.361273
vn -0.894710 -0.292281 0.337736
vn -0.865728 -0.026700 0.499803
vn -0.879933 -0.060531 0.471226
vn -0.905509 -0.076976 0.417286
vn -0.910109 -0.145957 0.387811
vn -0.832017 0.068240 0.550537
vn -0.873828 0.046148 0.484041
vn -0.893120 -0.012392 0.449648
vn -0.848649 0.098206 0.519760
vn -0.784584 0.145877 0.602618
vn -0.783915 0.183907 0.593005
vn -0.728827 0.202227 0.654152
vn -0.703858 0.248609 0.665415
vn -0.668018 0.239702 0.704482
vn -0.640288 0.265192 0.720905
vn -0.636938 0.252011 0.728561
vn -0.606151 0.260325 0.751540
vn -0.525622 0.262799 0.809109
vn -0.510581 0.258996 0.819895
vn -0.497059 0.253584 0.829836
vn -0.485203 0.246579 0.838914
vn -0.467365 0.228899 0.853917
vn -0.455924 0.206900 0.865636
vn -0.437303 0.201178 0.876523
vn -0.446394 0.147685 0.882565
vn -0.442914 0.125269 0.887770
vn -0.449420 0.071654 0.890442
vn -0.446116 0.037514 0.894188
vn -0.461870 -0.013769 0.886841
vn -0.445612 -0.060531 0.893177
vn -0.472219 -0.055047 0.879761
vn -0.484131 -0.088571 0.870501
vn -0.511268 -0.138275 0.848224
vn -0.544446 -0.177767 0.819742
vn -0.620630 -0.254849 0.741532
vn -0.654839 -0.306190 0.690966
vn 0.599654 -0.702402 0.383468
vn 0.597184 -0.713165 0.367106
vn 0.555471 -0.758666 0.340409
vn 0.597630 -0.714998 0.362789
vn 0.598701 -0.716493 0.358044
vn 0.599533 -0.717065 0.355497
vn 0.600624 -0.717494 0.352779
vn 0.601995 -0.717738 0.349934
vn 0.603593 -0.717768 0.347110
vn 0.605368 -0.717588 0.344380
vn 0.607218 -0.717232 0.341855
vn 0.610992 -0.716134 0.337404
vn 0.591056 -0.758666 0.274006
vn 0.618301 -0.713083 0.330480
vn 0.632032 -0.705360 0.320941
vn 0.647042 -0.700949 0.300012
vn 0.647329 -0.694727 0.313559
vn 0.683353 -0.663491 0.304645
vn 0.669729 -0.698140 0.253107
vn 0.701402 -0.664106 0.258840
vn 0.607530 -0.686060 0.400286
vn 0.633408 -0.637347 0.438843
vn 0.681625 -0.389395 0.619483
vn 0.628216 -0.264395 0.731738
vn 0.470150 0.232530 0.851404
vn 0.478670 0.241404 0.844156
vn 0.514846 0.260279 0.816816
vn 0.529780 0.263529 0.806155
vn 0.611644 0.259116 0.747496
vn 0.596625 0.265192 0.757437
vn 0.592961 0.309867 0.743222
vn 0.579147 0.319150 0.750155
vn 0.569145 0.328776 0.753645
vn 0.646835 0.248532 0.720997
vn 0.636338 0.286980 0.716042
vn 0.611804 0.299549 0.732097
vn 0.665537 0.271464 0.695246
vn 0.682007 0.232775 0.693313
vn 0.697915 0.252388 0.670235
vn 0.716470 0.211513 0.664781
vn 0.766892 0.200324 0.609711
vn 0.749524 0.184376 0.635783
vn 0.807876 0.112605 0.578495
vn 0.852817 0.016837 0.521938
vn 0.852260 0.037514 0.521771
vn 0.827310 0.131834 0.546057
vn 0.879279 -0.099342 0.465832
vn 0.900202 -0.043777 0.433266
vn 0.872089 0.050341 0.486751
vn 0.881912 -0.225457 0.414006
vn 0.891329 -0.186738 0.413111
vn 0.910149 -0.148630 0.386701
vn 0.860428 -0.349867 0.370482
vn 0.901319 -0.257335 0.348428
vn 0.876046 -0.362329 0.318216
vn 0.820722 -0.461356 0.336996
vn 0.838360 -0.458410 0.294979
vn 0.793356 -0.541583 0.277981
vn 0.773437 -0.549905 0.315277
vn 0.745156 -0.611460 0.266193
vn 0.726205 -0.616233 0.304767
vn -0.669729 -0.698140 0.253107
vn -0.661311 -0.700949 0.267092
vn -0.659456 -0.709333 0.248925
vn -0.655956 -0.713885 0.245133
vn -0.655464 -0.714817 0.243729
vn -0.604371 -0.758666 0.243231
vn -0.655321 -0.715230 0.242899
vn -0.655275 -0.715597 0.241940
vn -0.655370 -0.715903 0.240774
vn -0.655490 -0.716015 0.240114
vn -0.655667 -0.716091 0.239404
vn -0.655896 -0.716124 0.238676
vn -0.656173 -0.716115 0.237942
vn -0.656487 -0.716066 0.237223
vn -0.656823 -0.715986 0.236533
vn -0.657540 -0.715752 0.235245
vn -0.658291 -0.715450 0.234061
vn -0.659843 -0.714713 0.231932
vn -0.663631 -0.712578 0.227655
vn -0.704551 -0.700949 0.110809
vn -0.739620 -0.647072 0.185094
vn -0.768333 -0.628552 0.120774
vn -0.763979 -0.620370 0.177420
vn -0.791781 -0.586498 0.170597
vn -0.831751 -0.539551 0.130672
vn -0.822343 -0.544537 0.165019
vn -0.854689 -0.493562 0.160946
vn -0.887420 -0.432842 0.158536
vn -0.890110 -0.433786 0.139764
vn -0.896704 -0.433786 0.088044
vn -0.838083 -0.539551 0.080638
vn -0.774336 -0.628552 0.072982
vn -0.710193 -0.700949 0.065541
vn -0.648839 -0.758666 0.058606
vn -0.642379 -0.764198 0.057884
vn -0.678012 -0.735051 0.000000
vn -0.739554 -0.673097 0.000000
vn -0.802724 -0.596351 0.000000
vn -0.863972 -0.503539 0.000000
vn -0.918505 -0.395409 0.000000
vn -0.944673 -0.314071 0.094616
vn -0.961250 -0.275677 0.000000
vn -0.977326 -0.186738 0.099815
vn -0.988519 -0.151100 0.000000
vn -0.992801 -0.060531 0.103356
vn -0.918433 -0.362705 0.157879
vn -0.944592 -0.287199 0.158941
vn -0.937920 -0.314071 0.147191
vn -0.964592 -0.208413 0.161636
vn -0.977749 -0.128312 0.165960
vn -0.968922 -0.186738 0.162233
vn -0.970544 -0.186738 0.152227
vn -0.986123 -0.060531 0.154586
vn -0.984480 -0.060531 0.164727
vn -0.983875 -0.049079 0.171993
vn -0.983276 0.027599 0.180017
vn -0.985610 0.037514 0.164822
vn -0.951034 0.265192 0.158770
vn -0.919702 0.297551 0.256149
vn -0.933758 0.309281 0.180114
vn -0.909445 0.356571 0.213933
vn -0.883655 0.354540 0.305703
vn -0.885066 0.361251 0.293523
vn -0.841521 0.393788 0.369829
vn -0.879272 0.396240 0.264337
vn -0.858117 0.413904 0.303840
vn -0.832528 0.423352 0.357309
vn -0.829847 0.428616 0.357270
vn -0.798654 0.423352 0.427699
vn -0.796511 0.438219 0.416575
vn -0.787991 0.419368 0.450777
vn -0.761823 0.443679 0.471990
vn -0.751724 0.428174 0.501576
vn -0.728146 0.447136 0.519492
vn -0.730147 0.431362 0.529917
vn -0.713278 0.448703 0.538423
vn -0.705984 0.433505 0.560054
vn -0.700340 0.450524 0.553671
vn -0.694647 0.451672 0.559873
vn -0.689893 0.453011 0.564650
vn -0.679621 0.434312 0.591175
vn -0.665866 0.434105 0.606775
vn -0.652188 0.433438 0.621918
vn -0.638900 0.432294 0.636341
vn -0.560839 0.343091 0.753490
vn -0.565812 0.333344 0.754148
vn -0.577083 0.320831 0.751028
vn 0.562283 0.339622 0.753986
vn 0.642434 0.432651 0.632529
vn 0.655865 0.433665 0.617880
vn 0.669647 0.434206 0.602526
vn 0.681520 0.453833 0.574079
vn 0.697237 0.433945 0.570571
vn 0.693490 0.451955 0.561077
vn 0.700396 0.450516 0.553607
vn 0.708611 0.449282 0.544073
vn 0.723449 0.432096 0.538437
vn 0.728338 0.447123 0.519234
vn 0.747230 0.428947 0.507594
vn 0.776687 0.441718 0.449047
vn 0.789655 0.418832 0.448358
vn 0.802847 0.436832 0.405727
vn 0.821967 0.423352 0.380977
vn 0.826171 0.430000 0.364063
vn 0.862187 0.411013 0.296144
vn 0.827902 0.402253 0.390859
vn 0.861806 0.377728 0.338545
vn 0.891923 0.343788 0.293739
vn 0.884786 0.361251 0.294367
vn 0.887842 0.386887 0.249110
vn 0.919208 0.298539 0.256771
vn 0.927214 0.318138 0.197643
vn 0.926769 0.324365 0.189435
vn 0.943049 0.265192 0.200827
vn 0.944333 0.238468 0.226644
vn 0.958111 0.201178 0.203840
vn 0.966475 0.158156 0.202270
vn 0.974355 0.201178 0.100796
vn 0.986856 0.125269 0.102089
vn 0.984546 0.175128 0.000000
vn 0.996778 0.080206 0.000000
vn 0.993992 0.037514 0.102827
vn 0.999550 -0.029990 0.000000
vn 0.992868 -0.060531 0.102711
vn 0.988519 -0.151100 0.000000
vn 0.977195 -0.186738 0.101090
vn 0.961250 -0.275677 0.000000
vn 0.944360 -0.314071 0.097693
vn 0.918505 -0.395409 0.000000
vn 0.896233 -0.433786 0.092714
vn 0.863972 -0.503539 0.000000
vn 0.837484 -0.539551 0.086637
vn 0.802724 -0.596351 0.000000
vn 0.773639 -0.628552 0.080032
vn 0.739554 -0.673097 0.000000
vn 0.709425 -0.700949 0.073389
vn 0.678012 -0.735051 0.000000
vn 0.648022 -0.758666 0.067037
vn 0.619120 -0.779100 0.098456
vn 0.637157 -0.758666 0.135856
vn 0.618326 -0.758666 0.205181
vn 0.669669 -0.708672 0.222096
vn 0.661567 -0.713786 0.229869
vn 0.981521 0.054280 0.183496
vn 0.982759 -0.072715 0.169992
vn 0.964060 -0.210938 0.161532
vn 0.924592 -0.346666 0.157962
vn 0.869053 -0.468236 0.159693
vn 0.812672 -0.558393 0.166617
vn 0.787676 -0.591736 0.171507
vn 0.760668 -0.628552 0.162192
vn 0.765894 -0.618156 0.176888
vn 0.729751 -0.657146 0.188741
vn 0.697531 -0.700949 0.148730
vn 0.699106 -0.685674 0.202738
vn 0.659637 -0.714817 0.232197
vn 0.657785 -0.715659 0.234843
vn 0.656871 -0.715972 0.236440
vn 0.609236 -0.758666 0.230776
vn 0.656434 -0.716076 0.237336
vn 0.656035 -0.716124 0.238293
vn 0.655699 -0.716099 0.239290
vn 0.655459 -0.715994 0.240265
vn 0.655320 -0.715813 0.241178
vn 0.655275 -0.715579 0.241994
vn 0.655391 -0.715005 0.243375
vn 0.655708 -0.714314 0.244544
vn 0.656745 -0.712711 0.246431
vn 0.659846 -0.708881 0.249181
vn -0.951397 0.267947 0.151818
vn -0.952282 0.266375 0.149008
vn -0.952604 0.265192 0.149060
vn -0.952693 0.265836 0.147337
vn -0.952876 0.265674 0.146439
vn -0.953037 0.265603 0.145516
vn -0.953167 0.265629 0.144614
vn -0.940057 0.320909 0.115370
vn -0.931338 0.347242 0.109690
vn -0.691325 0.474906 0.544549
vn -0.701186 0.468416 0.537517
vn -0.687083 0.462461 0.560399
vn -0.683873 0.459305 0.566883
vn -0.684361 0.456075 0.568898
vn -0.686441 0.454493 0.567657
vn -0.943811 0.285679 0.166156
vn -0.948501 0.274365 0.158333
vn -0.950498 0.269814 0.154127
vn 0.952590 0.265952 0.147792
vn 0.952282 0.266375 0.149008
vn 0.951572 0.267608 0.151318
vn 0.950740 0.269294 0.153542
vn 0.948683 0.273935 0.157989
vn 0.943043 0.287539 0.167308
vn 0.688355 0.453585 0.566063
vn 0.685220 0.455284 0.568499
vn 0.683769 0.456972 0.568890
vn 0.683610 0.458594 0.567775
vn 0.690731 0.464478 0.554212
vn 0.691325 0.474906 0.544549
vn 0.705394 0.469656 0.530887
vn 0.748739 0.478061 0.459182
vn 0.774399 0.480919 0.411124
vn 0.743157 0.490020 0.455629
vn 0.684785 0.490020 0.539398
vn 0.787573 0.481874 0.384091
vn 0.800585 0.482423 0.355431
vn 0.812793 0.482489 0.326454
vn 0.823706 0.482048 0.298561
vn 0.832874 0.481166 0.273495
vn 0.841212 0.479784 0.249339
vn 0.884698 0.448623 0.126676
vn 0.886357 0.453833 0.091693
vn 0.875365 0.474906 0.090556
vn 0.860761 0.489860 0.138301
vn 0.901156 0.423352 0.093224
vn 0.900593 0.420766 0.109030
vn 0.918125 0.381958 0.105617
vn 0.926992 0.359261 0.107786
vn 0.927519 0.361251 0.095951
vn 0.930344 0.366687 0.000000
vn 0.900748 0.434343 0.000000
vn 0.881226 0.472696 0.000000
vn 0.934895 0.336903 0.111661
vn 0.943012 0.318138 0.097554
vn 0.948450 0.316926 0.000000
vn 0.959077 0.265192 0.099216
vn 0.967281 0.253708 0.000000
vn 0.941548 0.316030 0.116670
vn 0.947122 0.296449 0.122794
vn 0.951898 0.276613 0.131819
vn 0.953306 0.268384 0.138485
vn 0.953408 0.266905 0.140624
vn 0.953392 0.266295 0.141883
vn 0.953306 0.265835 0.143313
vn 0.953231 0.265690 0.144079
vn 0.953133 0.265612 0.144868
vn 0.953016 0.265607 0.145645
vn 0.952883 0.265669 0.146401
vn 0.952739 0.265788 0.147121
vn 0.451984 0.501751 0.737534
vn 0.413145 0.491119 0.766885
vn 0.455484 0.490020 0.743246
vn 0.401042 0.477323 0.781875
vn -0.097390 0.385989 0.917348
vn -0.134267 0.389383 0.911237
vn -0.168784 0.393773 0.903579
vn -0.200885 0.399067 0.894646
vn -0.316547 0.431229 0.844890
vn -0.405481 0.481297 0.777135
vn -0.418622 0.490020 0.764615
vn -0.414324 0.494225 0.764249
vn -0.521592 0.510118 0.683902
vn -0.512880 0.507862 0.692120
vn -0.730954 0.504529 0.459518
vn -0.724011 0.501751 0.473343
vn -0.762551 0.501751 0.408365
vn -0.802374 0.502659 0.321762
vn -0.794895 0.501751 0.341157
vn -0.967281 0.253708 0.000000
vn -0.984546 0.175128 0.000000
vn -0.466350 -0.821748 0.327487
vn -0.497383 -0.804282 0.325178
vn -0.363068 -0.830010 0.423398
vn -0.432442 -0.804282 0.407583
vn -0.466820 -0.804282 0.367709
vn -0.246246 -0.834457 0.492996
vn -0.310505 -0.804282 0.506673
vn -0.353801 -0.804282 0.477447
vn -0.394619 -0.804282 0.444304
vn -0.265447 -0.804282 0.531666
vn 0.051773 -0.837166 0.544494
vn 0.061148 -0.804282 0.591093
vn 0.350421 -0.830665 0.432667
vn 0.460669 -0.822390 0.333854
vn 0.466820 -0.804282 0.367709
vn 0.506673 -0.804282 0.310505
vn 0.534410 -0.810658 0.239250
vn 0.539148 -0.804282 0.249900
vn -0.000000 0.518243 -0.855234
vn -0.000000 0.534258 -0.845321
vn -0.000000 0.545126 -0.838354
vn -0.000000 0.565056 -0.825053
vn -0.000000 0.556013 -0.831174
vn -0.000000 0.486820 -0.873502
vn -0.000000 0.500995 -0.865450
vn -0.000000 0.511425 -0.859328
vn -0.000000 0.517835 -0.855480
vn -0.000000 0.520015 -0.854157
vn -0.000000 0.517838 -0.855479
vn -0.000000 0.511440 -0.859319
vn -0.000000 0.518243 -0.855234
vn -0.000000 0.545126 -0.838354
vn -0.000000 0.573842 -0.818966
vn -0.000000 0.501006 -0.865444
vn -0.000000 0.486820 -0.873502
vn -0.000000 0.513923 -0.857837
vn -0.000000 0.546763 -0.837287
vn -0.000000 0.556013 -0.831174
vn -0.000000 0.565056 -0.825053
vn -0.000000 0.476418 -0.879219
vn -0.000000 0.476418 -0.879219
vn -0.000000 0.516223 -0.856454
vn -0.000000 0.573842 -0.818966
vn -0.000000 0.582331 -0.812952
vn -0.000000 0.582331 -0.812952
vn -0.000000 0.546763 -0.837287
vn -0.000000 0.515358 -0.856975
vn -0.000000 0.513923 -0.857837
vn -0.000000 0.476418 -0.879219
vn -0.000000 0.476418 -0.879219
vn 0.000000 -0.061492 -0.998108
vn 0.000000 -0.059265 -0.998242
vn 0.000000 -0.054880 -0.998493
vn 0.000000 -0.057422 -0.998350
vn 0.000000 -0.056155 -0.998422
vn 0.000000 -0.069651 -0.997571
vn 0.000000 -0.064935 -0.997890
vn 0.000000 -0.061743 -0.998092
vn 0.000000 -0.079918 -0.996801
vn 0.000000 -0.073949 -0.997262
vn 0.000000 -0.068960 -0.997619
vn 0.000000 -0.093110 -0.995656
vn 0.000000 -0.087212 -0.996190
vn 0.000000 -0.079969 -0.996797
vn 0.000000 -0.110072 -0.993924
vn 0.000000 -0.106345 -0.994329
vn 0.000000 -0.095942 -0.995387
vn 0.000000 -0.118733 -0.992926
vn 0.000000 -0.132589 -0.991171
vn 0.000000 -0.133553 -0.991042
vn 0.000000 -0.163519 -0.986540
vn 0.000000 -0.173013 -0.984920
vn 0.000000 -0.206242 -0.978501
vn 0.000000 -0.231703 -0.972786
vn 0.000000 -0.264687 -0.964334
vn 0.000000 -0.270508 -0.962718
vn 0.000000 -0.297318 -0.954778
vn 0.000000 -0.305188 -0.952292
vn 0.000000 -0.309463 -0.950912
vn 0.000000 -0.302404 -0.953180
vn 0.000000 -0.268543 -0.963268
vn 0.000000 -0.223676 -0.974664
vn 0.000000 -0.165241 -0.986253
vn 0.000000 -0.028481 -0.999594
vn 0.000000 -0.005051 -0.999987
vn -0.000000 0.173741 -0.984791
vn -0.000000 0.401561 -0.915832
vn -0.000000 0.376311 -0.926493
vn -0.000000 0.213713 -0.976897
vn -0.000000 0.446617 -0.894725
vn -0.000000 0.459107 -0.888381
vn -0.000000 0.442170 -0.896931
vn -0.000000 0.446950 -0.894559
vn -0.000000 0.417106 -0.908858
vn -0.000000 0.384719 -0.923034
vn -0.000000 0.375993 -0.926622
vn -0.000000 0.329467 -0.944167
vn -0.000000 0.329467 -0.944167
vn 0.000000 -0.055415 -0.998463
vn 0.000000 -0.054880 -0.998493
vn 0.000000 -0.055173 -0.998477
vn 0.000000 -0.055886 -0.998437
vn 0.000000 -0.054880 -0.998493
vn 0.000000 -0.058116 -0.998310
vn 0.000000 -0.059870 -0.998206
vn 0.000000 -0.060659 -0.998159
vn 0.000000 -0.062098 -0.998070
vn 0.000000 -0.064853 -0.997895
vn 0.000000 -0.067611 -0.997712
vn 0.000000 -0.068210 -0.997671
vn 0.000000 -0.072263 -0.997386
vn 0.000000 -0.076094 -0.997101
vn 0.000000 -0.077059 -0.997027
vn 0.000000 -0.082669 -0.996577
vn 0.000000 -0.086603 -0.996243
vn 0.000000 -0.089233 -0.996011
vn 0.000000 -0.096925 -0.995292
vn 0.000000 -0.099632 -0.995024
vn 0.000000 -0.105859 -0.994381
vn 0.000000 -0.116170 -0.993229
vn 0.000000 -0.128299 -0.991736
vn 0.000000 -0.137817 -0.990458
vn 0.000000 -0.158982 -0.987281
vn 0.000000 -0.166252 -0.986083
vn 0.000000 -0.201914 -0.979403
vn 0.000000 -0.204180 -0.978933
vn 0.000000 -0.254485 -0.967077
vn 0.000000 -0.261810 -0.965119
vn 0.000000 -0.308038 -0.951374
vn 0.000000 -0.307997 -0.951387
vn 0.000000 -0.294609 -0.955618
vn 0.000000 -0.225154 -0.974323
vn 0.000000 -0.196041 -0.980596
vn -0.000000 0.009264 -0.999957
vn -0.000000 0.016635 -0.999862
vn -0.000000 0.249506 -0.968373
vn -0.000000 0.272952 -0.962028
vn -0.000000 0.393915 -0.919147
vn -0.000000 0.411494 -0.911413
vn -0.000000 0.452571 -0.891729
vn -0.000000 0.456860 -0.889539
vn -0.000000 0.455037 -0.890472
vn -0.000000 0.457849 -0.889030
vn -0.000000 0.444118 -0.895968
vn -0.000000 0.426237 -0.904611
vn -0.000000 0.386798 -0.922164
vn -0.000000 0.381498 -0.924370
vn -0.000000 0.329467 -0.944167
vn -0.000000 0.329467 -0.944167
vn -0.755253 -0.655433 -0.000000
vn -0.656698 -0.754153 -0.000000
vn -0.656698 -0.754153 -0.000000
vn -0.823194 -0.567760 -0.000000
vn -0.845551 -0.533894 -0.000000
vn -0.861220 -0.508232 -0.000000
vn -0.883584 -0.468272 -0.000000
vn -0.902558 -0.430569 -0.000000
vn -0.919950 -0.392035 -0.000000
vn -0.935597 -0.353070 -0.000000
vn -0.950070 -0.312038 -0.000000
vn -0.975108 -0.221729 -0.000000
vn -0.992672 -0.120838 -0.000000
vn -0.999980 -0.006362 -0.000000
vn -0.992029 0.126008 0.000000
vn -0.960432 0.278514 0.000000
vn -0.932370 0.361504 0.000000
vn -0.894444 0.447180 0.000000
vn -0.846329 0.532661 0.000000
vn -0.787996 0.615681 0.000000
vn -0.720006 0.693967 0.000000
vn -0.644259 0.764807 0.000000
vn -0.563953 0.825807 0.000000
vn -0.481194 0.876614 0.000000
vn -0.397699 0.917516 0.000000
vn -0.314832 0.949147 0.000000
vn -0.154278 0.988027 0.000000
vn -0.000000 1.000000 0.000000
vn -0.000000 1.000000 0.000000
vn 0.000000 1.000000 0.000000
vn 0.089754 0.995964 0.000000
vn 0.000000 1.000000 0.000000
vn 0.181181 0.983450 0.000000
vn 0.275006 0.961443 0.000000
vn 0.371310 0.928509 0.000000
vn 0.469057 0.883168 0.000000
vn 0.566140 0.824309 0.000000
vn 0.659835 0.751410 0.000000
vn 0.746206 0.665715 0.000000
vn 0.820637 0.571449 0.000000
vn 0.881488 0.472206 0.000000
vn 0.928367 0.371665 0.000000
vn 0.961605 0.274438 0.000000
vn 0.983099 0.183077 0.000000
vn 0.995132 0.098546 0.000000
vn 0.998743 -0.050123 0.000000
vn 0.984324 -0.176369 0.000000
vn 0.972328 -0.233622 0.000000
vn 0.959030 -0.283304 0.000000
vn 0.947432 -0.319957 0.000000
vn 0.935457 -0.353441 0.000000
vn 0.922109 -0.386929 0.000000
vn 0.907298 -0.420488 0.000000
vn 0.890514 -0.454956 0.000000
vn 0.870783 -0.491667 0.000000
vn 0.820768 -0.571261 0.000000
vn 0.752497 -0.658595 0.000000
vn 0.656698 -0.754153 0.000000
vn 0.656698 -0.754153 0.000000
vn 0.000000 1.000000 0.000000
vn 0.000000 1.000000 0.000000
vn 0.000000 1.000000 0.000000
vn 0.000000 1.000000 0.000000
vn 0.000000 1.000000 0.000000
vn -0.881226 0.472696 0.000000
vn -0.887578 0.460658 0.000000
vn -0.893840 0.448387 0.000000
vn -0.899861 0.436177 0.000000
vn -0.905522 0.424300 0.000000
vn -0.915788 0.401662 0.000000
vn -0.925671 0.378330 0.000000
vn -0.930923 0.365216 0.000000
vn -0.936398 0.350941 0.000000
vn -0.942443 0.334367 0.000000
vn -0.949943 0.312424 0.000000
vn -0.959020 0.283339 0.000000
vn -0.969302 0.245874 0.000000
vn -0.988083 0.153924 0.000000
vn -0.999279 0.037980 0.000000
vn -0.995112 -0.098753 -0.000000
vn -0.970104 -0.242690 -0.000000
vn -0.924767 -0.380534 -0.000000
vn -0.864756 -0.502193 -0.000000
vn -0.799628 -0.600495 -0.000000
vn -0.736163 -0.676804 -0.000000
vn -0.678012 -0.735051 -0.000000
vn -0.000000 -1.000000 -0.000000
vn -0.000000 -1.000000 -0.000000
vn -0.000000 -1.000000 -0.000000
vn -0.000000 -1.000000 -0.000000
vn -0.000000 -1.000000 -0.000000
vn -0.000000 -1.000000 -0.000000
vn 0.678012 -0.735051 0.000000
vn 0.729146 -0.684359 0.000000
vn 0.784701 -0.619874 0.000000
vn 0.842465 -0.538751 0.000000
vn 0.898307 -0.439367 0.000000
vn 0.945841 -0.324629 0.000000
vn 0.979926 -0.199361 0.000000
vn 0.997459 -0.071249 0.000000
vn 0.998874 0.047452 0.000000
vn 0.988748 0.149591 0.000000
vn 0.972464 0.233054 0.000000
vn 0.954343 0.298715 0.000000
vn 0.945565 0.325434 0.000000
vn 0.937787 0.347211 0.000000
vn 0.930283 0.366843 0.000000
vn 0.923180 0.384368 0.000000
vn 0.916347 0.400386 0.000000
vn 0.909487 0.415731 0.000000
vn 0.902468 0.430757 0.000000
vn 0.895440 0.445181 0.000000
vn 0.888363 0.459142 0.000000
vn 0.881226 0.472696 0.000000
vn 0.000000 1.000000 0.000000
vn 0.000000 1.000000 0.000000
vn 0.000000 1.000000 0.000000
vn 0.000000 1.000000 0.000000
vn 0.000000 1.000000 0.000000
vn -0.000000 0.404437 0.914566
vn -0.000000 0.404437 0.914566
vn -0.000000 0.423493 0.905900
vn -0.000000 0.423493 0.905900
vn -0.000000 0.442993 0.896525
vn -0.000000 0.445549 0.895258
vn -0.000000 0.458030 0.888937
vn -0.000000 0.462036 0.886861
vn -0.000000 0.473847 0.880607
vn -0.000000 0.478425 0.878128
vn -0.000000 0.492668 0.870217
vn -0.000000 0.498380 0.866959
vn -0.000000 0.517763 0.855524
vn -0.000000 0.525747 0.850641
vn -0.000000 0.534568 0.845125
vn -0.000000 0.544130 0.839001
vn -0.000000 0.554944 0.831888
vn -0.000000 0.566395 0.824134
vn -0.000000 0.579084 0.815268
vn -0.000000 0.592203 0.805789
vn -0.000000 0.592322 0.805702
vn -0.000000 0.605507 0.795840
vn -0.000000 0.605653 0.795729
vn -0.000000 0.618051 0.786138
vn -0.000000 0.618180 0.786037
vn -0.000000 0.628949 0.777447
vn -0.000000 0.629032 0.777379
vn -0.000000 0.637052 0.770821
vn -0.000000 0.641299 0.767291
vn -0.000000 0.641280 0.767307
vn -0.000000 0.636996 0.770867
vn -0.000000 0.916443 -0.400164
vn -0.000000 0.916443 -0.400164
vn -0.000000 0.905642 -0.424043
vn -0.000000 0.905642 -0.424043
vn 0.000000 -0.540057 -0.841628
vn 0.000000 -0.578985 -0.815338
vn 0.000000 -0.540057 -0.841628
vn 0.000000 -0.591756 -0.806117
vn 0.000000 -0.587377 -0.809313
vn 0.000000 -0.606278 -0.795253
vn 0.000000 -0.620786 -0.783980
vn 0.000000 -0.621455 -0.783450
vn 0.000000 -0.629496 -0.777004
vn 0.000000 -0.630192 -0.776439
vn 0.000000 -0.634279 -0.773104
vn 0.000000 -0.635206 -0.772343
vn 0.000000 -0.636836 -0.770999
vn 0.000000 -0.637229 -0.770674
vn 0.000000 -0.609438 -0.792834
vn 0.000000 -0.565402 -0.824815
vn 0.000000 -0.540057 -0.841628
vn -0.493870 -0.554101 -0.670123
vn -0.491072 -0.561194 -0.666266
vn -0.531561 -0.612511 -0.585040
vn -0.474028 -0.601744 -0.642808
vn -0.509058 -0.618997 -0.598082
vn -0.487626 -0.626852 -0.607682
vn -0.466749 -0.636859 -0.613642
vn -0.454792 -0.642816 -0.616402
vn -0.446022 -0.649879 -0.615403
vn -0.382298 -0.642816 -0.663804
vn -0.423205 -0.668584 -0.611468
vn -0.363900 -0.684348 -0.631858
vn -0.397869 -0.695291 -0.598557
vn -0.343122 -0.726165 -0.595779
vn -0.354237 -0.755665 -0.550896
vn -0.319663 -0.767944 -0.555047
vn -0.337462 -0.786161 -0.517755
vn -0.293229 -0.809188 -0.509148
vn -0.328461 -0.815167 -0.477091
vn -0.263558 -0.849184 -0.457629
vn -0.329752 -0.828127 -0.453287
vn -0.313541 -0.849184 -0.424946
vn -0.337107 -0.838804 -0.427511
vn -0.343358 -0.842907 -0.414262
vn -0.351304 -0.846056 -0.400967
vn -0.359888 -0.849184 -0.386481
vn -0.370995 -0.849295 -0.375580
vn -0.308741 -0.891488 -0.331554
vn -0.344553 -0.891488 -0.294163
vn -0.251594 -0.929355 -0.270184
vn -0.280778 -0.929355 -0.239714
vn -0.187740 -0.968152 -0.165635
vn -0.306189 -0.929355 -0.206270
vn -0.327426 -0.929355 -0.170561
vn -0.401798 -0.891488 -0.209302
vn -0.355874 -0.925071 -0.132653
vn -0.422458 -0.891488 -0.163641
vn -0.437654 -0.891488 -0.117081
vn -0.510158 -0.849184 -0.136478
vn -0.495003 -0.864628 -0.085967
vn -0.521661 -0.849184 -0.082199
vn -0.603648 -0.796567 -0.033020
vn -0.580389 -0.809188 -0.091453
vn -0.601449 -0.788572 -0.128111
vn -0.567591 -0.809188 -0.151842
vn -0.596744 -0.772196 -0.218197
vn -0.547883 -0.809188 -0.212225
vn -0.533569 -0.806895 -0.253428
vn -0.492445 -0.849184 -0.190751
vn -0.468362 -0.849184 -0.243977
vn -0.375737 -0.891488 -0.253122
vn -0.467807 -0.549278 -0.692423
vn -0.413073 -0.561194 -0.717239
vn -0.398603 -0.601744 -0.692113
vn -0.319132 -0.601744 -0.732161
vn -0.306078 -0.642816 -0.702213
vn -0.227743 -0.642816 -0.731383
vn -0.216782 -0.684348 -0.696184
vn -0.141681 -0.684348 -0.715258
vn -0.133591 -0.726165 -0.674417
vn -0.063545 -0.726165 -0.684578
vn -0.059201 -0.767944 -0.637775
vn 0.004333 -0.767944 -0.640502
vn 0.003975 -0.809188 -0.587537
vn 0.062513 -0.809188 -0.584215
vn 0.056188 -0.849184 -0.525100
vn 0.110127 -0.849184 -0.516488
vn 0.094475 -0.891488 -0.443084
vn 0.163564 -0.891488 -0.422488
vn 0.133289 -0.929355 -0.344287
vn 0.187974 -0.929355 -0.317750
vn 0.187637 -0.968172 -0.165636
vn 0.238549 -0.929355 -0.281768
vn 0.282663 -0.929355 -0.237488
vn 0.292733 -0.891488 -0.345769
vn 0.346867 -0.891488 -0.291431
vn 0.371509 -0.849326 -0.375003
vn 0.392914 -0.849018 -0.353253
vn -0.444365 -0.541107 -0.713963
vn -0.425393 -0.529873 -0.733673
vn -0.411469 -0.516038 -0.751264
vn -0.402579 -0.500466 -0.766462
vn -0.341020 -0.521145 -0.782377
vn -0.330717 -0.561194 -0.758741
vn -0.350198 -0.481512 -0.803435
vn -0.397909 -0.483952 -0.779396
vn -0.397166 -0.449545 -0.800105
vn -0.358387 -0.442167 -0.822221
vn -0.314788 -0.384615 -0.867744
vn -0.266664 -0.442167 -0.856376
vn -0.272102 -0.402944 -0.873840
vn -0.174282 -0.442167 -0.879838
vn -0.177836 -0.402944 -0.897781
vn -0.082901 -0.442167 -0.893094
vn -0.084591 -0.402944 -0.911307
vn 0.006068 -0.442167 -0.896912
vn 0.006191 -0.402944 -0.915204
vn 0.095431 -0.442167 -0.891842
vn 0.097377 -0.402944 -0.910030
vn 0.187042 -0.442167 -0.877214
vn 0.190856 -0.402944 -0.895103
vn 0.323822 -0.442167 -0.836438
vn 0.330426 -0.402944 -0.853496
vn 0.397166 -0.449545 -0.800105
vn 0.314921 -0.384736 -0.867642
vn 0.194257 -0.363657 -0.911053
vn 0.099112 -0.363657 -0.926245
vn 0.100654 -0.324103 -0.940652
vn 0.006400 -0.324103 -0.946000
vn 0.006486 -0.284063 -0.958784
vn -0.088619 -0.284063 -0.954701
vn -0.113927 -0.261663 -0.958412
vn -0.087438 -0.324103 -0.941972
vn -0.183820 -0.324103 -0.927991
vn -0.086099 -0.363657 -0.927545
vn -0.181005 -0.363657 -0.913778
vn -0.276951 -0.363657 -0.889411
vn -0.219505 -0.322253 -0.920853
vn 0.000000 -0.201625 -0.979463
vn 0.006562 -0.243314 -0.969925
vn 0.114022 -0.261709 -0.958388
vn 0.102014 -0.284063 -0.953363
vn 0.219831 -0.322444 -0.920709
vn 0.197278 -0.324103 -0.925224
vn 0.316423 -0.481512 -0.817326
vn 0.398022 -0.484596 -0.778939
vn 0.402834 -0.501089 -0.765921
vn 0.308130 -0.521145 -0.795905
vn 0.411849 -0.516530 -0.750718
vn 0.425923 -0.530277 -0.733073
vn 0.444879 -0.541341 -0.713466
vn 0.421420 -0.561194 -0.712367
vn 0.298821 -0.561194 -0.771860
vn 0.177978 -0.521145 -0.834705
vn 0.182768 -0.481512 -0.857171
vn 0.093250 -0.481512 -0.871464
vn 0.468102 -0.549353 -0.692165
vn 0.493870 -0.554101 -0.670123
vn 0.406657 -0.601744 -0.687412
vn 0.516071 -0.601744 -0.609569
vn 0.448807 -0.647926 -0.615438
vn 0.474831 -0.632658 -0.611784
vn 0.502012 -0.621360 -0.601578
vn 0.531561 -0.612511 -0.585040
vn 0.390023 -0.642816 -0.659294
vn 0.421744 -0.669955 -0.610977
vn 0.371253 -0.684348 -0.627565
vn 0.375540 -0.723905 -0.578732
vn 0.350055 -0.726165 -0.591732
vn 0.326122 -0.767944 -0.551276
vn 0.248217 -0.726165 -0.641150
vn 0.231247 -0.767944 -0.597316
vn 0.143372 -0.726165 -0.672406
vn 0.133570 -0.767944 -0.626435
vn 0.073150 -0.726165 -0.683618
vn 0.068149 -0.767944 -0.636881
vn 0.004651 -0.726165 -0.687505
vn 0.340665 -0.779583 -0.525545
vn 0.299154 -0.809188 -0.505690
vn 0.212125 -0.809188 -0.547922
vn 0.122525 -0.809188 -0.574633
vn 0.329935 -0.806577 -0.490487
vn 0.328311 -0.819333 -0.470005
vn 0.330879 -0.830883 -0.447384
vn 0.338980 -0.840260 -0.423149
vn 0.341229 -0.849184 -0.403051
vn 0.268884 -0.849184 -0.454520
vn 0.352871 -0.846507 -0.398633
vn 0.404331 -0.849184 -0.339712
vn 0.438833 -0.841399 -0.315394
vn 0.455514 -0.849184 -0.267197
vn 0.488558 -0.826010 -0.281102
vn 0.493163 -0.849184 -0.188884
vn 0.542266 -0.802664 -0.248348
vn 0.548683 -0.809188 -0.210148
vn 0.596744 -0.772196 -0.218197
vn 0.601450 -0.788575 -0.128094
vn 0.575054 -0.809188 -0.120535
vn 0.603648 -0.796567 -0.033020
vn 0.494888 -0.864689 -0.086014
vn 0.355597 -0.925167 -0.132729
vn 0.423074 -0.891488 -0.162040
vn 0.516866 -0.849184 -0.108338
vn 0.318444 -0.929355 -0.186795
vn 0.000385 -0.984074 -0.177756
vn 0.076988 -0.929355 -0.361070
vn 0.048202 -0.891488 -0.450472
vn 0.003573 -0.849184 -0.528086
vn -0.054305 -0.809188 -0.585035
vn -0.124458 -0.767944 -0.628309
vn -0.204404 -0.726165 -0.656433
vn -0.291348 -0.684348 -0.668419
vn -0.109762 -0.929355 -0.352493
vn -0.071736 -0.929355 -0.362151
vn -0.034123 -0.929355 -0.367607
vn -0.088030 -0.891488 -0.444409
vn -0.041873 -0.891488 -0.451105
vn -0.102614 -0.849184 -0.518033
vn -0.048810 -0.849184 -0.525837
vn -0.114166 -0.809188 -0.576352
vn -0.473047 -0.831488 -0.291296
vn -0.437983 -0.849184 -0.295056
vn -0.418408 -0.845716 -0.331209
vn -0.401634 -0.849184 -0.342896
vn -0.394010 -0.848932 -0.352237
vn 0.039280 -0.929355 -0.367091
vn 0.002498 -0.929355 -0.369179
vn -0.147516 -0.929355 -0.338435
vn -0.181022 -0.891488 -0.415307
vn -0.134693 -0.891488 -0.432558
vn -0.211012 -0.849184 -0.484109
vn -0.157007 -0.849184 -0.504218
vn -0.234767 -0.809188 -0.538609
vn -0.174682 -0.809188 -0.560982
vn -0.255931 -0.767944 -0.587163
vn -0.190430 -0.767944 -0.611554
vn -0.274712 -0.726165 -0.630253
vn -0.219193 -0.929355 -0.297075
vn -0.268980 -0.891488 -0.364552
vn -0.226101 -0.891488 -0.392590
vn -0.184251 -0.929355 -0.319923
vn -0.260571 -0.481512 -0.836809
vn -0.170300 -0.481512 -0.859735
vn -0.081007 -0.481512 -0.872688
vn 0.005929 -0.481512 -0.876419
vn -0.253741 -0.521145 -0.814876
vn -0.165836 -0.521145 -0.837202
vn -0.078883 -0.521145 -0.849815
vn 0.005774 -0.521145 -0.853449
vn 0.090806 -0.521145 -0.848624
vn -0.246076 -0.561194 -0.790258
vn -0.160826 -0.561194 -0.811909
vn -0.076500 -0.561194 -0.824142
vn 0.005599 -0.561194 -0.827666
vn 0.088063 -0.561194 -0.822986
vn 0.172601 -0.561194 -0.809488
vn -0.237455 -0.601744 -0.762574
vn -0.155192 -0.601744 -0.783467
vn -0.073820 -0.601744 -0.795271
vn 0.005403 -0.601744 -0.798671
vn 0.084978 -0.601744 -0.794156
vn 0.166554 -0.601744 -0.781130
vn 0.288353 -0.601744 -0.744820
vn -0.148845 -0.642816 -0.751420
vn -0.067394 -0.684348 -0.726034
vn -0.070801 -0.642816 -0.762741
vn 0.005182 -0.642816 -0.766003
vn 0.081502 -0.642816 -0.761672
vn 0.159742 -0.642816 -0.749179
vn 0.276558 -0.642816 -0.714355
vn 0.006302 -0.363657 -0.931511
vn 0.004933 -0.684348 -0.729138
vn 0.003065 -0.891488 -0.453034
vn 0.077580 -0.684348 -0.725016
vn 0.152054 -0.684348 -0.713125
vn 0.263249 -0.684348 -0.679976
vn 0.190660 -0.849184 -0.492479
vn 0.230670 -0.891488 -0.389923
vn 0.390776 -0.891488 -0.229223
vn -0.000000 -0.438387 0.898786
vn -0.000000 -0.579185 0.815196
vn -0.000000 -0.615089 0.788458
vn -0.000000 -0.768006 0.640442
vn -0.000000 -0.810497 0.585743
vn -0.000000 -0.868250 0.496127
vn -0.000000 -0.959324 0.282307
vn -0.000000 -0.948741 0.316055
vn -0.000000 -0.992730 0.120363
vn -0.000000 -0.993868 0.110577
vn 0.000000 -0.998159 -0.060653
vn 0.000000 -0.997772 -0.066716
vn 0.000000 -0.977885 -0.209144
vn 0.000000 -0.973046 -0.230611
vn 0.000000 -0.945644 -0.325205
vn 0.000000 -0.952913 -0.303243
vn 0.000000 -0.930149 -0.367183
vn 0.000000 -0.875300 -0.483581
vn 0.000000 -0.882297 -0.470694
vn 0.000000 -0.837253 -0.546815
vn 0.000000 -0.758460 -0.651720
vn 0.000000 -0.761549 -0.648107
vn 0.000000 -0.697457 -0.716627
vn 0.000000 -0.657267 -0.753658
vn 0.000000 -0.557263 -0.830336
vn 0.000000 -0.536607 -0.843832
vn 0.000000 -0.443975 -0.896039
vn 0.000000 -0.443953 -0.896050
vn 0.000000 -0.282808 -0.959176
vn 0.000000 -0.266691 -0.963782
vn 0.000000 -0.091915 -0.995767
vn 0.000000 -0.051005 -0.998698
vn -0.000000 0.037202 -0.999308
vn -0.000000 0.198424 -0.980116
vn -0.000000 0.266663 -0.963790
vn -0.000000 0.375802 -0.926700
vn -0.000000 0.574616 -0.818423
vn -0.000000 0.544124 -0.839005
vn -0.000000 0.676751 -0.736212
vn -0.000000 0.767335 -0.641246
vn -0.000000 0.139156 -0.990271
vn -0.000000 0.185742 -0.982598
vn -0.000000 0.286725 -0.958013
vn -0.000000 0.318635 -0.947878
vn -0.000000 0.409121 -0.912480
vn -0.000000 0.505632 -0.862749
vn -0.000000 0.460302 -0.887763
vn -0.000000 0.616744 -0.787164
vn -0.000000 0.631280 -0.775555
vn -0.000000 0.716245 -0.697849
vn -0.000000 0.661600 -0.749857
vn -0.000000 0.716951 -0.697124
vn -0.000000 0.017633 -0.999845
vn -0.000000 0.023348 -0.999727
vn -0.000000 0.141876 -0.989884
vn 0.000000 -0.090211 -0.995923
vn 0.000000 -0.165459 -0.986217
vn 0.000000 -0.192764 -0.981245
vn 0.000000 -0.268574 -0.963259
vn 0.000000 -0.336907 -0.941538
vn 0.000000 -0.409831 -0.912161
vn 0.000000 -0.427786 -0.903880
vn 0.000000 -0.445366 -0.895349
vn 0.000000 -0.510417 -0.859927
vn 0.000000 -0.517510 -0.855677
vn 0.000000 -0.573526 -0.819187
vn 0.000000 -0.605591 -0.795776
vn 0.000000 -0.658802 -0.752317
vn 0.000000 -0.708479 -0.705732
vn 0.000000 -0.754394 -0.656422
vn 0.000000 -0.764207 -0.644971
vn 0.000000 -0.860118 -0.510095
vn 0.000000 -0.865003 -0.501766
vn 0.000000 -0.948959 -0.315399
vn 0.000000 -0.921003 -0.389556
vn 0.000000 -0.985135 -0.171783
vn 0.000000 -0.995086 -0.099015
vn -0.000000 -0.992933 0.118673
vn 0.000000 -0.998468 -0.055340
vn -0.000000 -0.932682 0.360700
vn 0.000000 -0.952842 -0.303468
vn 0.000000 -0.983337 -0.181792
vn -0.000000 -0.794604 0.607128
vn -0.000000 -0.887603 0.460610
vn -0.000000 -0.950902 0.309491
vn -0.000000 -0.967577 0.252575
vn -0.000000 -0.678443 0.734653
vn -0.000000 -0.712897 0.701269
vn -0.000000 -0.840523 0.541775
vn -0.000000 -0.615557 0.788092
vn -0.000000 -0.593420 0.804893
vn -0.000000 -0.545211 0.838299
vn -0.000000 -0.531000 0.847372
vn -0.000000 -0.494623 0.869107
vn -0.000000 -0.485092 0.874463
vn -0.000000 -0.433415 0.901194
vn -0.000000 -0.429498 0.903068
vn -0.000000 -0.405448 0.914118
vn -0.000000 -0.404684 0.914456
vn -0.000000 -0.385234 0.922819
vn -0.000000 -0.385814 0.922576
vn -0.000000 -0.348033 0.937482
vn -0.000000 -0.344989 0.938607
vn -0.000000 -0.301930 0.953330
vn -0.000000 -0.296980 0.954884
vn -0.000000 -0.262575 0.964912
vn -0.000000 -0.254009 0.967202
vn -0.000000 -0.227460 0.973787
vn -0.000000 -0.213715 0.976896
vn -0.000000 -0.189561 0.981869
vn -0.000000 -0.166700 0.986008
vn -0.000000 -0.141482 0.989941
vn -0.000000 -0.097612 0.995225
vn -0.000000 -0.118335 0.992974
vn -0.000000 -0.070995 0.997477
vn -0.000000 -0.054106 0.998535
vn -0.000000 0.048374 0.998829
vn -0.000000 0.056702 0.998391
vn -0.000000 0.259500 0.965743
vn -0.000000 0.285670 0.958328
vn -0.000000 0.455547 0.890212
vn -0.000000 0.495742 0.868470
vn -0.000000 0.642084 0.766634
vn -0.000000 0.632102 0.774885
vn -0.000000 0.754736 0.656029
vn -0.000000 0.777705 0.628630
vn -0.000000 0.864670 0.502340
vn -0.000000 0.905374 0.424616
vn -0.000000 0.950050 0.312098
vn -0.000000 0.982771 0.184826
vn -0.000000 0.993283 0.115707
vn -0.000000 0.998846 -0.048034
vn -0.000000 0.998127 -0.061180
vn -0.000000 0.979162 -0.203081
vn -0.000000 0.970346 -0.241722
vn -0.000000 0.918671 -0.395023
vn -0.000000 0.921321 -0.388803
vn -0.000000 0.868031 -0.496511
vn -0.000000 0.892831 -0.450392
vn -0.000000 0.826226 -0.563339
vn -0.000000 0.773957 -0.633238
vn -0.000000 0.773957 -0.633238
vn -0.000000 0.859837 -0.510568
vn -0.000000 0.930188 -0.367084
vn -0.000000 0.966911 -0.255114
vn -0.000000 0.994098 -0.108490
vn -0.000000 0.997805 0.066226
vn -0.000000 0.967444 0.253085
vn -0.000000 0.905015 0.425380
vn -0.000000 0.733906 0.679251
vn -0.000000 0.445414 0.895325
vn -0.000000 0.170249 0.985401
vn -0.000000 0.035197 0.999380
vn 0.000000 -0.819836 -0.572599
vn -0.000000 0.011484 -0.999934
vn -0.000000 0.715519 -0.698593
vn -0.000000 0.702112 -0.712067
vn -0.000000 0.684568 -0.728949
vn -0.000000 0.671993 -0.740557
vn -0.000000 0.634089 -0.773260
vn -0.000000 0.635420 -0.772167
vn -0.000000 0.600956 -0.799282
vn -0.000000 0.587852 -0.808968
vn -0.000000 0.572080 -0.820198
vn -0.000000 0.553875 -0.832600
vn -0.000000 0.549858 -0.835258
vn -0.000000 0.533142 -0.846026
vn -0.000000 0.525754 -0.850637
vn -0.000000 0.524312 -0.851526
vn -0.000000 0.530505 -0.847682
vn -0.000000 0.526280 -0.850311
vn -0.000000 0.533236 -0.845966
vn -0.000000 0.538840 -0.842408
vn -0.000000 0.581470 -0.813568
vn -0.000000 0.562765 -0.826617
vn -0.000000 0.587892 -0.808940
vn -0.000000 0.598765 -0.800925
vn -0.000000 0.652632 -0.757675
vn -0.000000 0.642752 -0.766074
vn -0.000000 0.670761 -0.741674
vn -0.000000 0.645374 -0.763867
vn -0.000000 0.785844 -0.618425
vn -0.000000 0.825355 -0.564614
vn -0.000000 0.844034 -0.536289
vn -0.000000 0.846733 -0.532017
vn -0.000000 0.857091 -0.515166
vn -0.000000 0.882400 -0.470500
vn -0.000000 0.907449 -0.420162
vn -0.000000 0.925078 -0.379776
vn -0.000000 0.967228 -0.253910
vn -0.000000 0.967990 -0.250987
vn -0.000000 0.993128 -0.117030
vn -0.000000 0.998632 -0.052287
vn -0.000000 0.996962 0.077886
vn -0.000000 0.996367 0.085159
vn -0.000000 0.967960 0.251103
vn -0.000000 0.953964 0.299921
vn -0.000000 0.898908 0.438137
vn -0.000000 0.780383 0.625302
vn -0.000000 0.780383 0.625302
vn -0.000000 0.778562 -0.627568
vn -0.000000 0.735212 -0.677838
vn -0.000000 0.740119 -0.672476
vn -0.000000 0.687901 -0.725805
vn -0.000000 0.675724 -0.737155
vn -0.000000 0.641803 -0.766870
vn -0.000000 0.618600 -0.785706
vn -0.000000 0.580202 -0.814472
vn -0.000000 0.562199 -0.827002
vn -0.000000 0.552199 -0.833712
vn -0.000000 0.503933 -0.863743
vn -0.000000 0.458293 -0.888801
vn -0.000000 0.475928 -0.879484
vn -0.000000 0.451664 -0.892188
vn -0.000000 0.417141 -0.908842
vn -0.000000 0.406215 -0.913778
vn -0.000000 0.406465 -0.913666
vn -0.000000 0.357385 -0.933957
vn -0.000000 0.345456 -0.938435
vn -0.000000 0.347175 -0.937800
vn -0.000000 0.297678 -0.954666
vn -0.000000 0.267502 -0.963557
vn -0.000000 0.253370 -0.967369
vn -0.000000 0.218437 -0.975851
vn -0.000000 0.154055 -0.988062
vn -0.000000 0.163209 -0.986591
vn -0.000000 0.103888 -0.994589
vn -0.000000 0.088910 -0.996040
vn 0.000000 -0.015892 -0.999874
vn 0.000000 -0.013529 -0.999908
vn 0.000000 -0.047284 -0.998881
vn 0.000000 -0.159991 -0.987119
vn 0.000000 -0.193489 -0.981103
vn 0.000000 -0.266737 -0.963769
vn 0.000000 -0.455625 -0.890172
vn 0.000000 -0.313459 -0.949602
vn 0.000000 -0.366085 -0.930582
vn 0.000000 -0.456934 -0.889500
vn 0.000000 -0.576127 -0.817360
vn 0.000000 -0.625490 -0.780232
vn 0.000000 -0.617885 -0.786269
vn 0.000000 -0.708350 -0.705862
vn 0.000000 -0.776898 -0.629626
vn 0.000000 -0.833341 -0.552760
vn 0.000000 -0.868482 -0.495721
vn 0.000000 -0.904077 -0.427370
vn 0.000000 -0.989507 -0.144486
vn 0.000000 -0.977802 -0.209533
vn 0.000000 -0.982355 -0.187027
vn 0.000000 -0.929082 -0.369873
vn 0.000000 -0.999636 -0.026985
vn -0.000000 -0.978721 0.205196
vn -0.000000 -0.939241 0.343257
vn -0.000000 -0.938309 0.345797
vn -0.000000 -0.863417 0.504490
vn -0.000000 -0.831105 0.556115
vn -0.000000 -0.810167 0.586199
vn -0.000000 -0.753232 0.657755
vn -0.000000 -0.757060 0.653345
vn -0.000000 -0.709679 0.704525
vn -0.000000 -0.699956 0.714186
vn -0.000000 -0.674501 0.738274
vn -0.000000 -0.661763 0.749713
vn -0.000000 -0.647750 0.761853
vn -0.000000 -0.633083 0.774084
vn -0.000000 -0.625827 0.779962
vn -0.000000 -0.609995 0.792406
vn -0.000000 -0.607175 0.794568
vn -0.000000 -0.590009 0.807396
vn -0.000000 -0.590525 0.807019
vn -0.000000 -0.574675 0.818382
vn -0.000000 -0.571133 0.820858
vn -0.000000 -0.558501 0.829504
vn -0.000000 -0.550946 0.834541
vn -0.000000 -0.541070 0.840977
vn -0.000000 -0.526595 0.850116
vn -0.000000 -0.521940 0.852982
vn -0.000000 -0.501338 0.865251
vn -0.000000 -0.493933 0.869500
vn -0.000000 -0.480273 0.877119
vn -0.000000 -0.460789 0.887509
vn -0.000000 -0.442899 0.896571
vn -0.000000 -0.445636 0.895214
vn -0.000000 -0.437854 0.899046
vn -0.000000 -0.347201 0.937791
vn -0.000000 -0.333640 0.942701
vn -0.000000 -0.229292 0.973358
vn -0.000000 -0.094404 0.995534
vn -0.000000 0.017615 0.999845
vn -0.000000 0.236919 0.971529
vn -0.000000 0.134086 0.990970
vn -0.000000 0.277710 0.960665
vn -0.000000 0.293117 0.956077
vn -0.000000 0.444538 0.895760
vn -0.000000 0.537694 0.843140
vn -0.000000 0.620633 0.784101
vn -0.000000 -0.040412 0.999183
vn -0.000000 -0.231907 0.972738
vn -0.000000 -0.313948 0.949440
vn -0.000000 -0.338127 0.941100
vn -0.000000 -0.419945 0.907549
vn -0.000000 -0.437854 0.899046
vn -0.000000 -0.444861 0.895600
vn -0.000000 -0.458700 0.888591
vn -0.000000 -0.476156 0.879361
vn -0.000000 -0.476989 0.878910
vn -0.000000 -0.497222 0.867623
vn -0.000000 -0.517571 0.855640
vn -0.000000 -0.537185 0.843464
vn -0.000000 -0.536854 0.843675
vn -0.000000 -0.554709 0.832044
vn -0.000000 -0.573988 0.818864
vn -0.000000 -0.571367 0.820695
vn -0.000000 -0.587725 0.809061
vn -0.000000 -0.590040 0.807374
vn -0.000000 -0.605035 0.796199
vn -0.000000 -0.606947 0.794743
vn -0.000000 -0.624694 0.780870
vn -0.000000 -0.626505 0.779417
vn -0.000000 -0.625251 0.780424
vn -0.000000 -0.648434 0.761270
vn -0.000000 -0.677969 0.735090
vn -0.000000 -0.655137 0.755510
vn -0.000000 -0.651124 0.758971
vn -0.000000 -0.715228 0.698891
vn -0.000000 -0.696594 0.717466
vn -0.000000 -0.683756 0.729711
vn -0.000000 -0.728008 0.685568
vn -0.000000 -0.760291 0.649583
vn -0.000000 -0.758726 0.651409
vn -0.000000 -0.791245 0.611499
vn -0.000000 -0.810167 0.586199
vn -0.000000 -0.882485 0.470341
vn -0.000000 -0.865551 0.500822
vn -0.000000 -0.947355 0.320184
vn -0.000000 -0.990992 0.133919
vn -0.000000 -0.990627 0.136594
vn 0.000000 -1.000000 -0.000390
vn 0.000000 -0.999954 -0.009611
vn 0.000000 -0.984350 -0.176222
vn 0.000000 -0.979769 -0.200132
vn 0.000000 -0.977802 -0.209533
vn 0.000000 -0.924147 -0.382038
vn 0.000000 -0.904077 -0.427370
vn 0.000000 -0.812148 -0.583451
vn 0.000000 -0.794979 -0.606637
vn 0.000000 -0.776898 -0.629626
vn 0.000000 -0.667330 -0.744762
vn 0.000000 -0.617885 -0.786269
vn 0.000000 -0.523041 -0.852307
vn 0.000000 -0.471023 -0.882121
vn 0.000000 -0.456934 -0.889500
vn 0.000000 -0.313459 -0.949602
vn 0.000000 -0.292306 -0.956325
vn 0.000000 -0.191107 -0.981569
vn 0.000000 -0.193489 -0.981103
vn 0.000000 -0.142167 -0.989843
vn -0.000000 0.037002 -0.999315
vn 0.000000 -0.015892 -0.999874
vn 0.000000 -0.003553 -0.999994
vn -0.000000 0.200849 -0.979622
vn -0.000000 0.103888 -0.994589
vn -0.000000 0.116880 -0.993146
vn -0.000000 0.297274 -0.954792
vn -0.000000 0.253370 -0.967369
vn -0.000000 0.199846 -0.979827
vn -0.000000 0.367103 -0.930180
vn -0.000000 0.347175 -0.937800
vn -0.000000 0.350575 -0.936535
vn -0.000000 0.261250 -0.965271
vn -0.000000 0.471704 -0.881757
vn -0.000000 0.417141 -0.908842
vn -0.000000 0.421153 -0.906990
vn -0.000000 0.559065 -0.829124
vn -0.000000 0.484454 -0.874817
vn -0.000000 0.475928 -0.879484
vn -0.000000 0.644430 -0.764663
vn -0.000000 0.596641 -0.802508
vn -0.000000 0.580202 -0.814472
vn -0.000000 0.735986 -0.676997
vn -0.000000 0.678823 -0.734302
vn -0.000000 0.649458 -0.760398
vn -0.000000 0.786133 -0.618057
vn -0.000000 0.772073 -0.635534
vn -0.000000 0.705330 -0.708879
vn -0.000000 0.812668 -0.582726
vn -0.000000 0.501637 0.865078
vn -0.000000 0.949441 -0.313946
vn -0.000000 0.983115 -0.182990
vn -0.000000 0.999882 0.015362
vn -0.000000 0.940093 0.340917
usemtl Tough_2000_(with_Formlabs_SLA_3D_Printers)
f 1/1/1 2/2/2 3/3/3
f 4/4/4 5/5/5 21/6/6
f 21/6/6 5/5/5 20/7/7
f 20/7/7 5/5/5 19/8/8
f 19/8/8 5/5/5 18/9/9
f 18/9/9 5/5/5 17/10/10
f 17/10/10 5/5/5 16/11/11
f 16/11/11 5/5/5 7/12/12
f 16/11/11 7/12/12 15/13/13
f 15/13/13 7/12/12 8/14/14
f 15/13/13 8/14/14 14/15/15
f 14/15/15 8/14/14 13/16/16
f 13/16/16 8/14/14 12/17/17
f 12/17/17 8/14/14 9/18/18
f 12/17/17 9/18/18 11/19/19
f 11/19/19 9/18/18 10/20/20
f 5/5/5 6/21/21 7/12/12
f 23/22/22 118/23/23 22/24/24
f 22/24/24 118/23/23 119/25/25
f 22/24/24 119/25/25 120/26/26
f 24/27/27 116/28/28 23/22/22
f 23/22/22 116/28/28 117/29/29
f 23/22/22 117/29/29 118/23/23
f 116/28/28 24/27/27 115/30/30
f 115/30/30 24/27/27 25/31/31
f 115/30/30 25/31/31 114/32/32
f 114/32/32 25/31/31 113/33/33
f 113/33/33 25/31/31 26/34/34
f 113/33/33 26/34/34 112/35/35
f 112/35/35 26/34/34 111/36/36
f 111/36/36 26/34/34 110/37/37
f 110/37/37 26/34/34 27/38/38
f 110/37/37 27/38/38 109/39/39
f 109/39/39 27/38/38 108/40/40
f 108/40/40 27/38/38 107/41/41
f 107/41/41 27/38/38 106/42/42
f 106/42/42 27/38/38 105/43/43
f 105/43/43 27/38/38 104/44/44
f 104/44/44 27/38/38 103/45/45
f 103/45/45 27/38/38 102/46/46
f 102/46/46 27/38/38 101/47/47
f 101/47/47 27/38/38 100/48/48
f 100/48/48 27/38/38 96/49/49
f 100/48/48 96/49/49 99/50/50
f 99/50/50 96/49/49 98/51/51
f 98/51/51 96/49/49 97/52/52
f 96/49/49 27/38/38 95/53/53
f 95/53/53 27/38/38 28/54/54
f 95/53/53 28/54/54 94/55/55
f 94/55/55 28/54/54 93/56/56
f 93/56/56 28/54/54 29/57/57
f 93/56/56 29/57/57 92/58/58
f 92/58/58 29/57/57 30/59/59
f 92/58/58 30/59/59 91/60/60
f 91/60/60 30/59/59 90/61/61
f 90/61/61 30/59/59 89/62/62
f 89/62/62 30/59/59 31/63/63
f 89/62/62 31/63/63 88/64/64
f 88/64/64 31/63/63 87/65/65
f 87/65/65 31/63/63 86/66/66
f 86/66/66 31/63/63 85/67/67
f 85/67/67 31/63/63 84/68/68
f 84/68/68 31/63/63 83/69/69
f 83/69/69 31/63/63 82/70/70
f 82/70/70 31/63/63 32/71/71
f 82/70/70 32/71/71 81/72/72
f 81/72/72 32/71/71 80/73/73
f 80/73/73 32/71/71 79/74/74
f 79/74/74 32/71/71 33/75/75
f 79/74/74 33/75/75 78/76/76
f 78/76/76 33/75/75 77/77/77
f 77/77/77 33/75/75 34/78/78
f 77/77/77 34/78/78 76/79/79
f 76/79/79 34/78/78 75/80/80
f 75/80/80 34/78/78 74/81/81
f 74/81/81 34/78/78 73/82/82
f 73/82/82 34/78/78 35/83/83
f 73/82/82 35/83/83 64/84/84
f 64/84/84 35/83/83 63/85/85
f 63/85/85 35/83/83 62/86/86
f 62/86/86 35/83/83 61/87/87
f 61/87/87 35/83/83 60/88/88
f 60/88/88 35/83/83 59/89/89
f 59/89/89 35/83/83 58/90/90
f 58/90/90 35/83/83 57/91/91
f 57/91/91 35/83/83 36/92/92
f 57/91/91 36/92/92 56/93/93
f 56/93/93 36/92/92 55/94/94
f 55/94/94 36/92/92 54/95/95
f 54/95/95 36/92/92 37/96/96
f 54/95/95 37/96/96 53/97/97
f 53/97/97 37/96/96 52/98/98
f 52/98/98 37/96/96 51/99/99
f 51/99/99 37/96/96 50/100/100
f 50/100/100 37/96/96 40/101/101
f 50/100/100 40/101/101 49/102/102
f 49/102/102 40/101/101 48/103/103
f 48/103/103 40/101/101 47/104/104
f 47/104/104 40/101/101 46/105/105
f 46/105/105 40/101/101 41/106/106
f 46/105/105 41/106/106 45/107/107
f 45/107/107 41/106/106 43/108/108
f 45/107/107 43/108/108 44/109/109
f 37/96/96 38/110/110 40/101/101
f 40/101/101 38/110/110 39/111/111
f 41/106/106 42/112/112 43/108/108
f 73/82/82 64/84/84 72/113/113
f 72/113/113 64/84/84 65/114/114
f 72/113/113 65/114/114 66/115/115
f 66/115/115 67/116/116 72/113/113
f 72/113/113 67/116/116 71/117/117
f 71/117/117 67/116/116 70/118/118
f 70/118/118 67/116/116 69/119/119
f 69/119/119 67/116/116 68/120/120
f 6/121/121 121/122/122 7/123/123
f 7/123/123 121/122/122 129/124/124
f 7/123/123 129/124/124 136/125/125
f 136/125/125 129/124/124 130/126/126
f 136/125/125 130/126/126 131/127/127
f 122/128/128 123/129/129 121/122/122
f 121/122/122 123/129/129 124/130/130
f 121/122/122 124/130/130 125/131/131
f 125/131/131 126/132/132 121/122/122
f 121/122/122 126/132/132 127/133/133
f 121/122/122 127/133/133 128/134/134
f 128/134/134 129/124/124 121/122/122
f 131/127/127 132/135/135 136/125/125
f 136/125/125 132/135/135 135/136/136
f 135/136/136 132/135/135 133/137/137
f 135/136/136 133/137/137 134/138/138
f 137/139/139 138/140/140 235/141/141
f 235/141/141 138/140/140 234/142/142
f 234/142/142 138/140/140 222/143/143
f 234/142/142 222/143/143 223/144/144
f 138/140/140 139/145/145 222/143/143
f 222/143/143 139/145/145 221/146/146
f 221/146/146 139/145/145 220/147/147
f 220/147/147 139/145/145 219/148/148
f 219/148/148 139/145/145 140/149/149
f 219/148/148 140/149/149 218/150/150
f 218/150/150 140/149/149 217/151/151
f 217/151/151 140/149/149 216/152/152
f 216/152/152 140/149/149 215/153/153
f 215/153/153 140/149/149 141/154/154
f 215/153/153 141/154/154 214/155/155
f 214/155/155 141/154/154 213/156/156
f 213/156/156 141/154/154 212/157/157
f 212/157/157 141/154/154 211/158/158
f 211/158/158 141/154/154 210/159/159
f 210/159/159 141/154/154 209/160/160
f 209/160/160 141/154/154 208/161/161
f 208/161/161 141/154/154 204/162/162
f 208/161/161 204/162/162 205/163/163
f 142/164/164 200/165/165 141/154/154
f 141/154/154 200/165/165 201/166/166
f 141/154/154 201/166/166 202/167/167
f 143/168/168 197/169/169 142/164/164
f 142/164/164 197/169/169 198/170/170
f 142/164/164 198/170/170 199/171/171
f 144/172/172 195/173/173 143/168/168
f 143/168/168 195/173/173 196/174/174
f 143/168/168 196/174/174 197/169/169
f 145/175/175 193/176/176 144/172/172
f 144/172/172 193/176/176 194/177/177
f 144/172/172 194/177/177 195/173/173
f 146/178/178 186/179/179 145/175/175
f 145/175/175 186/179/179 187/180/180
f 145/175/175 187/180/180 188/181/181
f 147/182/182 184/183/183 146/178/178
f 146/178/178 184/183/183 185/184/184
f 146/178/178 185/184/184 186/179/179
f 184/183/183 147/182/182 183/185/185
f 183/185/185 147/182/182 148/186/186
f 183/185/185 148/186/186 182/187/187
f 182/187/187 148/186/186 149/188/188
f 182/187/187 149/188/188 181/189/189
f 181/189/189 149/188/188 150/190/190
f 181/189/189 150/190/190 180/191/191
f 180/191/191 150/190/190 179/192/192
f 179/192/192 150/190/190 151/193/193
f 179/192/192 151/193/193 174/194/194
f 174/194/194 151/193/193 173/195/195
f 173/195/195 151/193/193 172/196/196
f 172/196/196 151/193/193 171/197/197
f 171/197/197 151/193/193 170/198/198
f 170/198/198 151/193/193 152/199/199
f 170/198/198 152/199/199 169/200/200
f 169/200/200 152/199/199 168/201/201
f 168/201/201 152/199/199 167/202/202
f 167/202/202 152/199/199 166/203/203
f 166/203/203 152/199/199 165/204/204
f 165/204/204 152/199/199 153/205/205
f 165/204/204 153/205/205 164/206/206
f 164/206/206 153/205/205 163/207/207
f 163/207/207 153/205/205 154/208/208
f 163/207/207 154/208/208 162/209/209
f 162/209/209 154/208/208 155/210/210
f 162/209/209 155/210/210 161/211/211
f 161/211/211 155/210/210 156/212/212
f 161/211/211 156/212/212 160/213/213
f 160/213/213 156/212/212 157/214/214
f 160/213/213 157/214/214 159/215/215
f 159/215/215 157/214/214 22/216/216
f 159/215/215 22/216/216 158/217/217
f 158/217/217 22/216/216 120/218/218
f 174/194/194 175/219/219 179/192/192
f 179/192/192 175/219/219 176/220/220
f 179/192/192 176/220/220 177/221/221
f 177/221/221 178/222/222 179/192/192
f 188/181/181 189/223/223 145/175/175
f 145/175/175 189/223/223 190/224/224
f 145/175/175 190/224/224 191/225/225
f 191/225/225 192/226/226 145/175/175
f 145/175/175 192/226/226 193/176/176
f 199/171/171 200/165/165 142/164/164
f 202/167/167 203/227/227 141/154/154
f 141/154/154 203/227/227 204/162/162
f 205/163/163 206/228/228 208/161/161
f 208/161/161 206/228/228 207/229/229
f 223/144/144 224/230/230 234/142/142
f 234/142/142 224/230/230 225/231/231
f 234/142/142 225/231/231 226/232/232
f 226/232/232 227/233/233 234/142/142
f 234/142/142 227/233/233 228/234/234
f 234/142/142 228/234/234 229/235/235
f 234/142/142 229/235/235 2/236/236
f 2/236/236 229/235/235 230/237/237
f 2/236/236 230/237/237 231/238/238
f 232/239/239 233/240/240 231/238/238
f 231/238/238 233/240/240 2/236/236
f 233/240/240 3/241/241 2/236/236
f 278/242/242 236/243/243 277/244/244
f 277/244/244 236/243/243 237/245/245
f 277/244/244 237/245/245 276/246/246
f 276/246/246 237/245/245 238/247/247
f 276/246/246 238/247/247 275/248/248
f 275/248/248 238/247/247 239/249/249
f 275/248/248 239/249/249 274/250/250
f 274/250/250 239/249/249 273/251/251
f 273/251/251 239/249/249 240/252/252
f 273/251/251 240/252/252 272/253/253
f 272/253/253 240/252/252 271/254/254
f 271/254/254 240/252/252 241/255/255
f 271/254/254 241/255/255 270/256/256
f 270/256/256 241/255/255 269/257/257
f 269/257/257 241/255/255 268/258/258
f 268/258/258 241/255/255 242/259/259
f 268/258/258 242/259/259 267/260/260
f 267/260/260 242/259/259 266/261/261
f 266/261/261 242/259/259 265/262/262
f 265/262/262 242/259/259 264/263/263
f 264/263/263 242/259/259 263/264/264
f 263/264/264 242/259/259 262/265/265
f 262/265/265 242/259/259 261/266/266
f 261/266/266 242/259/259 243/267/267
f 261/266/266 243/267/267 260/268/268
f 260/268/268 243/267/267 259/269/269
f 259/269/269 243/267/267 258/270/270
f 258/270/270 243/267/267 244/271/271
f 258/270/270 244/271/271 257/272/272
f 257/272/272 244/271/271 256/273/273
f 256/273/273 244/271/271 255/274/274
f 255/274/274 244/271/271 246/275/275
f 255/274/274 246/275/275 254/276/276
f 254/276/276 246/275/275 247/277/277
f 254/276/276 247/277/277 253/278/278
f 253/278/278 247/277/277 252/279/279
f 252/279/279 247/277/277 251/280/280
f 251/280/280 247/277/277 250/281/281
f 250/281/281 247/277/277 248/282/282
f 250/281/281 248/282/282 249/283/283
f 244/271/271 245/284/284 246/275/275
f 246/275/275 245/284/284 235/285/285
f 235/285/285 245/284/284 137/286/286
f 38/287/287 279/288/288 39/289/289
f 39/289/289 279/288/288 320/290/290
f 320/290/290 279/288/288 280/291/291
f 320/290/290 280/291/291 312/292/292
f 312/292/292 280/291/291 311/293/293
f 311/293/293 280/291/291 310/294/294
f 310/294/294 280/291/291 309/295/295
f 309/295/295 280/291/291 308/296/296
f 308/296/296 280/291/291 281/297/297
f 308/296/296 281/297/297 307/298/298
f 307/298/298 281/297/297 306/299/299
f 306/299/299 281/297/297 305/300/300
f 305/300/300 281/297/297 304/301/301
f 304/301/301 281/297/297 282/302/302
f 304/301/301 282/302/302 303/303/303
f 303/303/303 282/302/302 302/304/304
f 302/304/304 282/302/302 301/305/305
f 301/305/305 282/302/302 300/306/306
f 300/306/306 282/302/302 299/307/307
f 299/307/307 282/302/302 298/308/308
f 298/308/308 282/302/302 297/309/309
f 297/309/309 282/302/302 296/310/310
f 296/310/310 282/302/302 295/311/311
f 295/311/311 282/302/302 294/312/312
f 294/312/312 282/302/302 283/313/313
f 294/312/312 283/313/313 293/314/314
f 293/314/314 283/313/313 292/315/315
f 292/315/315 283/313/313 291/316/316
f 291/316/316 283/313/313 284/317/317
f 291/316/316 284/317/317 290/318/318
f 290/318/318 284/317/317 289/319/319
f 289/319/319 284/317/317 285/320/320
f 289/319/319 285/320/320 288/321/321
f 288/321/321 285/320/320 286/322/322
f 288/321/321 286/322/322 287/323/323
f 287/323/323 286/322/322 236/324/324
f 287/323/323 236/324/324 278/325/325
f 312/292/292 313/326/326 320/290/290
f 320/290/290 313/326/326 319/327/327
f 319/327/327 313/326/326 314/328/328
f 319/327/327 314/328/328 315/329/329
f 315/329/329 316/330/330 319/327/327
f 319/327/327 316/330/330 318/331/331
f 318/331/331 316/330/330 317/332/332
f 41/333/333 321/334/334 42/335/335
f 66/336/336 402/337/337 67/338/338
f 67/338/338 402/337/337 403/339/339
f 67/338/338 403/339/339 380/340/340
f 380/340/340 403/339/339 402/337/337
f 380/340/340 402/337/337 379/341/341
f 379/341/341 402/337/337 66/336/336
f 379/341/341 66/336/336 65/342/342
f 379/341/341 65/342/342 378/343/343
f 378/343/343 65/342/342 64/344/344
f 378/343/343 64/344/344 63/345/345
f 378/343/343 63/345/345 377/346/346
f 377/346/346 63/345/345 62/347/347
f 377/346/346 62/347/347 376/348/348
f 376/348/348 62/347/347 61/349/349
f 376/348/348 61/349/349 60/350/350
f 376/348/348 60/350/350 375/351/351
f 375/351/351 60/350/350 59/352/352
f 375/351/351 59/352/352 374/353/353
f 374/353/353 59/352/352 373/354/354
f 373/354/354 59/352/352 58/355/355
f 373/354/354 58/355/355 372/356/356
f 372/356/356 58/355/355 57/357/357
f 372/356/356 57/357/357 371/358/358
f 371/358/358 57/357/357 56/359/359
f 371/358/358 56/359/359 370/360/360
f 370/360/360 56/359/359 55/361/361
f 370/360/360 55/361/361 369/362/362
f 369/362/362 55/361/361 54/363/363
f 369/362/362 54/363/363 368/364/364
f 368/364/364 54/363/363 53/365/365
f 368/364/364 53/365/365 367/366/366
f 367/366/366 53/365/365 52/367/367
f 367/366/366 52/367/367 366/368/368
f 366/368/368 52/367/367 51/369/369
f 366/368/368 51/369/369 365/370/370
f 365/370/370 51/369/369 50/371/371
f 365/370/370 50/371/371 49/372/372
f 365/370/370 49/372/372 364/373/373
f 364/373/373 49/372/372 48/374/374
f 364/373/373 48/374/374 363/375/375
f 363/375/375 48/374/374 47/376/376
f 363/375/375 47/376/376 362/377/377
f 362/377/377 47/376/376 46/378/378
f 362/377/377 46/378/378 405/379/379
f 405/379/379 46/378/378 45/380/380
f 405/379/379 45/380/380 361/381/381
f 361/381/381 45/380/380 401/382/382
f 361/381/381 401/382/382 360/383/383
f 360/383/383 401/382/382 400/384/384
f 360/383/383 400/384/384 359/385/385
f 359/385/385 400/384/384 44/386/386
f 359/385/385 44/386/386 406/387/387
f 406/387/387 44/386/386 322/388/388
f 406/387/387 322/388/388 358/389/389
f 358/389/389 322/388/388 323/390/390
f 358/389/389 323/390/390 357/391/391
f 357/391/391 323/390/390 324/392/392
f 357/391/391 324/392/392 407/393/393
f 407/393/393 324/392/392 325/394/394
f 407/393/393 325/394/394 356/395/395
f 356/395/395 325/394/394 355/396/396
f 355/396/396 325/394/394 326/397/397
f 355/396/396 326/397/397 354/398/398
f 354/398/398 326/397/397 353/399/399
f 353/399/399 326/397/397 327/400/400
f 353/399/399 327/400/400 352/401/401
f 352/401/401 327/400/400 328/402/402
f 352/401/401 328/402/402 351/403/403
f 351/403/403 328/402/402 329/404/404
f 351/403/403 329/404/404 330/405/405
f 401/382/382 45/380/380 400/384/384
f 400/384/384 45/380/380 44/386/386
f 351/403/403 330/405/405 350/406/406
f 350/406/406 330/405/405 331/407/407
f 350/406/406 331/407/407 349/408/408
f 349/408/408 331/407/407 332/409/409
f 349/408/408 332/409/409 348/410/410
f 348/410/410 332/409/409 347/411/411
f 347/411/411 332/409/409 333/412/412
f 347/411/411 333/412/412 346/413/413
f 346/413/413 333/412/412 334/414/414
f 346/413/413 334/414/414 345/415/415
f 345/415/415 334/414/414 335/416/416
f 345/415/415 335/416/416 344/417/417
f 344/417/417 335/416/416 336/418/418
f 344/417/417 336/418/418 343/419/419
f 343/419/419 336/418/418 337/420/420
f 343/419/419 337/420/420 342/421/421
f 342/421/421 337/420/420 341/422/422
f 341/422/422 337/420/420 338/423/423
f 341/422/422 338/423/423 340/424/424
f 340/424/424 338/423/423 339/425/425
f 356/395/395 357/391/391 407/393/393
f 358/389/389 359/385/385 406/387/387
f 361/381/381 362/377/377 405/379/379
f 67/338/338 380/340/340 404/426/426
f 404/426/426 380/340/340 381/427/427
f 404/426/426 381/427/427 399/428/428
f 399/428/428 381/427/427 408/429/429
f 399/428/428 408/429/429 398/430/430
f 398/430/430 408/429/429 382/431/431
f 398/430/430 382/431/431 383/432/432
f 381/427/427 382/431/431 408/429/429
f 384/433/433 409/434/434 383/432/432
f 383/432/432 409/434/434 397/435/435
f 383/432/432 397/435/435 398/430/430
f 385/436/436 395/437/437 384/433/433
f 384/433/433 395/437/437 396/438/438
f 384/433/433 396/438/438 409/434/434
f 409/434/434 396/438/438 397/435/435
f 395/437/437 385/436/436 394/439/439
f 394/439/439 385/436/436 386/440/440
f 394/439/439 386/440/440 393/441/441
f 393/441/441 386/440/440 387/442/442
f 393/441/441 387/442/442 392/443/443
f 392/443/443 387/442/442 388/444/444
f 392/443/443 388/444/444 391/445/445
f 391/445/445 388/444/444 389/446/446
f 391/445/445 389/446/446 390/447/447
f 390/447/447 389/446/446 339/448/425
f 339/448/425 389/446/446 340/449/424
f 399/428/428 67/338/338 404/426/426
f 81/450/448 496/451/449 82/452/450
f 82/452/450 496/451/449 497/453/451
f 82/452/450 497/453/451 498/454/452
f 496/451/449 81/450/448 495/455/453
f 495/455/453 81/450/448 80/456/454
f 495/455/453 80/456/454 494/457/455
f 494/457/455 80/456/454 79/458/456
f 494/457/455 79/458/456 493/459/457
f 493/459/457 79/458/456 78/460/458
f 493/459/457 78/460/458 492/461/459
f 492/461/459 78/460/458 77/462/460
f 492/461/459 77/462/460 491/463/461
f 491/463/461 77/462/460 490/464/462
f 490/464/462 77/462/460 76/465/463
f 490/464/462 76/465/463 489/466/464
f 489/466/464 76/465/463 75/467/465
f 489/466/464 75/467/465 488/468/466
f 488/468/466 75/467/465 74/469/467
f 488/468/466 74/469/467 487/470/468
f 487/470/468 74/469/467 73/471/469
f 487/470/468 73/471/469 486/472/470
f 486/472/470 73/471/469 72/473/471
f 486/472/470 72/473/471 485/474/472
f 485/474/472 72/473/471 71/475/473
f 485/474/472 71/475/473 70/476/474
f 485/474/472 70/476/474 484/477/475
f 484/477/475 70/476/474 69/478/476
f 484/477/475 69/478/476 532/479/477
f 532/479/477 69/478/476 531/480/478
f 532/479/477 531/480/478 483/481/479
f 483/481/479 531/480/478 530/482/480
f 483/481/479 530/482/480 482/483/481
f 482/483/481 530/482/480 410/484/482
f 482/483/481 410/484/482 529/485/483
f 529/485/483 410/484/482 411/486/484
f 529/485/483 411/486/484 481/487/485
f 481/487/485 411/486/484 412/488/486
f 481/487/485 412/488/486 480/489/487
f 480/489/487 412/488/486 413/490/488
f 480/489/487 413/490/488 479/491/489
f 479/491/489 413/490/488 414/492/490
f 479/491/489 414/492/490 415/493/491
f 69/478/476 68/494/492 531/480/478
f 531/480/478 68/494/492 530/482/480
f 68/494/492 410/484/482 530/482/480
f 479/491/489 415/493/491 478/495/493
f 478/495/493 415/493/491 416/496/494
f 478/495/493 416/496/494 477/497/495
f 477/497/495 416/496/494 476/498/496
f 476/498/496 416/496/494 417/499/497
f 476/498/496 417/499/497 475/500/498
f 475/500/498 417/499/497 418/501/499
f 475/500/498 418/501/499 474/502/500
f 474/502/500 418/501/499 419/503/501
f 474/502/500 419/503/501 473/504/502
f 473/504/502 419/503/501 420/505/503
f 473/504/502 420/505/503 472/506/504
f 472/506/504 420/505/503 421/507/505
f 472/506/504 421/507/505 471/508/506
f 471/508/506 421/507/505 422/509/507
f 471/508/506 422/509/507 423/510/508
f 471/508/506 423/510/508 470/511/509
f 470/511/509 423/510/508 424/512/510
f 470/511/509 424/512/510 425/513/511
f 470/511/509 425/513/511 469/514/512
f 469/514/512 425/513/511 426/515/513
f 469/514/512 426/515/513 468/516/514
f 468/516/514 426/515/513 427/517/515
f 468/516/514 427/517/515 467/518/516
f 467/518/516 427/517/515 428/519/517
f 467/518/516 428/519/517 466/520/518
f 466/520/518 428/519/517 539/521/519
f 466/520/518 539/521/519 465/522/520
f 465/522/520 539/521/519 429/523/521
f 465/522/520 429/523/521 535/524/522
f 535/524/522 429/523/521 430/525/523
f 535/524/522 430/525/523 464/526/524
f 464/526/524 430/525/523 431/527/525
f 464/526/524 431/527/525 463/528/526
f 463/528/526 431/527/525 462/529/527
f 462/529/527 431/527/525 432/530/528
f 462/529/527 432/530/528 461/531/529
f 461/531/529 432/530/528 460/532/530
f 460/532/530 432/530/528 459/533/531
f 459/533/531 432/530/528 433/534/532
f 459/533/531 433/534/532 458/535/533
f 458/535/533 433/534/532 434/536/534
f 458/535/533 434/536/534 457/537/535
f 457/537/535 434/536/534 435/538/536
f 457/537/535 435/538/536 436/539/537
f 428/519/517 429/523/521 539/521/519
f 436/539/537 437/540/538 457/537/535
f 457/537/535 437/540/538 438/541/539
f 457/537/535 438/541/539 439/542/540
f 457/537/535 439/542/540 456/543/541
f 456/543/541 439/542/540 440/544/542
f 456/543/541 440/544/542 441/545/543
f 441/545/543 442/546/544 456/543/541
f 456/543/541 442/546/544 455/547/545
f 455/547/545 442/546/544 443/548/546
f 455/547/545 443/548/546 444/549/547
f 455/547/545 444/549/547 454/550/548
f 454/550/548 444/549/547 445/551/549
f 454/550/548 445/551/549 453/552/550
f 453/552/550 445/551/549 452/553/551
f 452/553/551 445/551/549 446/554/552
f 452/553/551 446/554/552 451/555/553
f 451/555/553 446/554/552 447/556/554
f 451/555/553 447/556/554 450/557/555
f 450/557/555 447/556/554 448/558/556
f 450/557/555 448/558/556 449/559/557
f 464/526/524 465/522/520 535/524/522
f 481/487/485 482/483/481 529/485/483
f 483/481/479 484/477/475 532/479/477
f 499/560/558 533/561/559 498/454/452
f 498/454/452 533/561/559 528/562/560
f 498/454/452 528/562/560 82/452/450
f 533/561/559 499/560/558 528/562/560
f 528/562/560 499/560/558 500/563/561
f 528/562/560 500/563/561 534/564/562
f 534/564/562 500/563/561 501/565/563
f 534/564/562 501/565/563 527/566/564
f 527/566/564 501/565/563 526/567/565
f 526/567/565 501/565/563 502/568/566
f 526/567/565 502/568/566 537/569/567
f 537/569/567 502/568/566 503/570/568
f 537/569/567 503/570/568 525/571/569
f 525/571/569 503/570/568 524/572/570
f 524/572/570 503/570/568 504/573/571
f 524/572/570 504/573/571 523/574/572
f 523/574/572 504/573/571 505/575/573
f 523/574/572 505/575/573 522/576/574
f 522/576/574 505/575/573 506/577/575
f 522/576/574 506/577/575 521/578/576
f 521/578/576 506/577/575 507/579/577
f 521/578/576 507/579/577 520/580/578
f 520/580/578 507/579/577 508/581/579
f 520/580/578 508/581/579 519/582/580
f 519/582/580 508/581/579 509/583/581
f 519/582/580 509/583/581 518/584/582
f 518/584/582 509/583/581 510/585/583
f 518/584/582 510/585/583 517/586/584
f 517/586/584 510/585/583 511/587/585
f 517/586/584 511/587/585 516/588/586
f 516/588/586 511/587/585 512/589/587
f 516/588/586 512/589/587 515/590/588
f 515/590/588 512/589/587 538/591/589
f 515/590/588 538/591/589 514/592/590
f 514/592/590 538/591/589 513/593/591
f 514/592/590 513/593/591 536/594/592
f 536/594/592 513/593/591 449/595/557
f 536/594/592 449/595/557 448/596/556
f 512/589/587 513/593/591 538/591/589
f 448/596/556 514/592/590 536/594/592
f 525/571/569 526/567/565 537/569/567
f 527/566/564 528/562/560 534/564/562
f 295/597/593 294/598/594 545/599/595
f 545/599/595 294/598/594 293/600/596
f 545/599/595 293/600/596 544/601/597
f 544/601/597 293/600/596 543/602/598
f 543/602/598 293/600/596 292/603/599
f 543/602/598 292/603/599 542/604/600
f 542/604/600 292/603/599 541/605/601
f 541/605/601 292/603/599 291/606/602
f 541/605/601 291/606/602 540/607/603
f 540/607/603 291/606/602 290/608/604
f 231/609/605 629/610/606 232/611/607
f 232/611/607 629/610/606 630/612/608
f 232/611/607 630/612/608 591/613/609
f 591/613/609 630/612/608 629/610/606
f 591/613/609 629/610/606 590/614/610
f 590/614/610 629/610/606 231/609/605
f 590/614/610 231/609/605 633/615/611
f 633/615/611 231/609/605 230/616/612
f 633/615/611 230/616/612 589/617/613
f 589/617/613 230/616/612 229/618/614
f 589/617/613 229/618/614 588/619/615
f 588/619/615 229/618/614 228/620/616
f 588/619/615 228/620/616 227/621/617
f 588/619/615 227/621/617 587/622/618
f 587/622/618 227/621/617 226/623/619
f 587/622/618 226/623/619 586/624/620
f 586/624/620 226/623/619 225/625/621
f 586/624/620 225/625/621 585/626/622
f 585/626/622 225/625/621 224/627/623
f 585/626/622 224/627/623 223/628/624
f 585/626/622 223/628/624 584/629/625
f 584/629/625 223/628/624 222/630/626
f 584/629/625 222/630/626 583/631/627
f 583/631/627 222/630/626 582/632/628
f 582/632/628 222/630/626 221/633/629
f 582/632/628 221/633/629 581/634/630
f 581/634/630 221/633/629 220/635/631
f 581/634/630 220/635/631 580/636/632
f 580/636/632 220/635/631 219/637/633
f 580/636/632 219/637/633 579/638/634
f 579/638/634 219/637/633 578/639/635
f 578/639/635 219/637/633 218/640/636
f 578/639/635 218/640/636 577/641/637
f 577/641/637 218/640/636 217/642/638
f 577/641/637 217/642/638 576/643/639
f 576/643/639 217/642/638 575/644/640
f 575/644/640 217/642/638 216/645/641
f 575/644/640 216/645/641 574/646/642
f 574/646/642 216/645/641 215/647/643
f 574/646/642 215/647/643 573/648/644
f 573/648/644 215/647/643 214/649/645
f 573/648/644 214/649/645 213/650/646
f 573/648/644 213/650/646 572/651/647
f 572/651/647 213/650/646 212/652/648
f 572/651/647 212/652/648 211/653/649
f 572/651/647 211/653/649 571/654/650
f 571/654/650 211/653/649 210/655/651
f 571/654/650 210/655/651 209/656/652
f 208/657/653 628/658/654 209/656/652
f 209/656/652 628/658/654 570/659/655
f 209/656/652 570/659/655 571/654/650
f 546/660/656 632/661/657 208/657/653
f 208/657/653 632/661/657 569/662/658
f 208/657/653 569/662/658 628/658/654
f 628/658/654 569/662/658 570/659/655
f 547/663/659 631/664/660 546/660/656
f 546/660/656 631/664/660 568/665/661
f 546/660/656 568/665/661 632/661/657
f 632/661/657 568/665/661 569/662/658
f 548/666/662 635/667/663 547/663/659
f 547/663/659 635/667/663 567/668/664
f 547/663/659 567/668/664 568/665/661
f 549/669/665 566/670/666 548/666/662
f 548/666/662 566/670/666 567/668/664
f 548/666/662 567/668/664 635/667/663
f 550/671/667 565/672/668 549/669/665
f 549/669/665 565/672/668 636/673/669
f 549/669/665 636/673/669 566/670/666
f 566/670/666 636/673/669 565/672/668
f 565/672/668 550/671/667 564/674/670
f 564/674/670 550/671/667 551/675/671
f 564/674/670 551/675/671 563/676/672
f 563/676/672 551/675/671 552/677/673
f 563/676/672 552/677/673 553/678/674
f 563/676/672 553/678/674 562/679/675
f 562/679/675 553/678/674 554/680/676
f 562/679/675 554/680/676 561/681/677
f 561/681/677 554/680/676 560/682/678
f 560/682/678 554/680/676 555/683/679
f 560/682/678 555/683/679 559/684/680
f 559/684/680 555/683/679 556/685/681
f 559/684/680 556/685/681 558/686/682
f 558/686/682 556/685/681 557/687/683
f 589/617/613 590/614/610 633/615/611
f 232/611/607 591/613/609 634/688/684
f 634/688/684 591/613/609 592/689/685
f 634/688/684 592/689/685 627/690/686
f 627/690/686 592/689/685 593/691/687
f 627/690/686 593/691/687 626/692/688
f 626/692/688 593/691/687 625/693/689
f 625/693/689 593/691/687 594/694/690
f 625/693/689 594/694/690 637/695/691
f 637/695/691 594/694/690 624/696/692
f 637/695/691 624/696/692 625/693/689
f 594/694/690 595/697/693 624/696/692
f 624/696/692 595/697/693 623/698/694
f 623/698/694 595/697/693 596/699/695
f 623/698/694 596/699/695 622/700/696
f 622/700/696 596/699/695 597/701/697
f 622/700/696 597/701/697 621/702/698
f 621/702/698 597/701/697 620/703/699
f 620/703/699 597/701/697 598/704/700
f 620/703/699 598/704/700 619/705/701
f 619/705/701 598/704/700 599/706/702
f 619/705/701 599/706/702 618/707/703
f 618/707/703 599/706/702 600/708/704
f 618/707/703 600/708/704 617/709/705
f 617/709/705 600/708/704 601/710/706
f 617/709/705 601/710/706 616/711/707
f 616/711/707 601/710/706 602/712/708
f 616/711/707 602/712/708 603/713/709
f 616/711/707 603/713/709 615/714/710
f 615/714/710 603/713/709 604/715/711
f 615/714/710 604/715/711 614/716/712
f 614/716/712 604/715/711 605/717/713
f 614/716/712 605/717/713 613/718/714
f 613/718/714 605/717/713 606/719/715
f 613/718/714 606/719/715 612/720/716
f 612/720/716 606/719/715 611/721/717
f 611/721/717 606/719/715 607/722/718
f 611/721/717 607/722/718 610/723/719
f 610/723/719 607/722/718 608/724/720
f 610/723/719 608/724/720 609/725/721
f 609/725/721 608/724/720 558/726/682
f 609/725/721 558/726/682 557/727/683
f 627/690/686 232/611/607 634/688/684
f 547/663/659 568/665/661 631/664/660
f 268/728/722 267/729/723 653/730/724
f 653/730/724 267/729/723 266/731/725
f 653/730/724 266/731/725 265/732/726
f 653/730/724 265/732/726 652/733/727
f 652/733/727 265/732/726 264/734/728
f 652/733/727 264/734/728 651/735/729
f 651/735/729 264/734/728 263/736/730
f 651/735/729 263/736/730 262/737/731
f 651/735/729 262/737/731 650/738/732
f 650/738/732 262/737/731 261/739/733
f 650/738/732 261/739/733 649/740/734
f 649/740/734 261/739/733 260/741/735
f 649/740/734 260/741/735 259/742/736
f 258/743/737 647/744/738 259/742/736
f 259/742/736 647/744/738 648/745/739
f 259/742/736 648/745/739 649/740/734
f 257/746/740 645/747/741 258/743/737
f 258/743/737 645/747/741 646/748/742
f 258/743/737 646/748/742 647/744/738
f 256/749/743 643/750/744 257/746/740
f 257/746/740 643/750/744 644/751/745
f 257/746/740 644/751/745 645/747/741
f 643/750/744 256/749/743 642/752/746
f 642/752/746 256/749/743 255/753/747
f 642/752/746 255/753/747 641/754/748
f 641/754/748 255/753/747 254/755/749
f 641/754/748 254/755/749 640/756/750
f 640/756/750 254/755/749 253/757/751
f 640/756/750 253/757/751 252/758/752
f 640/756/750 252/758/752 639/759/753
f 639/759/753 252/758/752 251/760/754
f 639/759/753 251/760/754 638/761/755
f 638/761/755 251/760/754 250/762/756
f 638/761/755 250/762/756 249/763/757
f 206/764/758 788/765/759 207/766/760
f 207/766/760 788/765/759 704/767/761
f 207/766/760 704/767/761 792/768/762
f 792/768/762 704/767/761 705/769/763
f 792/768/762 705/769/763 784/770/764
f 784/770/764 705/769/763 793/771/765
f 784/770/764 793/771/765 783/772/766
f 783/772/766 793/771/765 706/773/767
f 783/772/766 706/773/767 782/774/768
f 782/774/768 706/773/767 707/775/769
f 782/774/768 707/775/769 781/776/770
f 781/776/770 707/775/769 780/777/771
f 780/777/771 707/775/769 708/778/772
f 780/777/771 708/778/772 779/779/773
f 779/779/773 708/778/772 709/780/774
f 779/779/773 709/780/774 778/781/775
f 778/781/775 709/780/774 710/782/776
f 778/781/775 710/782/776 777/783/777
f 777/783/777 710/782/776 711/784/778
f 777/783/777 711/784/778 776/785/779
f 776/785/779 711/784/778 712/786/780
f 776/785/779 712/786/780 775/787/781
f 775/787/781 712/786/780 713/788/782
f 775/787/781 713/788/782 714/789/783
f 788/765/759 206/764/758 787/790/784
f 787/790/784 206/764/758 205/791/785
f 787/790/784 205/791/785 703/792/786
f 703/792/786 205/791/785 702/793/787
f 702/793/787 205/791/785 204/794/788
f 702/793/787 204/794/788 203/795/789
f 702/793/787 203/795/789 701/796/790
f 701/796/790 203/795/789 202/797/791
f 701/796/790 202/797/791 700/798/792
f 700/798/792 202/797/791 699/799/793
f 699/799/793 202/797/791 201/800/794
f 699/799/793 201/800/794 698/801/795
f 698/801/795 201/800/794 200/802/796
f 698/801/795 200/802/796 697/803/797
f 697/803/797 200/802/796 199/804/798
f 697/803/797 199/804/798 696/805/799
f 696/805/799 199/804/798 198/806/800
f 696/805/799 198/806/800 695/807/801
f 695/807/801 198/806/800 197/808/802
f 695/807/801 197/808/802 694/809/803
f 694/809/803 197/808/802 196/810/804
f 694/809/803 196/810/804 693/811/805
f 693/811/805 196/810/804 692/812/806
f 692/812/806 196/810/804 195/813/807
f 692/812/806 195/813/807 691/814/808
f 691/814/808 195/813/807 194/815/809
f 691/814/808 194/815/809 690/816/810
f 690/816/810 194/815/809 689/817/811
f 689/817/811 194/815/809 193/818/812
f 689/817/811 193/818/812 688/819/813
f 688/819/813 193/818/812 654/820/814
f 688/819/813 654/820/814 786/821/815
f 786/821/815 654/820/814 655/822/816
f 786/821/815 655/822/816 687/823/817
f 687/823/817 655/822/816 789/824/818
f 687/823/817 789/824/818 686/825/819
f 686/825/819 789/824/818 656/826/820
f 686/825/819 656/826/820 791/827/821
f 791/827/821 656/826/820 657/828/822
f 791/827/821 657/828/822 686/825/819
f 686/825/819 657/828/822 685/829/823
f 685/829/823 657/828/822 658/830/824
f 685/829/823 658/830/824 659/831/825
f 655/822/816 656/826/820 789/824/818
f 685/829/823 659/831/825 684/832/826
f 684/832/826 659/831/825 660/833/827
f 684/832/826 660/833/827 683/834/828
f 683/834/828 660/833/827 682/835/829
f 682/835/829 660/833/827 661/836/830
f 682/835/829 661/836/830 681/837/831
f 681/837/831 661/836/830 662/838/832
f 681/837/831 662/838/832 680/839/833
f 680/839/833 662/838/832 663/840/834
f 680/839/833 663/840/834 679/841/835
f 679/841/835 663/840/834 678/842/836
f 678/842/836 663/840/834 664/843/837
f 678/842/836 664/843/837 677/844/838
f 677/844/838 664/843/837 665/845/839
f 677/844/838 665/845/839 676/846/840
f 676/846/840 665/845/839 666/847/841
f 676/846/840 666/847/841 675/848/842
f 675/848/842 666/847/841 667/849/843
f 675/848/842 667/849/843 674/850/844
f 674/850/844 667/849/843 668/851/845
f 674/850/844 668/851/845 673/852/846
f 673/852/846 668/851/845 790/853/847
f 673/852/846 790/853/847 672/854/848
f 672/854/848 790/853/847 785/855/849
f 672/854/848 785/855/849 671/856/850
f 671/856/850 785/855/849 670/857/851
f 670/857/851 785/855/849 669/858/852
f 669/858/852 785/855/849 790/853/847
f 669/858/852 790/853/847 668/851/845
f 687/823/817 688/819/813 786/821/815
f 787/790/784 703/792/786 788/765/759
f 788/765/759 703/792/786 704/767/761
f 705/769/763 706/773/767 793/771/765
f 775/787/781 714/789/783 774/859/853
f 774/859/853 714/789/783 715/860/854
f 774/859/853 715/860/854 773/861/855
f 773/861/855 715/860/854 716/862/856
f 773/861/855 716/862/856 772/863/857
f 772/863/857 716/862/856 717/864/858
f 772/863/857 717/864/858 771/865/859
f 771/865/859 717/864/858 718/866/860
f 771/865/859 718/866/860 770/867/861
f 770/867/861 718/866/860 719/868/862
f 770/867/861 719/868/862 769/869/863
f 769/869/863 719/868/862 720/870/864
f 769/869/863 720/870/864 768/871/865
f 768/871/865 720/870/864 721/872/866
f 768/871/865 721/872/866 767/873/867
f 767/873/867 721/872/866 722/874/868
f 767/873/867 722/874/868 766/875/869
f 766/875/869 722/874/868 723/876/870
f 766/875/869 723/876/870 794/877/871
f 794/877/871 723/876/870 724/878/872
f 794/877/871 724/878/872 765/879/873
f 765/879/873 724/878/872 764/880/874
f 764/880/874 724/878/872 795/881/875
f 764/880/874 795/881/875 763/882/876
f 763/882/876 795/881/875 725/883/877
f 763/882/876 725/883/877 762/884/878
f 762/884/878 725/883/877 726/885/879
f 762/884/878 726/885/879 761/886/880
f 761/886/880 726/885/879 727/887/881
f 761/886/880 727/887/881 760/888/882
f 760/888/882 727/887/881 728/889/883
f 760/888/882 728/889/883 729/890/884
f 724/878/872 725/883/877 795/881/875
f 760/888/882 729/890/884 759/891/885
f 759/891/885 729/890/884 730/892/886
f 759/891/885 730/892/886 731/893/887
f 759/891/885 731/893/887 758/894/888
f 758/894/888 731/893/887 732/895/889
f 758/894/888 732/895/889 757/896/890
f 757/896/890 732/895/889 733/897/891
f 757/896/890 733/897/891 756/898/892
f 756/898/892 733/897/891 755/899/893
f 755/899/893 733/897/891 734/900/894
f 755/899/893 734/900/894 754/901/895
f 754/901/895 734/900/894 753/902/896
f 753/902/896 734/900/894 752/903/897
f 752/903/897 734/900/894 751/904/898
f 751/904/898 734/900/894 750/905/899
f 750/905/899 734/900/894 735/906/900
f 750/905/899 735/906/900 749/907/901
f 749/907/901 735/906/900 748/908/902
f 748/908/902 735/906/900 747/909/903
f 747/909/903 735/906/900 736/910/904
f 747/909/903 736/910/904 746/911/905
f 746/911/905 736/910/904 745/912/906
f 745/912/906 736/910/904 737/913/907
f 745/912/906 737/913/907 744/914/908
f 744/914/908 737/913/907 738/915/909
f 744/914/908 738/915/909 739/916/910
f 744/914/908 739/916/910 743/917/911
f 743/917/911 739/916/910 740/918/912
f 743/917/911 740/918/912 742/919/913
f 742/919/913 740/918/912 741/920/914
f 742/919/913 741/920/914 670/921/851
f 670/921/851 741/920/914 671/922/850
f 765/879/873 766/875/869 794/877/871
f 784/770/764 207/766/760 792/768/762
f 274/923/915 273/924/916 801/925/917
f 801/925/917 273/924/916 800/926/918
f 800/926/918 273/924/916 272/927/919
f 800/926/918 272/927/919 799/928/920
f 799/928/920 272/927/919 798/929/921
f 798/929/921 272/927/919 271/930/922
f 798/929/921 271/930/922 797/931/923
f 797/931/923 271/930/922 270/932/924
f 797/931/923 270/932/924 796/933/925
f 796/933/925 270/932/924 269/934/926
f 191/935/927 898/936/928 192/937/929
f 192/937/929 898/936/928 899/938/930
f 192/937/929 899/938/930 892/939/931
f 892/939/931 899/938/930 900/940/932
f 892/939/931 900/940/932 901/941/933
f 901/941/933 900/940/932 849/942/934
f 901/941/933 849/942/934 891/943/935
f 891/943/935 849/942/934 850/944/936
f 891/943/935 850/944/936 890/945/937
f 890/945/937 850/944/936 851/946/938
f 890/945/937 851/946/938 889/947/939
f 889/947/939 851/946/938 852/948/940
f 889/947/939 852/948/940 888/949/941
f 888/949/941 852/948/940 887/950/942
f 887/950/942 852/948/940 853/951/943
f 887/950/942 853/951/943 886/952/944
f 886/952/944 853/951/943 854/953/945
f 886/952/944 854/953/945 885/954/946
f 885/954/946 854/953/945 855/955/947
f 885/954/946 855/955/947 884/956/948
f 884/956/948 855/955/947 856/957/949
f 884/956/948 856/957/949 883/958/950
f 883/958/950 856/957/949 857/959/951
f 883/958/950 857/959/951 882/960/952
f 882/960/952 857/959/951 858/961/953
f 882/960/952 858/961/953 881/962/954
f 881/962/954 858/961/953 859/963/955
f 881/962/954 859/963/955 880/964/956
f 880/964/956 859/963/955 860/965/957
f 880/964/956 860/965/957 879/966/958
f 879/966/958 860/965/957 861/967/959
f 879/966/958 861/967/959 878/968/960
f 878/968/960 861/967/959 920/969/961
f 878/968/960 920/969/961 877/970/962
f 877/970/962 920/969/961 919/971/963
f 877/970/962 919/971/963 918/972/964
f 918/972/964 919/971/963 862/973/965
f 918/972/964 862/973/965 863/974/966
f 898/936/928 191/935/927 897/975/967
f 897/975/967 191/935/927 190/976/968
f 897/975/967 190/976/968 896/977/969
f 896/977/969 190/976/968 189/978/970
f 896/977/969 189/978/970 188/979/971
f 187/980/972 921/981/973 188/979/971
f 188/979/971 921/981/973 844/982/974
f 188/979/971 844/982/974 896/977/969
f 896/977/969 844/982/974 845/983/975
f 896/977/969 845/983/975 897/975/967
f 897/975/967 845/983/975 846/984/976
f 897/975/967 846/984/976 898/936/928
f 898/936/928 846/984/976 847/985/977
f 898/936/928 847/985/977 899/938/930
f 899/938/930 847/985/977 848/986/978
f 899/938/930 848/986/978 900/940/932
f 900/940/932 848/986/978 849/942/934
f 921/981/973 187/980/972 843/987/979
f 843/987/979 187/980/972 186/988/980
f 843/987/979 186/988/980 895/989/981
f 895/989/981 186/988/980 894/990/982
f 895/989/981 894/990/982 842/991/983
f 842/991/983 894/990/982 841/992/984
f 841/992/984 894/990/982 185/993/985
f 841/992/984 185/993/985 840/994/986
f 840/994/986 185/993/985 184/995/987
f 840/994/986 184/995/987 839/996/988
f 839/996/988 184/995/987 183/997/989
f 839/996/988 183/997/989 838/998/990
f 838/998/990 183/997/989 182/999/991
f 838/998/990 182/999/991 905/1000/992
f 905/1000/992 182/999/991 837/1001/993
f 905/1000/992 837/1001/993 838/998/990
f 186/988/980 185/993/985 894/990/982
f 182/999/991 181/1002/994 837/1001/993
f 837/1001/993 181/1002/994 922/1003/995
f 837/1001/993 922/1003/995 836/1004/996
f 836/1004/996 922/1003/995 180/1005/997
f 836/1004/996 180/1005/997 835/1006/998
f 835/1006/998 180/1005/997 904/1007/999
f 835/1006/998 904/1007/999 834/1008/1000
f 834/1008/1000 904/1007/999 802/1009/1001
f 834/1008/1000 802/1009/1001 903/1010/1002
f 903/1010/1002 802/1009/1001 803/1011/1003
f 903/1010/1002 803/1011/1003 833/1012/1004
f 833/1012/1004 803/1011/1003 832/1013/1005
f 832/1013/1005 803/1011/1003 902/1014/1006
f 832/1013/1005 902/1014/1006 804/1015/1007
f 804/1015/1007 902/1014/1006 803/1011/1003
f 181/1002/994 180/1005/997 922/1003/995
f 180/1005/997 802/1009/1001 904/1007/999
f 832/1013/1005 804/1015/1007 831/1016/1008
f 831/1016/1008 804/1015/1007 805/1017/1009
f 831/1016/1008 805/1017/1009 830/1018/1010
f 830/1018/1010 805/1017/1009 806/1019/1011
f 830/1018/1010 806/1019/1011 829/1020/1012
f 829/1020/1012 806/1019/1011 807/1021/1013
f 829/1020/1012 807/1021/1013 808/1022/1014
f 829/1020/1012 808/1022/1014 828/1023/1015
f 828/1023/1015 808/1022/1014 809/1024/1016
f 828/1023/1015 809/1024/1016 827/1025/1017
f 827/1025/1017 809/1024/1016 826/1026/1018
f 826/1026/1018 809/1024/1016 810/1027/1019
f 826/1026/1018 810/1027/1019 811/1028/1020
f 826/1026/1018 811/1028/1020 825/1029/1021
f 825/1029/1021 811/1028/1020 812/1030/1022
f 825/1029/1021 812/1030/1022 824/1031/1023
f 824/1031/1023 812/1030/1022 813/1032/1024
f 824/1031/1023 813/1032/1024 814/1033/1025
f 824/1031/1023 814/1033/1025 907/1034/1026
f 907/1034/1026 814/1033/1025 815/1035/1027
f 907/1034/1026 815/1035/1027 823/1036/1028
f 823/1036/1028 815/1035/1027 822/1037/1029
f 822/1037/1029 815/1035/1027 816/1038/1030
f 822/1037/1029 816/1038/1030 906/1039/1031
f 906/1039/1031 816/1038/1030 817/1040/1032
f 906/1039/1031 817/1040/1032 821/1041/1033
f 821/1041/1033 817/1040/1032 893/1042/1034
f 821/1041/1033 893/1042/1034 820/1043/1035
f 820/1043/1035 893/1042/1034 133/1044/1036
f 820/1043/1035 133/1044/1036 132/1045/1037
f 817/1040/1032 818/1046/1038 893/1042/1034
f 893/1042/1034 818/1046/1038 133/1044/1036
f 132/1045/1037 819/1047/1039 820/1043/1035
f 821/1041/1033 822/1037/1029 906/1039/1031
f 823/1036/1028 824/1031/1023 907/1034/1026
f 833/1012/1004 834/1008/1000 903/1010/1002
f 842/991/983 843/987/979 895/989/981
f 843/987/979 844/982/974 921/981/973
f 861/967/959 862/973/965 920/969/961
f 920/969/961 862/973/965 919/971/963
f 918/972/964 863/974/966 917/1048/1040
f 917/1048/1040 863/974/966 864/1049/1041
f 917/1048/1040 864/1049/1041 916/1050/1042
f 916/1050/1042 864/1049/1041 865/1051/1043
f 916/1050/1042 865/1051/1043 915/1052/1044
f 915/1052/1044 865/1051/1043 866/1053/1045
f 915/1052/1044 866/1053/1045 914/1054/1046
f 914/1054/1046 866/1053/1045 913/1055/1047
f 914/1054/1046 913/1055/1047 125/1056/1048
f 125/1056/1048 913/1055/1047 126/1057/1049
f 126/1057/1049 913/1055/1047 127/1058/1050
f 127/1058/1050 913/1055/1047 912/1059/1051
f 127/1058/1050 912/1059/1051 128/1060/1052
f 128/1060/1052 912/1059/1051 911/1061/1053
f 128/1060/1052 911/1061/1053 129/1062/1054
f 129/1062/1054 911/1061/1053 910/1063/1055
f 129/1062/1054 910/1063/1055 130/1064/1056
f 130/1064/1056 910/1063/1055 909/1065/1057
f 130/1064/1056 909/1065/1057 131/1066/1058
f 131/1066/1058 909/1065/1057 908/1067/1059
f 131/1066/1058 908/1067/1059 132/1068/1037
f 132/1068/1037 908/1067/1059 819/1069/1039
f 819/1069/1039 908/1067/1059 874/1070/1060
f 874/1070/1060 908/1067/1059 873/1071/1061
f 873/1071/1061 908/1067/1059 909/1065/1057
f 873/1071/1061 909/1065/1057 872/1072/1062
f 872/1072/1062 909/1065/1057 910/1063/1055
f 872/1072/1062 910/1063/1055 871/1073/1063
f 871/1073/1063 910/1063/1055 870/1074/1064
f 870/1074/1064 910/1063/1055 911/1061/1053
f 870/1074/1064 911/1061/1053 869/1075/1065
f 869/1075/1065 911/1061/1053 868/1076/1066
f 868/1076/1066 911/1061/1053 912/1059/1051
f 868/1076/1066 912/1059/1051 867/1077/1067
f 867/1077/1067 912/1059/1051 913/1055/1047
f 867/1077/1067 913/1055/1047 866/1053/1045
f 125/1056/1048 124/1078/1068 914/1054/1046
f 914/1054/1046 124/1078/1068 915/1052/1044
f 124/1078/1068 123/1079/1069 915/1052/1044
f 915/1052/1044 123/1079/1069 916/1050/1042
f 123/1079/1069 122/1080/1070 916/1050/1042
f 916/1050/1042 122/1080/1070 875/1081/1071
f 916/1050/1042 875/1081/1071 917/1048/1040
f 917/1048/1040 875/1081/1071 876/1082/1072
f 917/1048/1040 876/1082/1072 918/972/964
f 918/972/964 876/1082/1072 877/970/962
f 891/943/935 892/939/931 901/941/933
f 3/1083/1073 233/1084/1074 938/1085/1075
f 938/1085/1075 233/1084/1074 939/1086/1076
f 938/1085/1075 939/1086/1076 937/1087/1077
f 937/1087/1077 939/1086/1076 943/1088/1078
f 937/1087/1077 943/1088/1078 944/1089/1079
f 944/1089/1079 943/1088/1078 626/1090/1080
f 944/1089/1079 626/1090/1080 625/1091/1081
f 233/1084/1074 232/1092/1082 939/1086/1076
f 939/1086/1076 232/1092/1082 627/1093/1083
f 939/1086/1076 627/1093/1083 943/1088/1078
f 943/1088/1078 627/1093/1083 626/1090/1080
f 944/1089/1079 625/1091/1081 936/1094/1084
f 936/1094/1084 625/1091/1081 624/1095/1085
f 936/1094/1084 624/1095/1085 935/1096/1086
f 935/1096/1086 624/1095/1085 623/1097/1087
f 935/1096/1086 623/1097/1087 934/1098/1088
f 934/1098/1088 623/1097/1087 622/1099/1089
f 934/1098/1088 622/1099/1089 621/1100/1090
f 621/1100/1090 620/1101/1091 934/1098/1088
f 934/1098/1088 620/1101/1091 619/1102/1092
f 934/1098/1088 619/1102/1092 933/1103/1093
f 933/1103/1093 619/1102/1092 945/1104/1094
f 933/1103/1093 945/1104/1094 946/1105/1095
f 946/1105/1095 945/1104/1094 777/1106/1096
f 946/1105/1095 777/1106/1096 776/1107/1097
f 619/1102/1092 618/1108/1098 945/1104/1094
f 945/1104/1094 618/1108/1098 617/1109/1099
f 945/1104/1094 617/1109/1099 616/1110/1100
f 616/1110/1100 615/1111/1101 945/1104/1094
f 945/1104/1094 615/1111/1101 614/1112/1102
f 945/1104/1094 614/1112/1102 613/1113/1103
f 613/1113/1103 612/1114/1104 945/1104/1094
f 945/1104/1094 612/1114/1104 611/1115/1105
f 945/1104/1094 611/1115/1105 610/1116/1106
f 610/1116/1106 609/1117/1107 945/1104/1094
f 945/1104/1094 609/1117/1107 557/1118/1108
f 945/1104/1094 557/1118/1108 556/1119/1109
f 556/1119/1109 555/1120/1110 945/1104/1094
f 945/1104/1094 555/1120/1110 554/1121/1111
f 945/1104/1094 554/1121/1111 777/1106/1096
f 777/1106/1096 554/1121/1111 778/1122/1112
f 778/1122/1112 554/1121/1111 553/1123/1113
f 778/1122/1112 553/1123/1113 552/1124/1114
f 552/1124/1114 551/1125/1115 778/1122/1112
f 778/1122/1112 551/1125/1115 779/1126/1116
f 779/1126/1116 551/1125/1115 550/1127/1117
f 779/1126/1116 550/1127/1117 998/1128/1118
f 998/1128/1118 550/1127/1117 549/1129/1119
f 998/1128/1118 549/1129/1119 780/1130/1120
f 780/1130/1120 549/1129/1119 962/1131/1121
f 780/1130/1120 962/1131/1121 781/1132/1122
f 781/1132/1122 962/1131/1121 548/1133/1123
f 781/1132/1122 548/1133/1123 964/1134/1124
f 964/1134/1124 548/1133/1123 547/1135/1125
f 964/1134/1124 547/1135/1125 963/1136/1126
f 963/1136/1126 547/1135/1125 546/1137/1127
f 963/1136/1126 546/1137/1127 783/1138/1128
f 783/1138/1128 546/1137/1127 965/1139/1129
f 783/1138/1128 965/1139/1129 784/1140/1130
f 784/1140/1130 965/1139/1129 207/1141/1131
f 207/1141/1131 965/1139/1129 208/1142/1132
f 208/1142/1132 965/1139/1129 546/1137/1127
f 549/1129/1119 548/1133/1123 962/1131/1121
f 783/1138/1128 782/1143/1133 963/1136/1126
f 963/1136/1126 782/1143/1133 964/1134/1124
f 782/1143/1133 781/1132/1122 964/1134/1124
f 780/1130/1120 779/1126/1116 998/1128/1118
f 775/1144/1134 948/1145/1135 776/1107/1097
f 776/1107/1097 948/1145/1135 947/1146/1136
f 776/1107/1097 947/1146/1136 946/1105/1095
f 946/1105/1095 947/1146/1136 932/1147/1137
f 946/1105/1095 932/1147/1137 933/1103/1093
f 948/1145/1135 775/1144/1134 949/1148/1138
f 949/1148/1138 775/1144/1134 774/1149/1139
f 949/1148/1138 774/1149/1139 950/1150/1140
f 950/1150/1140 774/1149/1139 773/1151/1141
f 950/1150/1140 773/1151/1141 951/1152/1142
f 951/1152/1142 773/1151/1141 772/1153/1143
f 951/1152/1142 772/1153/1143 952/1154/1144
f 952/1154/1144 772/1153/1143 771/1155/1145
f 952/1154/1144 771/1155/1145 770/1156/1146
f 952/1154/1144 770/1156/1146 953/1157/1147
f 953/1157/1147 770/1156/1146 769/1158/1148
f 953/1157/1147 769/1158/1148 954/1159/1149
f 954/1159/1149 769/1158/1148 768/1160/1150
f 954/1159/1149 768/1160/1150 767/1161/1151
f 954/1159/1149 767/1161/1151 955/1162/1152
f 955/1162/1152 767/1161/1151 766/1163/1153
f 955/1162/1152 766/1163/1153 959/1164/1154
f 959/1164/1154 766/1163/1153 765/1165/1155
f 959/1164/1154 765/1165/1155 940/1166/1156
f 940/1166/1156 765/1165/1155 764/1167/1157
f 940/1166/1156 764/1167/1157 966/1168/1158
f 966/1168/1158 764/1167/1157 763/1169/1159
f 966/1168/1158 763/1169/1159 967/1170/1160
f 967/1170/1160 763/1169/1159 969/1171/1161
f 967/1170/1160 969/1171/1161 970/1172/1162
f 970/1172/1162 969/1171/1161 972/1173/1163
f 970/1172/1162 972/1173/1163 6/1174/1164
f 969/1171/1161 763/1169/1159 971/1175/1165
f 971/1175/1165 763/1169/1159 762/1176/1166
f 971/1175/1165 762/1176/1166 973/1177/1167
f 973/1177/1167 762/1176/1166 761/1178/1168
f 973/1177/1167 761/1178/1168 975/1179/1169
f 975/1179/1169 761/1178/1168 760/1180/1170
f 975/1179/1169 760/1180/1170 976/1181/1171
f 976/1181/1171 760/1180/1170 977/1182/1172
f 976/1181/1171 977/1182/1172 6/1183/1164
f 760/1180/1170 759/1184/1173 977/1182/1172
f 977/1182/1172 759/1184/1173 758/1185/1174
f 977/1182/1172 758/1185/1174 757/1186/1175
f 757/1186/1175 756/1187/1176 977/1182/1172
f 977/1182/1172 756/1187/1176 755/1188/1177
f 977/1182/1172 755/1188/1177 979/1189/1178
f 979/1189/1178 755/1188/1177 754/1190/1179
f 979/1189/1178 754/1190/1179 753/1191/1180
f 753/1191/1180 752/1192/1181 979/1189/1178
f 979/1189/1178 752/1192/1181 751/1193/1182
f 979/1189/1178 751/1193/1182 750/1194/1183
f 750/1194/1183 749/1195/1184 979/1189/1178
f 979/1189/1178 749/1195/1184 978/1196/1185
f 979/1189/1178 978/1196/1185 992/1197/1186
f 992/1197/1186 978/1196/1185 941/1198/1187
f 992/1197/1186 941/1198/1187 986/1199/1188
f 986/1199/1188 941/1198/1187 987/1200/1189
f 986/1199/1188 987/1200/1189 989/1201/1190
f 989/1201/1190 987/1200/1189 988/1202/1191
f 989/1201/1190 988/1202/1191 994/1203/1192
f 994/1203/1192 988/1202/1191 993/1204/1193
f 994/1203/1192 993/1204/1193 996/1205/1194
f 996/1205/1194 993/1204/1193 995/1206/1195
f 996/1205/1194 995/1206/1195 997/1207/1196
f 997/1207/1196 995/1206/1195 942/1208/1197
f 997/1207/1196 942/1208/1197 990/1209/1198
f 990/1209/1198 942/1208/1197 991/1210/1199
f 990/1209/1198 991/1210/1199 121/1211/1200
f 121/1211/1200 991/1210/1199 122/1212/1201
f 122/1212/1201 991/1210/1199 942/1208/1197
f 122/1212/1201 942/1208/1197 995/1206/1195
f 749/1195/1184 748/1213/1202 978/1196/1185
f 978/1196/1185 748/1213/1202 747/1214/1203
f 978/1196/1185 747/1214/1203 746/1215/1204
f 746/1215/1204 745/1216/1205 978/1196/1185
f 978/1196/1185 745/1216/1205 744/1217/1206
f 978/1196/1185 744/1217/1206 743/1218/1207
f 743/1218/1207 742/1219/1208 978/1196/1185
f 978/1196/1185 742/1219/1208 876/1220/1209
f 978/1196/1185 876/1220/1209 875/1221/1210
f 742/1219/1208 670/1222/1211 876/1220/1209
f 876/1220/1209 670/1222/1211 999/1223/1212
f 876/1220/1209 999/1223/1212 877/1224/1213
f 877/1224/1213 999/1223/1212 669/1225/1214
f 877/1224/1213 669/1225/1214 878/1226/1215
f 878/1226/1215 669/1225/1214 1000/1227/1216
f 878/1226/1215 1000/1227/1216 668/1228/1217
f 668/1228/1217 1000/1227/1216 669/1225/1214
f 670/1222/1211 669/1225/1214 999/1223/1212
f 878/1226/1215 668/1228/1217 879/1229/1218
f 879/1229/1218 668/1228/1217 667/1230/1219
f 879/1229/1218 667/1230/1219 880/1231/1220
f 880/1231/1220 667/1230/1219 982/1232/1221
f 880/1231/1220 982/1232/1221 881/1233/1222
f 881/1233/1222 982/1232/1221 666/1234/1223
f 881/1233/1222 666/1234/1223 665/1235/1224
f 667/1230/1219 666/1234/1223 982/1232/1221
f 881/1233/1222 665/1235/1224 983/1236/1225
f 983/1236/1225 665/1235/1224 664/1237/1226
f 983/1236/1225 664/1237/1226 882/1238/1227
f 882/1238/1227 664/1237/1226 663/1239/1228
f 882/1238/1227 663/1239/1228 883/1240/1229
f 883/1240/1229 663/1239/1228 981/1241/1230
f 883/1240/1229 981/1241/1230 980/1242/1231
f 980/1242/1231 981/1241/1230 662/1243/1232
f 980/1242/1231 662/1243/1232 661/1244/1233
f 663/1239/1228 662/1243/1232 981/1241/1230
f 660/1245/1234 985/1246/1235 661/1244/1233
f 661/1244/1233 985/1246/1235 884/1247/1236
f 661/1244/1233 884/1247/1236 980/1242/1231
f 980/1242/1231 884/1247/1236 883/1240/1229
f 985/1246/1235 660/1245/1234 984/1248/1237
f 984/1248/1237 660/1245/1234 659/1249/1238
f 984/1248/1237 659/1249/1238 885/1250/1239
f 885/1250/1239 659/1249/1238 886/1251/1240
f 886/1251/1240 659/1249/1238 658/1252/1241
f 886/1251/1240 658/1252/1241 1001/1253/1242
f 1001/1253/1242 658/1252/1241 657/1254/1243
f 1001/1253/1242 657/1254/1243 887/1255/1244
f 887/1255/1244 657/1254/1243 888/1256/1245
f 888/1256/1245 657/1254/1243 889/1257/1246
f 889/1257/1246 657/1254/1243 656/1258/1247
f 889/1257/1246 656/1258/1247 1002/1259/1248
f 1002/1259/1248 656/1258/1247 890/1260/1249
f 1002/1259/1248 890/1260/1249 889/1257/1246
f 656/1258/1247 655/1261/1250 890/1260/1249
f 890/1260/1249 655/1261/1250 891/1262/1251
f 891/1262/1251 655/1261/1250 1003/1263/1252
f 891/1262/1251 1003/1263/1252 892/1264/1253
f 892/1264/1253 1003/1263/1252 193/1265/1254
f 892/1264/1253 193/1265/1254 192/1266/1255
f 655/1261/1250 654/1267/1256 1003/1263/1252
f 1003/1263/1252 654/1267/1256 193/1265/1254
f 887/1255/1244 886/1251/1240 1001/1253/1242
f 984/1248/1237 885/1250/1239 985/1246/1235
f 985/1246/1235 885/1250/1239 884/1247/1236
f 882/1238/1227 881/1233/1222 983/1236/1225
f 122/1212/1201 995/1206/1195 875/1221/1210
f 875/1221/1210 995/1206/1195 993/1204/1193
f 875/1221/1210 993/1204/1193 988/1202/1191
f 121/1211/1200 6/1268/1164 990/1209/1198
f 924/1269/1257 957/1270/1258 923/1271/1259
f 923/1271/1259 957/1270/1258 958/1272/1260
f 923/1271/1259 958/1272/1260 6/1273/1164
f 957/1270/1258 924/1269/1257 956/1274/1261
f 956/1274/1261 924/1269/1257 925/1275/1262
f 956/1274/1261 925/1275/1262 955/1162/1152
f 955/1162/1152 925/1275/1262 926/1276/1263
f 955/1162/1152 926/1276/1263 954/1159/1149
f 954/1159/1149 926/1276/1263 927/1277/1264
f 954/1159/1149 927/1277/1264 953/1157/1147
f 953/1157/1147 927/1277/1264 928/1278/1265
f 953/1157/1147 928/1278/1265 952/1154/1144
f 952/1154/1144 928/1278/1265 929/1279/1266
f 952/1154/1144 929/1279/1266 951/1152/1142
f 951/1152/1142 929/1279/1266 930/1280/1267
f 951/1152/1142 930/1280/1267 950/1150/1140
f 950/1150/1140 930/1280/1267 949/1148/1138
f 930/1280/1267 931/1281/1268 949/1148/1138
f 949/1148/1138 931/1281/1268 948/1145/1135
f 948/1145/1135 931/1281/1268 947/1146/1136
f 947/1146/1136 931/1281/1268 932/1147/1137
f 936/1094/1084 937/1087/1077 944/1089/1079
f 990/1209/1198 6/1282/1164 997/1207/1196
f 997/1207/1196 6/1283/1164 996/1205/1194
f 996/1205/1194 6/1284/1164 994/1203/1192
f 994/1203/1192 6/1285/1164 989/1201/1190
f 989/1201/1190 6/1286/1164 986/1199/1188
f 986/1199/1188 6/1287/1164 992/1197/1186
f 992/1197/1186 6/1288/1164 979/1189/1178
f 979/1189/1178 6/1289/1164 977/1182/1172
f 976/1181/1171 6/1290/1164 974/1291/1269
f 974/1291/1269 6/1292/1164 972/1173/1163
f 970/1172/1162 6/1293/1164 968/1294/1270
f 968/1294/1270 6/1295/1164 961/1296/1271
f 961/1296/1271 6/1297/1164 958/1272/1260
f 988/1202/1191 987/1200/1189 875/1221/1210
f 875/1221/1210 987/1200/1189 941/1198/1187
f 875/1221/1210 941/1198/1187 978/1196/1185
f 955/1162/1152 959/1164/1154 956/1274/1261
f 956/1274/1261 959/1164/1154 940/1166/1156
f 956/1274/1261 940/1166/1156 957/1270/1258
f 957/1270/1258 940/1166/1156 960/1298/1272
f 957/1270/1258 960/1298/1272 958/1272/1260
f 958/1272/1260 960/1298/1272 961/1296/1271
f 968/1294/1270 961/1296/1271 960/1298/1272
f 966/1168/1158 967/1170/1160 940/1166/1156
f 940/1166/1156 967/1170/1160 960/1298/1272
f 970/1172/1162 968/1294/1270 967/1170/1160
f 967/1170/1160 968/1294/1270 960/1298/1272
f 974/1291/1269 972/1173/1163 971/1175/1165
f 971/1175/1165 972/1173/1163 969/1171/1161
f 976/1181/1171 974/1291/1269 973/1177/1167
f 973/1177/1167 974/1291/1269 971/1175/1165
f 975/1179/1169 976/1181/1171 973/1177/1167
f 180/1299/1273 179/1300/1274 802/1301/1275
f 802/1301/1275 179/1300/1274 1020/1302/1276
f 802/1301/1275 1020/1302/1276 1021/1303/1277
f 1021/1303/1277 1020/1302/1276 1004/1304/1278
f 1021/1303/1277 1004/1304/1278 1005/1305/1279
f 179/1300/1274 178/1306/1280 1020/1302/1276
f 1020/1302/1276 178/1306/1280 1004/1304/1278
f 1006/1307/1281 1034/1308/1282 1005/1305/1279
f 1005/1305/1279 1034/1308/1282 803/1309/1283
f 1005/1305/1279 803/1309/1283 1021/1303/1277
f 1021/1303/1277 803/1309/1283 802/1301/1275
f 1006/1307/1281 1007/1310/1284 1034/1308/1282
f 1034/1308/1282 1007/1310/1284 805/1311/1285
f 1034/1308/1282 805/1311/1285 804/1312/1286
f 1007/1310/1284 1008/1313/1287 805/1311/1285
f 805/1311/1285 1008/1313/1287 806/1314/1288
f 806/1314/1288 1008/1313/1287 1030/1315/1289
f 806/1314/1288 1030/1315/1289 807/1316/1290
f 807/1316/1290 1030/1315/1289 808/1317/1291
f 808/1317/1291 1030/1315/1289 809/1318/1292
f 809/1318/1292 1030/1315/1289 1029/1319/1293
f 809/1318/1292 1029/1319/1293 810/1320/1294
f 810/1320/1294 1029/1319/1293 1028/1321/1295
f 810/1320/1294 1028/1321/1295 811/1322/1296
f 811/1322/1296 1028/1321/1295 1027/1323/1297
f 811/1322/1296 1027/1323/1297 812/1324/1298
f 812/1324/1298 1027/1323/1297 1026/1325/1299
f 812/1324/1298 1026/1325/1299 1025/1326/1300
f 1025/1326/1300 1026/1325/1299 1013/1327/1301
f 1025/1326/1300 1013/1327/1301 1014/1328/1302
f 1008/1313/1287 1009/1329/1303 1030/1315/1289
f 1030/1315/1289 1009/1329/1303 1029/1319/1293
f 1009/1329/1303 1010/1330/1304 1029/1319/1293
f 1029/1319/1293 1010/1330/1304 1028/1321/1295
f 1010/1330/1304 1011/1331/1305 1028/1321/1295
f 1028/1321/1295 1011/1331/1305 1027/1323/1297
f 1011/1331/1305 1012/1332/1306 1027/1323/1297
f 1027/1323/1297 1012/1332/1306 1026/1325/1299
f 1012/1332/1306 1013/1327/1301 1026/1325/1299
f 1015/1333/1307 1023/1334/1308 1014/1328/1302
f 1014/1328/1302 1023/1334/1308 1024/1335/1309
f 1014/1328/1302 1024/1335/1309 1025/1326/1300
f 1025/1326/1300 1024/1335/1309 813/1336/1310
f 1025/1326/1300 813/1336/1310 812/1324/1298
f 1016/1337/1311 1031/1338/1312 1015/1333/1307
f 1015/1333/1307 1031/1338/1312 1022/1339/1313
f 1015/1333/1307 1022/1339/1313 1023/1334/1308
f 1023/1334/1308 1022/1339/1313 814/1340/1314
f 1023/1334/1308 814/1340/1314 1024/1335/1309
f 1024/1335/1309 814/1340/1314 813/1336/1310
f 1017/1341/1315 1035/1342/1316 1016/1337/1311
f 1016/1337/1311 1035/1342/1316 1032/1343/1317
f 1016/1337/1311 1032/1343/1317 1031/1338/1312
f 1031/1338/1312 1032/1343/1317 1022/1339/1313
f 1017/1341/1315 1018/1344/1318 1035/1342/1316
f 1035/1342/1316 1018/1344/1318 1036/1345/1319
f 1035/1342/1316 1036/1345/1319 1032/1343/1317
f 1032/1343/1317 1036/1345/1319 1033/1346/1320
f 1032/1343/1317 1033/1346/1320 816/1347/1321
f 816/1347/1321 1033/1346/1320 817/1348/1322
f 817/1348/1322 1033/1346/1320 1036/1345/1319
f 817/1348/1322 1036/1345/1319 818/1349/1323
f 818/1349/1323 1036/1345/1319 1019/1350/1324
f 818/1349/1323 1019/1350/1324 133/1351/1325
f 133/1351/1325 1019/1350/1324 134/1352/1326
f 134/1352/1326 1019/1350/1324 1018/1344/1318
f 1018/1344/1318 1019/1350/1324 1036/1345/1319
f 1032/1343/1317 816/1347/1321 1022/1339/1313
f 1022/1339/1313 816/1347/1321 815/1353/1327
f 1022/1339/1313 815/1353/1327 814/1340/1314
f 804/1312/1286 803/1309/1283 1034/1308/1282
f 1065/1354/1328 97/1355/1329 1072/1356/1330
f 1072/1356/1330 97/1355/1329 96/1357/1331
f 1072/1356/1330 96/1357/1331 1073/1358/1332
f 1073/1358/1332 96/1357/1331 1037/1359/1333
f 1073/1358/1332 1037/1359/1333 1038/1360/1334
f 96/1357/1331 95/1361/1335 1037/1359/1333
f 1039/1362/1336 1070/1363/1337 1038/1360/1334
f 1038/1360/1334 1070/1363/1337 1064/1364/1338
f 1038/1360/1334 1064/1364/1338 1073/1358/1332
f 1073/1358/1332 1064/1364/1338 1065/1354/1328
f 1073/1358/1332 1065/1354/1328 1072/1356/1330
f 1040/1365/1339 1074/1366/1340 1039/1362/1336
f 1039/1362/1336 1074/1366/1340 1075/1367/1341
f 1039/1362/1336 1075/1367/1341 1070/1363/1337
f 1070/1363/1337 1075/1367/1341 1063/1368/1342
f 1070/1363/1337 1063/1368/1342 1064/1364/1338
f 1041/1369/1343 1083/1370/1344 1040/1365/1339
f 1040/1365/1339 1083/1370/1344 1069/1371/1345
f 1040/1365/1339 1069/1371/1345 1074/1366/1340
f 1074/1366/1340 1069/1371/1345 1062/1372/1346
f 1074/1366/1340 1062/1372/1346 1075/1367/1341
f 1075/1367/1341 1062/1372/1346 1063/1368/1342
f 1083/1370/1344 1041/1369/1343 1078/1373/1347
f 1078/1373/1347 1041/1369/1343 1042/1374/1348
f 1078/1373/1347 1042/1374/1348 1079/1375/1349
f 1079/1375/1349 1042/1374/1348 1043/1376/1350
f 1079/1375/1349 1043/1376/1350 1080/1377/1351
f 1080/1377/1351 1043/1376/1350 1044/1378/1352
f 1080/1377/1351 1044/1378/1352 1081/1379/1353
f 1081/1379/1353 1044/1378/1352 1045/1380/1354
f 1081/1379/1353 1045/1380/1354 1046/1381/1355
f 1081/1379/1353 1046/1381/1355 1082/1382/1356
f 1082/1382/1356 1046/1381/1355 1047/1383/1357
f 1082/1382/1356 1047/1383/1357 1077/1384/1358
f 1077/1384/1358 1047/1383/1357 1076/1385/1359
f 1077/1384/1358 1076/1385/1359 1054/1386/1360
f 1054/1386/1360 1076/1385/1359 1071/1387/1361
f 1054/1386/1360 1071/1387/1361 1084/1388/1362
f 1084/1388/1362 1071/1387/1361 1085/1389/1363
f 1084/1388/1362 1085/1389/1363 1053/1390/1364
f 1053/1390/1364 1085/1389/1363 1067/1391/1365
f 1053/1390/1364 1067/1391/1365 1052/1392/1366
f 1052/1392/1366 1067/1391/1365 1068/1393/1367
f 1052/1392/1366 1068/1393/1367 1051/1394/1368
f 1051/1394/1368 1068/1393/1367 1086/1395/1369
f 1051/1394/1368 1086/1395/1369 1066/1396/1370
f 1066/1396/1370 1086/1395/1369 1050/1397/1371
f 1066/1396/1370 1050/1397/1371 11/1398/1372
f 1047/1383/1357 1048/1399/1373 1076/1385/1359
f 1076/1385/1359 1048/1399/1373 1071/1387/1361
f 1071/1387/1361 1048/1399/1373 1085/1389/1363
f 1085/1389/1363 1048/1399/1373 1049/1400/1374
f 1085/1389/1363 1049/1400/1374 1067/1391/1365
f 1067/1391/1365 1049/1400/1374 1050/1397/1371
f 1067/1391/1365 1050/1397/1371 1068/1393/1367
f 1068/1393/1367 1050/1397/1371 1086/1395/1369
f 11/1398/1372 10/1401/1375 1066/1396/1370
f 1066/1396/1370 10/1401/1375 1051/1394/1368
f 1053/1390/1364 1054/1386/1360 1084/1388/1362
f 1054/1386/1360 1055/1402/1376 1077/1384/1358
f 1077/1384/1358 1055/1402/1376 1082/1382/1356
f 1055/1402/1376 1056/1403/1377 1082/1382/1356
f 1082/1382/1356 1056/1403/1377 1081/1379/1353
f 1056/1403/1377 1057/1404/1378 1081/1379/1353
f 1081/1379/1353 1057/1404/1378 1080/1377/1351
f 1057/1404/1378 1058/1405/1379 1080/1377/1351
f 1080/1377/1351 1058/1405/1379 1079/1375/1349
f 1058/1405/1379 1059/1406/1380 1079/1375/1349
f 1079/1375/1349 1059/1406/1380 1060/1407/1381
f 1079/1375/1349 1060/1407/1381 1083/1370/1344
f 1083/1370/1344 1060/1407/1381 1069/1371/1345
f 1060/1407/1381 1061/1408/1382 1069/1371/1345
f 1069/1371/1345 1061/1408/1382 1062/1372/1346
f 1078/1373/1347 1079/1375/1349 1083/1370/1344
f 322/1409/1383 44/1410/1384 1168/1411/1385
f 1168/1411/1385 44/1410/1384 43/1412/1386
f 1168/1411/1385 43/1412/1386 1129/1413/1387
f 1129/1413/1387 43/1412/1386 42/1414/1388
f 1129/1413/1387 42/1414/1388 1087/1415/1389
f 1087/1415/1389 1088/1416/1390 1129/1413/1387
f 1129/1413/1387 1088/1416/1390 1130/1417/1391
f 1129/1413/1387 1130/1417/1391 1167/1418/1392
f 1167/1418/1392 1130/1417/1391 1131/1419/1393
f 1167/1418/1392 1131/1419/1393 323/1420/1394
f 323/1420/1394 1131/1419/1393 1132/1421/1395
f 323/1420/1394 1132/1421/1395 324/1422/1396
f 324/1422/1396 1132/1421/1395 1133/1423/1397
f 324/1422/1396 1133/1423/1397 325/1424/1398
f 325/1424/1398 1133/1423/1397 1134/1425/1399
f 325/1424/1398 1134/1425/1399 1135/1426/1400
f 1135/1426/1400 1134/1425/1399 1090/1427/1401
f 1135/1426/1400 1090/1427/1401 1091/1428/1402
f 1130/1417/1391 1088/1416/1390 1131/1419/1393
f 1131/1419/1393 1088/1416/1390 1089/1429/1403
f 1131/1419/1393 1089/1429/1403 1132/1421/1395
f 1132/1421/1395 1089/1429/1403 1133/1423/1397
f 1089/1429/1403 1090/1427/1401 1133/1423/1397
f 1133/1423/1397 1090/1427/1401 1134/1425/1399
f 1092/1430/1404 1137/1431/1405 1091/1428/1402
f 1091/1428/1402 1137/1431/1405 1136/1432/1406
f 1091/1428/1402 1136/1432/1406 1135/1426/1400
f 1135/1426/1400 1136/1432/1406 326/1433/1407
f 1135/1426/1400 326/1433/1407 325/1424/1398
f 1093/1434/1408 1139/1435/1409 1092/1430/1404
f 1092/1430/1404 1139/1435/1409 1138/1436/1410
f 1092/1430/1404 1138/1436/1410 1137/1431/1405
f 1137/1431/1405 1138/1436/1410 1166/1437/1411
f 1137/1431/1405 1166/1437/1411 330/1438/1412
f 330/1438/1412 1166/1437/1411 331/1439/1413
f 331/1439/1413 1166/1437/1411 332/1440/1414
f 332/1440/1414 1166/1437/1411 333/1441/1415
f 333/1441/1415 1166/1437/1411 334/1442/1416
f 334/1442/1416 1166/1437/1411 335/1443/1417
f 335/1443/1417 1166/1437/1411 336/1444/1418
f 336/1444/1418 1166/1437/1411 337/1445/1419
f 337/1445/1419 1166/1437/1411 338/1446/1420
f 338/1446/1420 1166/1437/1411 339/1447/1421
f 339/1447/1421 1166/1437/1411 390/1448/1422
f 390/1448/1422 1166/1437/1411 391/1449/1423
f 391/1449/1423 1166/1437/1411 392/1450/1424
f 392/1450/1424 1166/1437/1411 393/1451/1425
f 393/1451/1425 1166/1437/1411 1200/1452/1426
f 393/1451/1425 1200/1452/1426 394/1453/1427
f 394/1453/1427 1200/1452/1426 1201/1454/1428
f 394/1453/1427 1201/1454/1428 395/1455/1429
f 395/1455/1429 1201/1454/1428 396/1456/1430
f 396/1456/1430 1201/1454/1428 415/1457/1431
f 396/1456/1430 415/1457/1431 1202/1458/1432
f 1202/1458/1432 415/1457/1431 414/1459/1433
f 1202/1458/1432 414/1459/1433 1203/1460/1434
f 1203/1460/1434 414/1459/1433 1204/1461/1435
f 1203/1460/1434 1204/1461/1435 397/1462/1436
f 397/1462/1436 1204/1461/1435 398/1463/1437
f 398/1463/1437 1204/1461/1435 1205/1464/1438
f 398/1463/1437 1205/1464/1438 399/1465/1439
f 399/1465/1439 1205/1464/1438 1206/1466/1440
f 399/1465/1439 1206/1466/1440 411/1467/1441
f 411/1467/1441 1206/1466/1440 412/1468/1442
f 412/1468/1442 1206/1466/1440 1205/1464/1438
f 412/1468/1442 1205/1464/1438 1204/1461/1435
f 1139/1435/1409 1093/1434/1408 1140/1469/1443
f 1140/1469/1443 1093/1434/1408 1094/1470/1444
f 1140/1469/1443 1094/1470/1444 1141/1471/1445
f 1141/1471/1445 1094/1470/1444 1142/1472/1446
f 1141/1471/1445 1142/1472/1446 1162/1473/1447
f 1162/1473/1447 1142/1472/1446 1161/1474/1448
f 1162/1473/1447 1161/1474/1448 419/1475/1449
f 419/1475/1449 1161/1474/1448 420/1476/1450
f 420/1476/1450 1161/1474/1448 1160/1477/1451
f 420/1476/1450 1160/1477/1451 421/1478/1452
f 421/1478/1452 1160/1477/1451 1159/1479/1453
f 421/1478/1452 1159/1479/1453 422/1480/1454
f 422/1480/1454 1159/1479/1453 1144/1481/1455
f 422/1480/1454 1144/1481/1455 1145/1482/1456
f 1145/1482/1456 1144/1481/1455 1096/1483/1457
f 1145/1482/1456 1096/1483/1457 1097/1484/1458
f 1094/1470/1444 1095/1485/1459 1142/1472/1446
f 1142/1472/1446 1095/1485/1459 1143/1486/1460
f 1142/1472/1446 1143/1486/1460 1161/1474/1448
f 1161/1474/1448 1143/1486/1460 1160/1477/1451
f 1143/1486/1460 1095/1485/1459 1144/1481/1455
f 1144/1481/1455 1095/1485/1459 1096/1483/1457
f 1145/1482/1456 1097/1484/1458 1146/1487/1461
f 1146/1487/1461 1097/1484/1458 1098/1488/1462
f 1146/1487/1461 1098/1488/1462 1147/1489/1463
f 1147/1489/1463 1098/1488/1462 1099/1490/1464
f 1147/1489/1463 1099/1490/1464 1148/1491/1465
f 1148/1491/1465 1099/1490/1464 1100/1492/1466
f 1148/1491/1465 1100/1492/1466 1149/1493/1467
f 1149/1493/1467 1100/1492/1466 1101/1494/1468
f 1149/1493/1467 1101/1494/1468 1150/1495/1469
f 1150/1495/1469 1101/1494/1468 1102/1496/1470
f 1150/1495/1469 1102/1496/1470 1151/1497/1471
f 1151/1497/1471 1102/1496/1470 6/1498/1164
f 6/1499/1164 5/1500/1472 1169/1501/1473
f 1169/1501/1473 5/1500/1472 4/1502/1474
f 1169/1501/1473 4/1502/1474 1121/1503/1475
f 1121/1503/1475 4/1502/1474 1103/1504/1476
f 1121/1503/1475 1103/1504/1476 1215/1505/1477
f 1215/1505/1477 1103/1504/1476 1210/1506/1478
f 1215/1505/1477 1210/1506/1478 1213/1507/1479
f 1213/1507/1479 1210/1506/1478 1211/1508/1480
f 1213/1507/1479 1211/1508/1480 6/1509/1164
f 1104/1510/1481 1123/1511/1482 1103/1504/1476
f 1103/1504/1476 1123/1511/1482 1170/1512/1483
f 1103/1504/1476 1170/1512/1483 1173/1513/1484
f 1173/1513/1484 1170/1512/1483 1171/1514/1485
f 1173/1513/1484 1171/1514/1485 1172/1515/1486
f 1172/1515/1486 1171/1514/1485 6/1516/1164
f 1105/1517/1487 1180/1518/1488 1104/1510/1481
f 1104/1510/1481 1180/1518/1488 447/1519/1489
f 1104/1510/1481 447/1519/1489 446/1520/1490
f 1106/1521/1491 514/1522/1492 1105/1517/1487
f 1105/1517/1487 514/1522/1492 448/1523/1493
f 1105/1517/1487 448/1523/1493 1180/1518/1488
f 1180/1518/1488 448/1523/1493 447/1519/1489
f 1107/1524/1494 1216/1525/1495 1106/1521/1491
f 1106/1521/1491 1216/1525/1495 515/1526/1496
f 1106/1521/1491 515/1526/1496 514/1522/1492
f 1216/1525/1495 1107/1524/1494 516/1527/1497
f 516/1527/1497 1107/1524/1494 1108/1528/1498
f 516/1527/1497 1108/1528/1498 517/1529/1499
f 517/1529/1499 1108/1528/1498 1109/1530/1500
f 517/1529/1499 1109/1530/1500 518/1531/1501
f 518/1531/1501 1109/1530/1500 1110/1532/1502
f 518/1531/1501 1110/1532/1502 519/1533/1503
f 519/1533/1503 1110/1532/1502 1174/1534/1504
f 519/1533/1503 1174/1534/1504 520/1535/1505
f 520/1535/1505 1174/1534/1504 1175/1536/1506
f 520/1535/1505 1175/1536/1506 1176/1537/1507
f 1176/1537/1507 1175/1536/1506 1111/1538/1508
f 1176/1537/1507 1111/1538/1508 1112/1539/1509
f 1110/1532/1502 1111/1538/1508 1174/1534/1504
f 1174/1534/1504 1111/1538/1508 1175/1536/1506
f 1113/1540/1510 1128/1541/1511 1112/1539/1509
f 1112/1539/1509 1128/1541/1511 521/1542/1512
f 1112/1539/1509 521/1542/1512 1176/1537/1507
f 1176/1537/1507 521/1542/1512 520/1535/1505
f 1114/1543/1513 523/1544/1514 1113/1540/1510
f 1113/1540/1510 523/1544/1514 522/1545/1515
f 1113/1540/1510 522/1545/1515 1128/1541/1511
f 1128/1541/1511 522/1545/1515 521/1542/1512
f 1115/1546/1516 524/1547/1517 1114/1543/1513
f 1114/1543/1513 524/1547/1517 1127/1548/1518
f 1114/1543/1513 1127/1548/1518 523/1544/1514
f 523/1544/1514 1127/1548/1518 524/1547/1517
f 524/1547/1517 1115/1546/1516 1126/1549/1519
f 1126/1549/1519 1115/1546/1516 1116/1550/1520
f 1126/1549/1519 1116/1550/1520 525/1551/1521
f 525/1551/1521 1116/1550/1520 526/1552/1522
f 526/1552/1522 1116/1550/1520 1117/1553/1523
f 526/1552/1522 1117/1553/1523 1177/1554/1524
f 1177/1554/1524 1117/1553/1523 1124/1555/1525
f 1177/1554/1524 1124/1555/1525 526/1552/1522
f 526/1552/1522 1124/1555/1525 527/1556/1526
f 527/1556/1526 1124/1555/1525 1118/1557/1527
f 527/1556/1526 1118/1557/1527 1119/1558/1528
f 1117/1553/1523 1118/1557/1527 1124/1555/1525
f 1120/1559/1529 1178/1560/1530 1119/1558/1528
f 1119/1558/1528 1178/1560/1530 528/1561/1531
f 1119/1558/1528 528/1561/1531 527/1556/1526
f 1178/1560/1530 1120/1559/1529 1179/1562/1532
f 1179/1562/1532 1120/1559/1529 83/1563/1533
f 1179/1562/1532 83/1563/1533 82/1564/1534
f 1179/1562/1532 82/1564/1534 1178/1560/1530
f 1178/1560/1530 82/1564/1534 528/1561/1531
f 525/1551/1521 524/1547/1517 1126/1549/1519
f 516/1527/1497 515/1526/1496 1216/1525/1495
f 1104/1510/1481 446/1520/1490 1182/1565/1535
f 1182/1565/1535 446/1520/1490 445/1566/1536
f 1182/1565/1535 445/1566/1536 444/1567/1537
f 444/1567/1537 443/1568/1538 1182/1565/1535
f 1182/1565/1535 443/1568/1538 442/1569/1539
f 1182/1565/1535 442/1569/1539 1185/1570/1540
f 1185/1570/1540 442/1569/1539 441/1571/1541
f 1185/1570/1540 441/1571/1541 440/1572/1542
f 1185/1570/1540 440/1572/1542 1184/1573/1543
f 1184/1573/1543 440/1572/1542 439/1574/1544
f 1184/1573/1543 439/1574/1544 1183/1575/1545
f 1183/1575/1545 439/1574/1544 438/1576/1546
f 1183/1575/1545 438/1576/1546 437/1577/1547
f 437/1577/1547 436/1578/1548 1183/1575/1545
f 1183/1575/1545 436/1578/1548 435/1579/1549
f 1183/1575/1545 435/1579/1549 434/1580/1550
f 434/1580/1550 433/1581/1551 1183/1575/1545
f 1183/1575/1545 433/1581/1551 432/1582/1552
f 1183/1575/1545 432/1582/1552 1125/1583/1553
f 1125/1583/1553 432/1582/1552 431/1584/1554
f 1125/1583/1553 431/1584/1554 1188/1585/1555
f 1188/1585/1555 431/1584/1554 1187/1586/1556
f 1188/1585/1555 1187/1586/1556 6/1587/1164
f 1187/1586/1556 431/1584/1554 1186/1588/1557
f 1186/1588/1557 431/1584/1554 430/1589/1558
f 1186/1588/1557 430/1589/1558 1189/1590/1559
f 1189/1590/1559 430/1589/1558 429/1591/1560
f 1189/1590/1559 429/1591/1560 1195/1592/1561
f 1195/1592/1561 429/1591/1560 1191/1593/1562
f 1195/1592/1561 1191/1593/1562 1192/1594/1563
f 1192/1594/1563 1191/1593/1562 1197/1595/1564
f 1192/1594/1563 1197/1595/1564 1198/1596/1565
f 1198/1596/1565 1197/1595/1564 1154/1597/1566
f 1198/1596/1565 1154/1597/1566 1153/1598/1567
f 1153/1598/1567 1154/1597/1566 1150/1495/1469
f 1153/1598/1567 1150/1495/1469 1151/1497/1471
f 429/1591/1560 428/1599/1568 1191/1593/1562
f 1191/1593/1562 428/1599/1568 1196/1600/1569
f 1191/1593/1562 1196/1600/1569 1197/1595/1564
f 1197/1595/1564 1196/1600/1569 1155/1601/1570
f 1197/1595/1564 1155/1601/1570 1154/1597/1566
f 1154/1597/1566 1155/1601/1570 1149/1493/1467
f 1154/1597/1566 1149/1493/1467 1150/1495/1469
f 428/1599/1568 427/1602/1571 1196/1600/1569
f 1196/1600/1569 427/1602/1571 1155/1601/1570
f 1155/1601/1570 427/1602/1571 1156/1603/1572
f 1156/1603/1572 427/1602/1571 426/1604/1573
f 1156/1603/1572 426/1604/1573 425/1605/1574
f 1156/1603/1572 425/1605/1574 1157/1606/1575
f 1157/1606/1575 425/1605/1574 424/1607/1576
f 1157/1606/1575 424/1607/1576 1158/1608/1577
f 1158/1608/1577 424/1607/1576 423/1609/1578
f 1158/1608/1577 423/1609/1578 422/1480/1454
f 1162/1473/1447 419/1475/1449 1163/1610/1579
f 1163/1610/1579 419/1475/1449 418/1611/1580
f 1163/1610/1579 418/1611/1580 1164/1612/1581
f 1164/1612/1581 418/1611/1580 417/1613/1582
f 1164/1612/1581 417/1613/1582 1165/1614/1583
f 1165/1614/1583 417/1613/1582 1166/1437/1411
f 1165/1614/1583 1166/1437/1411 1138/1436/1410
f 1166/1437/1411 417/1613/1582 1200/1452/1426
f 1200/1452/1426 417/1613/1582 416/1615/1584
f 1200/1452/1426 416/1615/1584 1201/1454/1428
f 1201/1454/1428 416/1615/1584 415/1457/1431
f 414/1459/1433 413/1616/1585 1204/1461/1435
f 1204/1461/1435 413/1616/1585 412/1468/1442
f 399/1465/1439 411/1467/1441 1217/1617/1586
f 1217/1617/1586 411/1467/1441 410/1618/1587
f 1217/1617/1586 410/1618/1587 67/1619/1588
f 67/1619/1588 410/1618/1587 68/1620/1589
f 67/1619/1588 399/1465/1439 1217/1617/1586
f 397/1462/1436 396/1456/1430 1203/1460/1434
f 1203/1460/1434 396/1456/1430 1202/1458/1432
f 330/1438/1412 329/1621/1590 1137/1431/1405
f 1137/1431/1405 329/1621/1590 328/1622/1591
f 1137/1431/1405 328/1622/1591 1136/1432/1406
f 1136/1432/1406 328/1622/1591 327/1623/1592
f 1136/1432/1406 327/1623/1592 326/1433/1407
f 323/1420/1394 322/1409/1383 1167/1418/1392
f 1167/1418/1392 322/1409/1383 1168/1411/1385
f 1167/1418/1392 1168/1411/1385 1129/1413/1387
f 1151/1497/1471 6/1624/1164 1152/1625/1593
f 1152/1625/1593 6/1626/1164 1199/1627/1594
f 1194/1628/1595 6/1629/1164 1190/1630/1596
f 1190/1630/1596 6/1631/1164 1187/1586/1556
f 1188/1585/1555 6/1632/1164 1125/1583/1553
f 1125/1583/1553 6/1633/1164 1183/1575/1545
f 1183/1575/1545 6/1634/1164 1184/1573/1543
f 1184/1573/1543 6/1635/1164 1207/1636/1597
f 1207/1636/1597 6/1637/1164 1208/1638/1598
f 1208/1638/1598 6/1639/1164 1171/1514/1485
f 1172/1515/1486 6/1640/1164 1209/1641/1599
f 1209/1641/1599 6/1642/1164 1211/1508/1480
f 1213/1507/1479 6/1643/1164 1214/1644/1600
f 1214/1644/1600 6/1645/1164 1169/1501/1473
f 1103/1504/1476 1173/1513/1484 1122/1646/1601
f 1122/1646/1601 1173/1513/1484 1172/1515/1486
f 1122/1646/1601 1172/1515/1486 1209/1641/1599
f 1104/1510/1481 1181/1647/1602 1123/1511/1482
f 1123/1511/1482 1181/1647/1602 1207/1636/1597
f 1123/1511/1482 1207/1636/1597 1208/1638/1598
f 6/1648/1164 1193/1649/1603 1199/1627/1594
f 1199/1627/1594 1193/1649/1603 1198/1596/1565
f 1199/1627/1594 1198/1596/1565 1153/1598/1567
f 1164/1612/1581 1165/1614/1583 1139/1435/1409
f 1139/1435/1409 1165/1614/1583 1138/1436/1410
f 1163/1610/1579 1164/1612/1581 1140/1469/1443
f 1140/1469/1443 1164/1612/1581 1139/1435/1409
f 1162/1473/1447 1163/1610/1579 1141/1471/1445
f 1141/1471/1445 1163/1610/1579 1140/1469/1443
f 1159/1479/1453 1160/1477/1451 1144/1481/1455
f 1144/1481/1455 1160/1477/1451 1143/1486/1460
f 1158/1608/1577 422/1480/1454 1145/1482/1456
f 1157/1606/1575 1158/1608/1577 1146/1487/1461
f 1146/1487/1461 1158/1608/1577 1145/1482/1456
f 1156/1603/1572 1157/1606/1575 1147/1489/1463
f 1147/1489/1463 1157/1606/1575 1146/1487/1461
f 1155/1601/1570 1156/1603/1572 1148/1491/1465
f 1148/1491/1465 1156/1603/1572 1147/1489/1463
f 1148/1491/1465 1149/1493/1467 1155/1601/1570
f 1153/1598/1567 1151/1497/1471 1152/1625/1593
f 1199/1627/1594 1153/1598/1567 1152/1625/1593
f 1214/1644/1600 1169/1501/1473 1121/1503/1475
f 1208/1638/1598 1171/1514/1485 1170/1512/1483
f 1123/1511/1482 1208/1638/1598 1170/1512/1483
f 1103/1504/1476 1122/1646/1601 1212/1650/1604
f 1212/1650/1604 1122/1646/1601 1209/1641/1599
f 1212/1650/1604 1209/1641/1599 1211/1508/1480
f 1182/1565/1535 1185/1570/1540 1104/1510/1481
f 1104/1510/1481 1185/1570/1540 1181/1647/1602
f 1181/1647/1602 1185/1570/1540 1184/1573/1543
f 1181/1647/1602 1184/1573/1543 1207/1636/1597
f 1190/1630/1596 1187/1586/1556 1186/1588/1557
f 1194/1628/1595 1190/1630/1596 1189/1590/1559
f 1189/1590/1559 1190/1630/1596 1186/1588/1557
f 1192/1594/1563 1193/1649/1603 1195/1592/1561
f 1195/1592/1561 1193/1649/1603 1194/1628/1595
f 1195/1592/1561 1194/1628/1595 1189/1590/1559
f 1193/1649/1603 6/1648/1164 1194/1628/1595
f 1193/1649/1603 1192/1594/1563 1198/1596/1565
f 1211/1508/1480 1210/1506/1478 1212/1650/1604
f 1212/1650/1604 1210/1506/1478 1103/1504/1476
f 1215/1505/1477 1213/1507/1479 1214/1644/1600
f 1121/1503/1475 1215/1505/1477 1214/1644/1600
f 1218/1651/1605 1219/1652/1606 1227/1653/1607
f 1227/1653/1607 1219/1652/1606 1226/1654/1608
f 1226/1654/1608 1219/1652/1606 1225/1655/1609
f 1225/1655/1609 1219/1652/1606 1220/1656/1610
f 1225/1655/1609 1220/1656/1610 1221/1657/1611
f 1225/1655/1609 1221/1657/1611 1224/1658/1612
f 1224/1658/1612 1221/1657/1611 1222/1659/1613
f 1224/1658/1612 1222/1659/1613 1223/1660/1614
f 1229/1661/1615 1230/1662/1616 1228/1663/1617
f 1228/1663/1617 1230/1662/1616 1231/1664/1618
f 1228/1663/1617 1231/1664/1618 1232/1665/1619
f 1233/1666/1620 1236/1667/1621 1232/1665/1619
f 1232/1665/1619 1236/1667/1621 1237/1668/1622
f 1232/1665/1619 1237/1668/1622 1228/1663/1617
f 1234/1669/1623 1235/1670/1624 1233/1666/1620
f 1233/1666/1620 1235/1670/1624 1236/1667/1621
f 245/1671/1625 1476/1672/1626 137/1673/1627
f 137/1673/1627 1476/1672/1626 1477/1674/1628
f 137/1673/1627 1477/1674/1628 1447/1675/1629
f 1447/1675/1629 1477/1674/1628 1236/1676/1630
f 1447/1675/1629 1236/1676/1630 1578/1677/1631
f 1578/1677/1631 1236/1676/1630 1456/1678/1632
f 1578/1677/1631 1456/1678/1632 1659/1679/1633
f 1659/1679/1633 1456/1678/1632 1705/1680/1634
f 1659/1679/1633 1705/1680/1634 580/1681/1635
f 580/1681/1635 1705/1680/1634 581/1682/1636
f 581/1682/1636 1705/1680/1634 1454/1683/1637
f 581/1682/1636 1454/1683/1637 582/1684/1638
f 582/1684/1638 1454/1683/1637 583/1685/1639
f 583/1685/1639 1454/1683/1637 1703/1686/1640
f 583/1685/1639 1703/1686/1640 584/1687/1641
f 584/1687/1641 1703/1686/1640 585/1688/1642
f 585/1688/1642 1703/1686/1640 586/1689/1643
f 586/1689/1643 1703/1686/1640 1702/1690/1644
f 586/1689/1643 1702/1690/1644 587/1691/1645
f 587/1691/1645 1702/1690/1644 588/1692/1646
f 588/1692/1646 1702/1690/1644 589/1693/1647
f 589/1693/1647 1702/1690/1644 1402/1694/1648
f 589/1693/1647 1402/1694/1648 590/1695/1649
f 590/1695/1649 1402/1694/1648 1701/1696/1650
f 590/1695/1649 1701/1696/1650 591/1697/1651
f 591/1697/1651 1701/1696/1650 592/1698/1652
f 592/1698/1652 1701/1696/1650 1403/1699/1653
f 592/1698/1652 1403/1699/1653 593/1700/1654
f 593/1700/1654 1403/1699/1653 1404/1701/1655
f 593/1700/1654 1404/1701/1655 594/1702/1656
f 594/1702/1656 1404/1701/1655 1405/1703/1657
f 594/1702/1656 1405/1703/1657 1691/1704/1658
f 1691/1704/1658 1405/1703/1657 1406/1705/1659
f 1691/1704/1658 1406/1705/1659 1692/1706/1660
f 1692/1706/1660 1406/1705/1659 1693/1707/1661
f 1692/1706/1660 1693/1707/1661 597/1708/1662
f 597/1708/1662 1693/1707/1661 598/1709/1663
f 598/1709/1663 1693/1707/1661 599/1710/1664
f 599/1710/1664 1693/1707/1661 600/1711/1665
f 600/1711/1665 1693/1707/1661 601/1712/1666
f 601/1712/1666 1693/1707/1661 602/1713/1667
f 602/1713/1667 1693/1707/1661 603/1714/1668
f 603/1714/1668 1693/1707/1661 604/1715/1669
f 604/1715/1669 1693/1707/1661 1694/1716/1670
f 604/1715/1669 1694/1716/1670 1638/1717/1671
f 1638/1717/1671 1694/1716/1670 1639/1718/1672
f 1638/1717/1671 1639/1718/1672 1652/1719/1673
f 1652/1719/1673 1639/1718/1672 1651/1720/1674
f 1652/1719/1673 1651/1720/1674 710/1721/1675
f 710/1721/1675 1651/1720/1674 711/1722/1676
f 711/1722/1676 1651/1720/1674 1639/1718/1672
f 711/1722/1676 1639/1718/1672 1640/1723/1677
f 1640/1723/1677 1639/1718/1672 1695/1724/1678
f 1640/1723/1677 1695/1724/1678 1696/1725/1679
f 1696/1725/1679 1695/1724/1678 1409/1726/1680
f 1696/1725/1679 1409/1726/1680 1410/1727/1681
f 245/1671/1625 244/1728/1682 1476/1672/1626
f 1476/1672/1626 244/1728/1682 1479/1729/1683
f 1476/1672/1626 1479/1729/1683 1480/1730/1684
f 1480/1730/1684 1479/1729/1683 1485/1731/1685
f 1480/1730/1684 1485/1731/1685 1459/1732/1686
f 1459/1732/1686 1485/1731/1685 1401/1733/1687
f 1459/1732/1686 1401/1733/1687 1228/1734/1688
f 244/1728/1682 243/1735/1689 1479/1729/1683
f 1479/1729/1683 243/1735/1689 1478/1736/1690
f 1479/1729/1683 1478/1736/1690 1484/1737/1691
f 1484/1737/1691 1478/1736/1690 1483/1738/1692
f 1484/1737/1691 1483/1738/1692 1488/1739/1693
f 1488/1739/1693 1483/1738/1692 1489/1740/1694
f 1488/1739/1693 1489/1740/1694 1398/1741/1695
f 1398/1741/1695 1489/1740/1694 1486/1742/1696
f 1398/1741/1695 1486/1742/1696 1397/1743/1697
f 1397/1743/1697 1486/1742/1696 1462/1744/1698
f 1397/1743/1697 1462/1744/1698 1490/1745/1699
f 1490/1745/1699 1462/1744/1698 239/1746/1700
f 1490/1745/1699 239/1746/1700 1395/1747/1701
f 1395/1747/1701 239/1746/1700 1394/1748/1702
f 1394/1748/1702 239/1746/1700 238/1749/1703
f 1394/1748/1702 238/1749/1703 1491/1750/1704
f 1491/1750/1704 238/1749/1703 1492/1751/1705
f 1491/1750/1704 1492/1751/1705 1493/1752/1706
f 1493/1752/1706 1492/1751/1705 1494/1753/1707
f 1493/1752/1706 1494/1753/1707 1389/1754/1708
f 1389/1754/1708 1494/1753/1707 1388/1755/1709
f 1388/1755/1709 1494/1753/1707 1387/1756/1710
f 1387/1756/1710 1494/1753/1707 1386/1757/1711
f 1386/1757/1711 1494/1753/1707 1498/1758/1712
f 1386/1757/1711 1498/1758/1712 1385/1759/1713
f 1385/1759/1713 1498/1758/1712 1384/1760/1714
f 1384/1760/1714 1498/1758/1712 1499/1761/1715
f 1384/1760/1714 1499/1761/1715 1383/1762/1716
f 1383/1762/1716 1499/1761/1715 1382/1763/1717
f 1382/1763/1717 1499/1761/1715 1381/1764/1718
f 1381/1764/1718 1499/1761/1715 284/1765/1719
f 1381/1764/1718 284/1765/1719 1380/1766/1720
f 1380/1766/1720 284/1765/1719 1500/1767/1721
f 1380/1766/1720 1500/1767/1721 1379/1768/1722
f 1379/1768/1722 1500/1767/1721 1501/1769/1723
f 1379/1768/1722 1501/1769/1723 1378/1770/1724
f 1378/1770/1724 1501/1769/1723 1502/1771/1725
f 1378/1770/1724 1502/1771/1725 1503/1772/1726
f 1503/1772/1726 1502/1771/1725 281/1773/1727
f 1503/1772/1726 281/1773/1727 1507/1774/1728
f 1507/1774/1728 281/1773/1727 280/1775/1729
f 1507/1774/1728 280/1775/1729 1508/1776/1730
f 1508/1776/1730 280/1775/1729 279/1777/1731
f 1508/1776/1730 279/1777/1731 1509/1778/1732
f 1509/1778/1732 279/1777/1731 38/1779/1733
f 1509/1778/1732 38/1779/1733 1510/1780/1734
f 1510/1780/1734 38/1779/1733 1220/1781/1735
f 1510/1780/1734 1220/1781/1735 1506/1782/1736
f 1506/1782/1736 1220/1781/1735 1219/1783/1737
f 1506/1782/1736 1219/1783/1737 1375/1784/1738
f 1478/1736/1690 243/1735/1689 1483/1738/1692
f 1483/1738/1692 243/1735/1689 242/1785/1739
f 1483/1738/1692 242/1785/1739 1482/1786/1740
f 1482/1786/1740 242/1785/1739 241/1787/1741
f 1482/1786/1740 241/1787/1741 1489/1740/1694
f 1489/1740/1694 241/1787/1741 1486/1742/1696
f 1486/1742/1696 241/1787/1741 1462/1744/1698
f 1462/1744/1698 241/1787/1741 240/1788/1742
f 1462/1744/1698 240/1788/1742 239/1746/1700
f 238/1749/1703 237/1789/1743 1492/1751/1705
f 1492/1751/1705 237/1789/1743 1496/1790/1744
f 1492/1751/1705 1496/1790/1744 1495/1791/1745
f 1495/1791/1745 1496/1790/1744 1497/1792/1746
f 1495/1791/1745 1497/1792/1746 1498/1758/1712
f 1498/1758/1712 1497/1792/1746 1499/1761/1715
f 237/1789/1743 236/1793/1747 1496/1790/1744
f 1496/1790/1744 236/1793/1747 286/1794/1748
f 1496/1790/1744 286/1794/1748 1497/1792/1746
f 1497/1792/1746 286/1794/1748 285/1795/1749
f 1497/1792/1746 285/1795/1749 1499/1761/1715
f 1499/1761/1715 285/1795/1749 284/1765/1719
f 284/1765/1719 283/1796/1750 1500/1767/1721
f 1500/1767/1721 283/1796/1750 1501/1769/1723
f 1501/1769/1723 283/1796/1750 1502/1771/1725
f 1502/1771/1725 283/1796/1750 282/1797/1751
f 1502/1771/1725 282/1797/1751 281/1773/1727
f 37/1798/1752 1514/1799/1753 38/1779/1733
f 38/1779/1733 1514/1799/1753 1221/1800/1754
f 38/1779/1733 1221/1800/1754 1220/1781/1735
f 36/1801/1755 1512/1802/1756 37/1798/1752
f 37/1798/1752 1512/1802/1756 1513/1803/1757
f 37/1798/1752 1513/1803/1757 1514/1799/1753
f 1514/1799/1753 1513/1803/1757 1664/1804/1758
f 1514/1799/1753 1664/1804/1758 1221/1800/1754
f 1221/1800/1754 1664/1804/1758 1222/1805/1759
f 1222/1805/1759 1664/1804/1758 1708/1806/1760
f 1222/1805/1759 1708/1806/1760 1471/1807/1761
f 1471/1807/1761 1708/1806/1760 1472/1808/1762
f 1471/1807/1761 1472/1808/1762 1223/1809/1763
f 1223/1809/1763 1472/1808/1762 1474/1810/1764
f 1223/1809/1763 1474/1810/1764 1686/1811/1765
f 1686/1811/1765 1474/1810/1764 361/1812/1766
f 1686/1811/1765 361/1812/1766 1687/1813/1767
f 1687/1813/1767 361/1812/1766 360/1814/1768
f 1687/1813/1767 360/1814/1768 359/1815/1769
f 1512/1802/1756 36/1801/1755 1511/1816/1770
f 1511/1816/1770 36/1801/1755 35/1817/1771
f 1511/1816/1770 35/1817/1771 488/1818/1772
f 488/1818/1772 35/1817/1771 489/1819/1773
f 489/1819/1773 35/1817/1771 34/1820/1774
f 489/1819/1773 34/1820/1774 1468/1821/1775
f 1468/1821/1775 34/1820/1774 491/1822/1776
f 1468/1821/1775 491/1822/1776 490/1823/1777
f 491/1822/1776 34/1820/1774 492/1824/1778
f 492/1824/1778 34/1820/1774 33/1825/1779
f 492/1824/1778 33/1825/1779 493/1826/1780
f 493/1826/1780 33/1825/1779 1515/1827/1781
f 493/1826/1780 1515/1827/1781 494/1828/1782
f 494/1828/1782 1515/1827/1781 1516/1829/1783
f 494/1828/1782 1516/1829/1783 1450/1830/1784
f 1450/1830/1784 1516/1829/1783 1347/1831/1785
f 1450/1830/1784 1347/1831/1785 1348/1832/1786
f 33/1825/1779 32/1833/1787 1515/1827/1781
f 1515/1827/1781 32/1833/1787 1516/1829/1783
f 32/1833/1787 31/1834/1788 1516/1829/1783
f 1516/1829/1783 31/1834/1788 1522/1835/1789
f 1516/1829/1783 1522/1835/1789 1517/1836/1790
f 1517/1836/1790 1522/1835/1789 1343/1837/1791
f 1517/1836/1790 1343/1837/1791 1344/1838/1792
f 31/1834/1788 30/1839/1793 1522/1835/1789
f 1522/1835/1789 30/1839/1793 1523/1840/1794
f 1522/1835/1789 1523/1840/1794 1340/1841/1795
f 1340/1841/1795 1523/1840/1794 1339/1842/1796
f 1339/1842/1796 1523/1840/1794 1524/1843/1797
f 1339/1842/1796 1524/1843/1797 1338/1844/1798
f 1338/1844/1798 1524/1843/1797 1519/1845/1799
f 1338/1844/1798 1519/1845/1799 1521/1846/1800
f 1521/1846/1800 1519/1845/1799 1336/1847/1801
f 1521/1846/1800 1336/1847/1801 1337/1848/1802
f 29/1849/1803 1527/1850/1804 30/1839/1793
f 30/1839/1793 1527/1850/1804 1524/1843/1797
f 30/1839/1793 1524/1843/1797 1523/1840/1794
f 1527/1850/1804 29/1849/1803 1528/1851/1805
f 1528/1851/1805 29/1849/1803 28/1852/1806
f 1528/1851/1805 28/1852/1806 1449/1853/1807
f 1449/1853/1807 28/1852/1806 1529/1854/1808
f 1449/1853/1807 1529/1854/1808 1530/1855/1809
f 1530/1855/1809 1529/1854/1808 1534/1856/1810
f 1530/1855/1809 1534/1856/1810 1296/1857/1811
f 1296/1857/1811 1534/1856/1810 1448/1858/1812
f 1296/1857/1811 1448/1858/1812 1295/1859/1813
f 1295/1859/1813 1448/1858/1812 1540/1860/1814
f 1295/1859/1813 1540/1860/1814 1294/1861/1815
f 1294/1861/1815 1540/1860/1814 1448/1858/1812
f 1294/1861/1815 1448/1858/1812 1293/1862/1816
f 1293/1862/1816 1448/1858/1812 1535/1863/1817
f 1293/1862/1816 1535/1863/1817 1292/1864/1818
f 1292/1864/1818 1535/1863/1817 1291/1865/1819
f 1291/1865/1819 1535/1863/1817 1290/1866/1820
f 1290/1866/1820 1535/1863/1817 1536/1867/1821
f 1290/1866/1820 1536/1867/1821 1289/1868/1822
f 1289/1868/1822 1536/1867/1821 1537/1869/1823
f 1289/1868/1822 1537/1869/1823 1288/1870/1824
f 1288/1870/1824 1537/1869/1823 1287/1871/1825
f 1287/1871/1825 1537/1869/1823 1538/1872/1826
f 1287/1871/1825 1538/1872/1826 1533/1873/1827
f 1533/1873/1827 1538/1872/1826 1539/1874/1828
f 1533/1873/1827 1539/1874/1828 1532/1875/1829
f 1532/1875/1829 1539/1874/1828 1466/1876/1830
f 1532/1875/1829 1466/1876/1830 1531/1877/1831
f 1531/1877/1831 1466/1876/1830 1426/1878/1832
f 1531/1877/1831 1426/1878/1832 1607/1879/1833
f 1607/1879/1833 1426/1878/1832 1469/1880/1834
f 1607/1879/1833 1469/1880/1834 1603/1881/1835
f 1603/1881/1835 1469/1880/1834 1604/1882/1836
f 1603/1881/1835 1604/1882/1836 1605/1883/1837
f 1605/1883/1837 1604/1882/1836 1470/1884/1838
f 1605/1883/1837 1470/1884/1838 1614/1885/1839
f 1614/1885/1839 1470/1884/1838 1611/1886/1840
f 1614/1885/1839 1611/1886/1840 1317/1887/1841
f 1317/1887/1841 1611/1886/1840 1612/1888/1842
f 1317/1887/1841 1612/1888/1842 1316/1889/1843
f 1316/1889/1843 1612/1888/1842 1613/1890/1844
f 1316/1889/1843 1613/1890/1844 1315/1891/1845
f 1315/1891/1845 1613/1890/1844 1314/1892/1846
f 1314/1892/1846 1613/1890/1844 1325/1893/1847
f 1314/1892/1846 1325/1893/1847 1615/1894/1848
f 1615/1894/1848 1325/1893/1847 1326/1895/1849
f 1615/1894/1848 1326/1895/1849 1312/1896/1850
f 1312/1896/1850 1326/1895/1849 1327/1897/1851
f 1312/1896/1850 1327/1897/1851 1311/1898/1852
f 1311/1898/1852 1327/1897/1851 1609/1899/1853
f 1311/1898/1852 1609/1899/1853 1310/1900/1854
f 1310/1900/1854 1609/1899/1853 1329/1901/1855
f 1310/1900/1854 1329/1901/1855 1330/1902/1856
f 1529/1854/1808 28/1852/1806 1534/1856/1810
f 1534/1856/1810 28/1852/1806 27/1903/1857
f 1534/1856/1810 27/1903/1857 1448/1858/1812
f 1448/1858/1812 27/1903/1857 26/1904/1858
f 1448/1858/1812 26/1904/1858 1535/1863/1817
f 1535/1863/1817 26/1904/1858 25/1905/1859
f 1535/1863/1817 25/1905/1859 1536/1867/1821
f 1536/1867/1821 25/1905/1859 1541/1906/1860
f 1536/1867/1821 1541/1906/1860 1542/1907/1861
f 1542/1907/1861 1541/1906/1860 24/1908/1862
f 1542/1907/1861 24/1908/1862 23/1909/1863
f 25/1905/1859 24/1908/1862 1541/1906/1860
f 1542/1907/1861 23/1909/1863 1543/1910/1864
f 1543/1910/1864 23/1909/1863 22/1911/1865
f 1543/1910/1864 22/1911/1865 1544/1912/1866
f 1544/1912/1866 22/1911/1865 1546/1913/1867
f 1544/1912/1866 1546/1913/1867 1464/1914/1868
f 1464/1914/1868 1546/1913/1867 1551/1915/1869
f 1464/1914/1868 1551/1915/1869 1424/1916/1870
f 1424/1916/1870 1551/1915/1869 1559/1917/1871
f 1424/1916/1870 1559/1917/1871 1463/1918/1872
f 1463/1918/1872 1559/1917/1871 1558/1919/1873
f 1463/1918/1872 1558/1919/1873 1565/1920/1874
f 1565/1920/1874 1558/1919/1873 1270/1921/1875
f 1565/1920/1874 1270/1921/1875 1271/1922/1876
f 157/1923/1877 1549/1924/1878 22/1911/1865
f 22/1911/1865 1549/1924/1878 1550/1925/1879
f 22/1911/1865 1550/1925/1879 1546/1913/1867
f 1546/1913/1867 1550/1925/1879 1551/1915/1869
f 1549/1924/1878 157/1923/1877 1548/1926/1880
f 1548/1926/1880 157/1923/1877 156/1927/1881
f 1548/1926/1880 156/1927/1881 1547/1928/1882
f 1547/1928/1882 156/1927/1881 155/1929/1883
f 1547/1928/1882 155/1929/1883 1555/1930/1884
f 1555/1930/1884 155/1929/1883 1554/1931/1885
f 1555/1930/1884 1554/1931/1885 1266/1932/1886
f 1266/1932/1886 1554/1931/1885 1265/1933/1887
f 1265/1933/1887 1554/1931/1885 1264/1934/1888
f 1264/1934/1888 1554/1931/1885 1553/1935/1889
f 1264/1934/1888 1553/1935/1889 1263/1936/1890
f 1263/1936/1890 1553/1935/1889 1262/1937/1891
f 1262/1937/1891 1553/1935/1889 1552/1938/1892
f 1262/1937/1891 1552/1938/1892 1261/1939/1893
f 1261/1939/1893 1552/1938/1892 1260/1940/1894
f 1260/1940/1894 1552/1938/1892 1259/1941/1895
f 1259/1941/1895 1552/1938/1892 1564/1942/1896
f 1259/1941/1895 1564/1942/1896 1258/1943/1897
f 1258/1943/1897 1564/1942/1896 1257/1944/1898
f 1257/1944/1898 1564/1942/1896 1256/1945/1899
f 1256/1945/1899 1564/1942/1896 1255/1946/1900
f 1255/1946/1900 1564/1942/1896 1461/1947/1901
f 1255/1946/1900 1461/1947/1901 1254/1948/1902
f 1254/1948/1902 1461/1947/1901 1253/1949/1903
f 1253/1949/1903 1461/1947/1901 1575/1950/1904
f 1253/1949/1903 1575/1950/1904 1252/1951/1905
f 1252/1951/1905 1575/1950/1904 832/1952/1906
f 1252/1951/1905 832/1952/1906 1251/1953/1907
f 1251/1953/1907 832/1952/1906 1598/1954/1908
f 1251/1953/1907 1598/1954/1908 1250/1955/1909
f 1250/1955/1909 1598/1954/1908 1599/1956/1910
f 1250/1955/1909 1599/1956/1910 1249/1957/1911
f 1249/1957/1911 1599/1956/1910 829/1958/1912
f 1249/1957/1911 829/1958/1912 1248/1959/1913
f 1248/1959/1913 829/1958/1912 828/1960/1914
f 1248/1959/1913 828/1960/1914 1596/1961/1915
f 1596/1961/1915 828/1960/1914 827/1962/1916
f 1596/1961/1915 827/1962/1916 1593/1963/1917
f 1593/1963/1917 827/1962/1916 826/1964/1918
f 1593/1963/1917 826/1964/1918 1246/1965/1919
f 1246/1965/1919 826/1964/1918 1594/1966/1920
f 1246/1965/1919 1594/1966/1920 1597/1967/1921
f 1597/1967/1921 1594/1966/1920 1245/1968/1922
f 1597/1967/1921 1245/1968/1922 1246/1965/1919
f 155/1929/1883 154/1969/1923 1554/1931/1885
f 1554/1931/1885 154/1969/1923 153/1970/1924
f 1554/1931/1885 153/1970/1924 1553/1935/1889
f 1553/1935/1889 153/1970/1924 152/1971/1925
f 1553/1935/1889 152/1971/1925 1552/1938/1892
f 1552/1938/1892 152/1971/1925 151/1972/1926
f 1552/1938/1892 151/1972/1926 150/1973/1927
f 149/1974/1928 1563/1975/1929 150/1973/1927
f 150/1973/1927 1563/1975/1929 1564/1942/1896
f 150/1973/1927 1564/1942/1896 1552/1938/1892
f 1563/1975/1929 149/1974/1928 1562/1976/1930
f 1562/1976/1930 149/1974/1928 148/1977/1931
f 1562/1976/1930 148/1977/1931 1561/1978/1932
f 1561/1978/1932 148/1977/1931 147/1979/1933
f 1561/1978/1932 147/1979/1933 146/1980/1934
f 1561/1978/1932 146/1980/1934 1560/1981/1935
f 1560/1981/1935 146/1980/1934 145/1982/1936
f 1560/1981/1935 145/1982/1936 1567/1983/1937
f 1567/1983/1937 145/1982/1936 1566/1984/1938
f 1567/1983/1937 1566/1984/1938 1574/1985/1939
f 1574/1985/1939 1566/1984/1938 1573/1986/1940
f 1574/1985/1939 1573/1986/1940 846/1987/1941
f 846/1987/1941 1573/1986/1940 1577/1988/1942
f 846/1987/1941 1577/1988/1942 847/1989/1943
f 847/1989/1943 1577/1988/1942 848/1990/1944
f 848/1990/1944 1577/1988/1942 688/1991/1945
f 848/1990/1944 688/1991/1945 687/1992/1946
f 145/1982/1936 144/1993/1947 1566/1984/1938
f 1566/1984/1938 144/1993/1947 1573/1986/1940
f 1573/1986/1940 144/1993/1947 1572/1994/1948
f 1572/1994/1948 144/1993/1947 143/1995/1949
f 1572/1994/1948 143/1995/1949 1576/1996/1950
f 1576/1996/1950 143/1995/1949 693/1997/1951
f 1576/1996/1950 693/1997/1951 692/1998/1952
f 143/1995/1949 142/1999/1953 693/1997/1951
f 693/1997/1951 142/1999/1953 694/2000/1954
f 694/2000/1954 142/1999/1953 695/2001/1955
f 695/2001/1955 142/1999/1953 696/2002/1956
f 696/2002/1956 142/1999/1953 141/2003/1957
f 696/2002/1956 141/2003/1957 697/2004/1958
f 697/2004/1958 141/2003/1957 698/2005/1959
f 698/2005/1959 141/2003/1957 1582/2006/1960
f 698/2005/1959 1582/2006/1960 1581/2007/1961
f 1581/2007/1961 1582/2006/1960 140/2008/1962
f 1581/2007/1961 140/2008/1962 1580/2009/1963
f 1580/2009/1963 140/2008/1962 139/2010/1964
f 1580/2009/1963 139/2010/1964 1579/2011/1965
f 1579/2011/1965 139/2010/1964 138/2012/1966
f 1579/2011/1965 138/2012/1966 1447/1675/1629
f 1447/1675/1629 138/2012/1966 137/1673/1627
f 141/2003/1957 140/2008/1962 1582/2006/1960
f 1239/2013/1967 1583/2014/1968 1238/2015/1969
f 1238/2015/1969 1583/2014/1968 1586/2016/1970
f 1238/2015/1969 1586/2016/1970 1277/2017/1971
f 1277/2017/1971 1586/2016/1970 1276/2018/1972
f 1276/2018/1972 1586/2016/1970 1275/2019/1973
f 1275/2019/1973 1586/2016/1970 1602/2020/1974
f 1275/2019/1973 1602/2020/1974 1274/2021/1975
f 1274/2021/1975 1602/2020/1974 1273/2022/1976
f 1273/2022/1976 1602/2020/1974 1600/2023/1977
f 1273/2022/1976 1600/2023/1977 1272/2024/1978
f 1272/2024/1978 1600/2023/1977 1565/1920/1874
f 1272/2024/1978 1565/1920/1874 1271/1922/1876
f 1239/2013/1967 1240/2025/1979 1583/2014/1968
f 1583/2014/1968 1240/2025/1979 1241/2026/1980
f 1583/2014/1968 1241/2026/1980 1587/2027/1981
f 1587/2027/1981 1241/2026/1980 1242/2028/1982
f 1587/2027/1981 1242/2028/1982 1590/2029/1983
f 1590/2029/1983 1242/2028/1982 1589/2030/1984
f 1590/2029/1983 1589/2030/1984 1618/2031/1985
f 1618/2031/1985 1589/2030/1984 1619/2032/1986
f 1618/2031/1985 1619/2032/1986 820/2033/1987
f 820/2033/1987 1619/2032/1986 821/2034/1988
f 821/2034/1988 1619/2032/1986 822/2035/1989
f 822/2035/1989 1619/2032/1986 1589/2030/1984
f 822/2035/1989 1589/2030/1984 823/2036/1990
f 823/2036/1990 1589/2030/1984 1588/2037/1991
f 823/2036/1990 1588/2037/1991 824/2038/1992
f 824/2038/1992 1588/2037/1991 825/2039/1993
f 825/2039/1993 1588/2037/1991 1245/1968/1922
f 825/2039/1993 1245/1968/1922 1595/2040/1994
f 1595/2040/1994 1245/1968/1922 1594/1966/1920
f 1595/2040/1994 1594/1966/1920 826/1964/1918
f 1242/2028/1982 1243/2041/1995 1589/2030/1984
f 1589/2030/1984 1243/2041/1995 1244/2042/1996
f 1589/2030/1984 1244/2042/1996 1588/2037/1991
f 1588/2037/1991 1244/2042/1996 1592/2043/1997
f 1588/2037/1991 1592/2043/1997 1245/1968/1922
f 1245/1968/1922 1592/2043/1997 1244/2042/1996
f 1593/1963/1917 1246/1965/1919 1596/1961/1915
f 1596/1961/1915 1246/1965/1919 1247/2044/1998
f 1596/1961/1915 1247/2044/1998 1248/1959/1913
f 1266/1932/1886 1267/2045/1999 1555/1930/1884
f 1555/1930/1884 1267/2045/1999 1556/2046/2000
f 1555/1930/1884 1556/2046/2000 1547/1928/1882
f 1547/1928/1882 1556/2046/2000 1548/1926/1880
f 1267/2045/1999 1268/2047/2001 1556/2046/2000
f 1556/2046/2000 1268/2047/2001 1557/2048/2002
f 1556/2046/2000 1557/2048/2002 1548/1926/1880
f 1548/1926/1880 1557/2048/2002 1549/1924/1878
f 1268/2047/2001 1269/2049/2003 1557/2048/2002
f 1557/2048/2002 1269/2049/2003 1270/1921/1875
f 1557/2048/2002 1270/1921/1875 1558/1919/1873
f 1320/2050/2004 1278/2051/2005 1605/1883/1837
f 1605/1883/1837 1278/2051/2005 1279/2052/2006
f 1605/1883/1837 1279/2052/2006 1280/2053/2007
f 1605/1883/1837 1280/2053/2007 1603/1881/1835
f 1603/1881/1835 1280/2053/2007 1281/2054/2008
f 1603/1881/1835 1281/2054/2008 1282/2055/2009
f 1603/1881/1835 1282/2055/2009 1606/2056/2010
f 1606/2056/2010 1282/2055/2009 1283/2057/2011
f 1606/2056/2010 1283/2057/2011 1284/2058/2012
f 1606/2056/2010 1284/2058/2012 1532/1875/1829
f 1532/1875/1829 1284/2058/2012 1285/2059/2013
f 1532/1875/1829 1285/2059/2013 1533/1873/1827
f 1533/1873/1827 1285/2059/2013 1286/2060/2014
f 1533/1873/1827 1286/2060/2014 1287/1871/1825
f 1296/1857/1811 1297/2061/2015 1530/1855/1809
f 1530/1855/1809 1297/2061/2015 1298/2062/2016
f 1530/1855/1809 1298/2062/2016 1299/2063/2017
f 1530/1855/1809 1299/2063/2017 1465/2064/2018
f 1465/2064/2018 1299/2063/2017 1300/2065/2019
f 1465/2064/2018 1300/2065/2019 1301/2066/2020
f 1301/2066/2020 1302/2067/2021 1465/2064/2018
f 1465/2064/2018 1302/2067/2021 1303/2068/2022
f 1465/2064/2018 1303/2068/2022 1526/2069/2023
f 1526/2069/2023 1303/2068/2022 1304/2070/2024
f 1526/2069/2023 1304/2070/2024 1518/2071/2025
f 1518/2071/2025 1304/2070/2024 1305/2072/2026
f 1518/2071/2025 1305/2072/2026 1467/2073/2027
f 1467/2073/2027 1305/2072/2026 1306/2074/2028
f 1467/2073/2027 1306/2074/2028 1307/2075/2029
f 1308/2076/2030 1332/2077/2031 1307/2075/2029
f 1307/2075/2029 1332/2077/2031 1333/2078/2032
f 1307/2075/2029 1333/2078/2032 1467/2073/2027
f 1467/2073/2027 1333/2078/2032 1334/2079/2033
f 1467/2073/2027 1334/2079/2033 1518/2071/2025
f 1518/2071/2025 1334/2079/2033 1335/2080/2034
f 1518/2071/2025 1335/2080/2034 1520/2081/2035
f 1520/2081/2035 1335/2080/2034 1336/1847/1801
f 1520/2081/2035 1336/1847/1801 1525/2082/2036
f 1525/2082/2036 1336/1847/1801 1519/1845/1799
f 1525/2082/2036 1519/1845/1799 1528/1851/1805
f 1528/1851/1805 1519/1845/1799 1527/1850/1804
f 1332/2077/2031 1308/2076/2030 1608/2083/2037
f 1608/2083/2037 1308/2076/2030 1309/2084/2038
f 1608/2083/2037 1309/2084/2038 1330/1902/1856
f 1330/1902/1856 1309/2084/2038 1310/1900/1854
f 1312/1896/1850 1313/2085/2039 1615/1894/1848
f 1615/1894/1848 1313/2085/2039 1314/1892/1846
f 1317/1887/1841 1318/2086/2040 1614/1885/1839
f 1614/1885/1839 1318/2086/2040 1319/2087/2041
f 1614/1885/1839 1319/2087/2041 1605/1883/1837
f 1605/1883/1837 1319/2087/2041 1320/2050/2004
f 820/2033/1987 819/2088/2042 1618/2031/1985
f 1618/2031/1985 819/2088/2042 874/2089/2043
f 1618/2031/1985 874/2089/2043 873/2090/2044
f 873/2090/2044 872/2091/2045 1618/2031/1985
f 1618/2031/1985 872/2091/2045 1616/2092/2046
f 1618/2031/1985 1616/2092/2046 1457/2093/2047
f 1457/2093/2047 1616/2092/2046 1622/2094/2048
f 1457/2093/2047 1622/2094/2048 1420/2095/2049
f 1420/2095/2049 1622/2094/2048 1624/2096/2050
f 1420/2095/2049 1624/2096/2050 1419/2097/2051
f 1419/2097/2051 1624/2096/2050 1629/2098/2052
f 1419/2097/2051 1629/2098/2052 1649/2099/2053
f 1649/2099/2053 1629/2098/2052 725/2100/2054
f 1649/2099/2053 725/2100/2054 724/2101/2055
f 872/2091/2045 871/2102/2056 1616/2092/2046
f 1616/2092/2046 871/2102/2056 870/2103/2057
f 1616/2092/2046 870/2103/2057 869/2104/2058
f 869/2104/2058 868/2105/2059 1616/2092/2046
f 1616/2092/2046 868/2105/2059 867/2106/2060
f 1616/2092/2046 867/2106/2060 866/2107/2061
f 866/2107/2061 865/2108/2062 1616/2092/2046
f 1616/2092/2046 865/2108/2062 864/2109/2063
f 1616/2092/2046 864/2109/2063 1621/2110/2064
f 1621/2110/2064 864/2109/2063 863/2111/2065
f 1621/2110/2064 863/2111/2065 1620/2112/2066
f 1620/2112/2066 863/2111/2065 862/2113/2067
f 1620/2112/2066 862/2113/2067 861/2114/2068
f 860/2115/2069 1628/2116/2070 861/2114/2068
f 861/2114/2068 1628/2116/2070 673/2117/2071
f 861/2114/2068 673/2117/2071 672/2118/2072
f 859/2119/2073 1625/2120/2074 860/2115/2069
f 860/2115/2069 1625/2120/2074 675/2121/2075
f 860/2115/2069 675/2121/2075 674/2122/2076
f 858/2123/2077 676/2124/2078 859/2119/2073
f 859/2119/2073 676/2124/2078 675/2121/2075
f 859/2119/2073 675/2121/2075 1625/2120/2074
f 857/2125/2079 1627/2126/2080 858/2123/2077
f 858/2123/2077 1627/2126/2080 677/2127/2081
f 858/2123/2077 677/2127/2081 676/2124/2078
f 856/2128/2082 1709/2129/2083 857/2125/2079
f 857/2125/2079 1709/2129/2083 679/2130/2084
f 857/2125/2079 679/2130/2084 678/2131/2085
f 855/2132/2086 1710/2133/2087 856/2128/2082
f 856/2128/2082 1710/2133/2087 681/2134/2088
f 856/2128/2082 681/2134/2088 680/2135/2089
f 854/2136/2090 683/2137/2091 855/2132/2086
f 855/2132/2086 683/2137/2091 682/2138/2092
f 855/2132/2086 682/2138/2092 1710/2133/2087
f 1710/2133/2087 682/2138/2092 681/2134/2088
f 683/2137/2091 854/2136/2090 684/2139/2093
f 684/2139/2093 854/2136/2090 853/2140/2094
f 684/2139/2093 853/2140/2094 685/2141/2095
f 685/2141/2095 853/2140/2094 852/2142/2096
f 685/2141/2095 852/2142/2096 686/2143/2097
f 686/2143/2097 852/2142/2096 851/2144/2098
f 686/2143/2097 851/2144/2098 1630/2145/2099
f 1630/2145/2099 851/2144/2098 850/2146/2100
f 1630/2145/2099 850/2146/2100 849/2147/2101
f 849/2147/2101 848/1990/1944 1630/2145/2099
f 1630/2145/2099 848/1990/1944 687/1992/1946
f 1630/2145/2099 687/1992/1946 686/2143/2097
f 846/1987/1941 845/2148/2102 1574/1985/1939
f 1574/1985/1939 845/2148/2102 844/2149/2103
f 1574/1985/1939 844/2149/2103 843/2150/2104
f 843/2150/2104 842/2151/2105 1574/1985/1939
f 1574/1985/1939 842/2151/2105 1567/1983/1937
f 842/2151/2105 841/2152/2106 1567/1983/1937
f 1567/1983/1937 841/2152/2106 840/2153/2107
f 1567/1983/1937 840/2153/2107 1568/2154/2108
f 1568/2154/2108 840/2153/2107 839/2155/2109
f 1568/2154/2108 839/2155/2109 1569/2156/2110
f 1569/2156/2110 839/2155/2109 838/2157/2111
f 1569/2156/2110 838/2157/2111 1570/2158/2112
f 1570/2158/2112 838/2157/2111 837/2159/2113
f 1570/2158/2112 837/2159/2113 1571/2160/2114
f 1571/2160/2114 837/2159/2113 836/2161/2115
f 1571/2160/2114 836/2161/2115 835/2162/2116
f 1571/2160/2114 835/2162/2116 1461/1947/1901
f 1461/1947/1901 835/2162/2116 834/2163/2117
f 1461/1947/1901 834/2163/2117 1575/1950/1904
f 1575/1950/1904 834/2163/2117 833/2164/2118
f 1575/1950/1904 833/2164/2118 832/1952/1906
f 832/1952/1906 831/2165/2119 1598/1954/1908
f 1598/1954/1908 831/2165/2119 1599/1956/1910
f 831/2165/2119 830/2166/2120 1599/1956/1910
f 1599/1956/1910 830/2166/2120 829/1958/1912
f 826/1964/1918 825/2039/1993 1595/2040/1994
f 1322/2167/2121 1611/1886/1840 1321/2168/2122
f 1321/2168/2122 1611/1886/1840 1631/2169/2123
f 1321/2168/2122 1631/2169/2123 1374/2170/2124
f 1374/2170/2124 1631/2169/2123 1373/2171/2125
f 1373/2171/2125 1631/2169/2123 1372/2172/2126
f 1372/2172/2126 1631/2169/2123 1371/2173/2127
f 1371/2173/2127 1631/2169/2123 1370/2174/2128
f 1370/2174/2128 1631/2169/2123 1369/2175/2129
f 1369/2175/2129 1631/2169/2123 1368/2176/2130
f 1368/2176/2130 1631/2169/2123 1367/2177/2131
f 1367/2177/2131 1631/2169/2123 1366/2178/2132
f 1366/2178/2132 1631/2169/2123 1635/2179/2133
f 1366/2178/2132 1635/2179/2133 1365/2180/2134
f 1365/2180/2134 1635/2179/2133 1364/2181/2135
f 1364/2181/2135 1635/2179/2133 1634/2182/2136
f 1364/2181/2135 1634/2182/2136 1363/2183/2137
f 1363/2183/2137 1634/2182/2136 1362/2184/2138
f 1362/2184/2138 1634/2182/2136 449/2185/2139
f 1362/2184/2138 449/2185/2139 513/2186/2140
f 1611/1886/1840 1322/2167/2121 1612/1888/1842
f 1612/1888/1842 1322/2167/2121 1323/2187/2141
f 1612/1888/1842 1323/2187/2141 1324/2188/2142
f 1612/1888/1842 1324/2188/2142 1613/1890/1844
f 1613/1890/1844 1324/2188/2142 1325/1893/1847
f 1327/1897/1851 1328/2189/2143 1609/1899/1853
f 1609/1899/1853 1328/2189/2143 1329/1901/1855
f 1330/1902/1856 1331/2190/2144 1608/2083/2037
f 1608/2083/2037 1331/2190/2144 1332/2077/2031
f 1337/1848/1802 1338/1844/1798 1521/1846/1800
f 1340/1841/1795 1341/2191/2145 1522/1835/1789
f 1522/1835/1789 1341/2191/2145 1342/2192/2146
f 1522/1835/1789 1342/2192/2146 1343/1837/1791
f 1344/1838/1792 1345/2193/2147 1517/1836/1790
f 1517/1836/1790 1345/2193/2147 1346/2194/2148
f 1517/1836/1790 1346/2194/2148 1347/1831/1785
f 1349/2195/2149 1632/2196/2150 1348/1832/1786
f 1348/1832/1786 1632/2196/2150 498/2197/2151
f 1348/1832/1786 498/2197/2151 1450/1830/1784
f 1450/1830/1784 498/2197/2151 497/2198/2152
f 1450/1830/1784 497/2198/2152 496/2199/2153
f 1350/2200/2154 500/2201/2155 1349/2195/2149
f 1349/2195/2149 500/2201/2155 499/2202/2156
f 1349/2195/2149 499/2202/2156 1632/2196/2150
f 1632/2196/2150 499/2202/2156 498/2197/2151
f 500/2201/2155 1350/2200/2154 501/2203/2157
f 501/2203/2157 1350/2200/2154 1351/2204/2158
f 501/2203/2157 1351/2204/2158 502/2205/2159
f 502/2205/2159 1351/2204/2158 1352/2206/2160
f 502/2205/2159 1352/2206/2160 503/2207/2161
f 503/2207/2161 1352/2206/2160 1353/2208/2162
f 503/2207/2161 1353/2208/2162 1354/2209/2163
f 1355/2210/2164 1633/2211/2165 1354/2209/2163
f 1354/2209/2163 1633/2211/2165 504/2212/2166
f 1354/2209/2163 504/2212/2166 503/2207/2161
f 1356/2213/2167 506/2214/2168 1355/2210/2164
f 1355/2210/2164 506/2214/2168 505/2215/2169
f 1355/2210/2164 505/2215/2169 1633/2211/2165
f 1633/2211/2165 505/2215/2169 504/2212/2166
f 1357/2216/2170 1711/2217/2171 1356/2213/2167
f 1356/2213/2167 1711/2217/2171 507/2218/2172
f 1356/2213/2167 507/2218/2172 506/2214/2168
f 1358/2219/2173 508/2220/2174 1357/2216/2170
f 1357/2216/2170 508/2220/2174 507/2218/2172
f 1357/2216/2170 507/2218/2172 1711/2217/2171
f 508/2220/2174 1358/2219/2173 509/2221/2175
f 509/2221/2175 1358/2219/2173 1359/2222/2176
f 509/2221/2175 1359/2222/2176 510/2223/2177
f 510/2223/2177 1359/2222/2176 511/2224/2178
f 511/2224/2178 1359/2222/2176 1360/2225/2179
f 511/2224/2178 1360/2225/2179 512/2226/2180
f 512/2226/2180 1360/2225/2179 1361/2227/2181
f 512/2226/2180 1361/2227/2181 513/2186/2140
f 513/2186/2140 1361/2227/2181 1362/2184/2138
f 672/2118/2072 671/2228/2182 1626/2229/2183
f 1626/2229/2183 671/2228/2182 741/2230/2184
f 1626/2229/2183 741/2230/2184 740/2231/2185
f 739/2232/2186 1623/2233/2187 740/2231/2185
f 740/2231/2185 1623/2233/2187 1621/2110/2064
f 740/2231/2185 1621/2110/2064 1620/2112/2066
f 739/2232/2186 738/2234/2188 1623/2233/2187
f 1623/2233/2187 738/2234/2188 737/2235/2189
f 1623/2233/2187 737/2235/2189 736/2236/2190
f 736/2236/2190 735/2237/2191 1623/2233/2187
f 1623/2233/2187 735/2237/2191 1629/2098/2052
f 1623/2233/2187 1629/2098/2052 1624/2096/2050
f 735/2237/2191 734/2238/2192 1629/2098/2052
f 1629/2098/2052 734/2238/2192 733/2239/2193
f 1629/2098/2052 733/2239/2193 732/2240/2194
f 732/2240/2194 731/2241/2195 1629/2098/2052
f 1629/2098/2052 731/2241/2195 730/2242/2196
f 1629/2098/2052 730/2242/2196 729/2243/2197
f 729/2243/2197 728/2244/2198 1629/2098/2052
f 1629/2098/2052 728/2244/2198 727/2245/2199
f 1629/2098/2052 727/2245/2199 726/2246/2200
f 726/2246/2200 725/2100/2054 1629/2098/2052
f 1649/2099/2053 724/2101/2055 1648/2247/2201
f 1648/2247/2201 724/2101/2055 723/2248/2202
f 1648/2247/2201 723/2248/2202 1647/2249/2203
f 1647/2249/2203 723/2248/2202 722/2250/2204
f 1647/2249/2203 722/2250/2204 721/2251/2205
f 1647/2249/2203 721/2251/2205 1645/2252/2206
f 1645/2252/2206 721/2251/2205 720/2253/2207
f 1645/2252/2206 720/2253/2207 719/2254/2208
f 718/2255/2209 1658/2256/2210 719/2254/2208
f 719/2254/2208 1658/2256/2210 1646/2257/2211
f 719/2254/2208 1646/2257/2211 1645/2252/2206
f 1645/2252/2206 1646/2257/2211 1697/2258/2212
f 1645/2252/2206 1697/2258/2212 1647/2249/2203
f 1647/2249/2203 1697/2258/2212 1698/2259/2213
f 1647/2249/2203 1698/2259/2213 1648/2247/2201
f 1648/2247/2201 1698/2259/2213 1699/2260/2214
f 1648/2247/2201 1699/2260/2214 1649/2099/2053
f 1649/2099/2053 1699/2260/2214 1700/2261/2215
f 1649/2099/2053 1700/2261/2215 1418/2262/2216
f 1418/2262/2216 1700/2261/2215 1417/2263/2217
f 1417/2263/2217 1700/2261/2215 1699/2260/2214
f 1417/2263/2217 1699/2260/2214 1416/2264/2218
f 1416/2264/2218 1699/2260/2214 1698/2259/2213
f 1416/2264/2218 1698/2259/2213 1415/2265/2219
f 1415/2265/2219 1698/2259/2213 1697/2258/2212
f 1415/2265/2219 1697/2258/2212 1414/2266/2220
f 1414/2266/2220 1697/2258/2212 1646/2257/2211
f 1414/2266/2220 1646/2257/2211 1413/2267/2221
f 1413/2267/2221 1646/2257/2211 1644/2268/2222
f 1413/2267/2221 1644/2268/2222 1412/2269/2223
f 1412/2269/2223 1644/2268/2222 1643/2270/2224
f 1412/2269/2223 1643/2270/2224 1411/2271/2225
f 1411/2271/2225 1643/2270/2224 1642/2272/2226
f 1411/2271/2225 1642/2272/2226 1410/1727/1681
f 1410/1727/1681 1642/2272/2226 1696/1725/1679
f 718/2255/2209 717/2273/2227 1658/2256/2210
f 1658/2256/2210 717/2273/2227 1646/2257/2211
f 716/2274/2228 1657/2275/2229 717/2273/2227
f 717/2273/2227 1657/2275/2229 1644/2268/2222
f 717/2273/2227 1644/2268/2222 1646/2257/2211
f 715/2276/2230 1643/2270/2224 716/2274/2228
f 716/2274/2228 1643/2270/2224 1644/2268/2222
f 716/2274/2228 1644/2268/2222 1657/2275/2229
f 714/2277/2231 1656/2278/2232 715/2276/2230
f 715/2276/2230 1656/2278/2232 1650/2279/2233
f 715/2276/2230 1650/2279/2233 1643/2270/2224
f 1643/2270/2224 1650/2279/2233 714/2277/2231
f 1643/2270/2224 714/2277/2231 1642/2272/2226
f 1642/2272/2226 714/2277/2231 1641/2280/2234
f 1642/2272/2226 1641/2280/2234 1696/1725/1679
f 1696/1725/1679 1641/2280/2234 1640/1723/1677
f 1641/2280/2234 714/2277/2231 1655/2281/2235
f 1655/2281/2235 714/2277/2231 713/2282/2236
f 1655/2281/2235 713/2282/2236 1641/2280/2234
f 1641/2280/2234 713/2282/2236 1640/1723/1677
f 713/2282/2236 712/2283/2237 1640/1723/1677
f 1640/1723/1677 712/2283/2237 1654/2284/2238
f 1640/1723/1677 1654/2284/2238 711/1722/1676
f 711/1722/1676 1654/2284/2238 712/2283/2237
f 1652/1719/1673 710/1721/1675 1653/2285/2239
f 1653/2285/2239 710/1721/1675 709/2286/2240
f 1653/2285/2239 709/2286/2240 563/2287/2241
f 563/2287/2241 709/2286/2240 564/2288/2242
f 564/2288/2242 709/2286/2240 708/2289/2243
f 564/2288/2242 708/2289/2243 1712/2290/2244
f 1712/2290/2244 708/2289/2243 707/2291/2245
f 1712/2290/2244 707/2291/2245 565/2292/2246
f 565/2292/2246 707/2291/2245 566/2293/2247
f 566/2293/2247 707/2291/2245 1453/2294/2248
f 566/2293/2247 1453/2294/2248 567/2295/2249
f 567/2295/2249 1453/2294/2248 1455/2296/2250
f 567/2295/2249 1455/2296/2250 568/2297/2251
f 568/2297/2251 1455/2296/2250 706/2298/2252
f 568/2297/2251 706/2298/2252 569/2299/2253
f 569/2299/2253 706/2298/2252 705/2300/2254
f 569/2299/2253 705/2300/2254 570/2301/2255
f 570/2301/2255 705/2300/2254 704/2302/2256
f 570/2301/2255 704/2302/2256 571/2303/2257
f 571/2303/2257 704/2302/2256 703/2304/2258
f 571/2303/2257 703/2304/2258 572/2305/2259
f 572/2305/2259 703/2304/2258 573/2306/2260
f 573/2306/2260 703/2304/2258 574/2307/2261
f 574/2307/2261 703/2304/2258 702/2308/2262
f 574/2307/2261 702/2308/2262 1581/2007/1961
f 1581/2007/1961 702/2308/2262 701/2309/2263
f 1581/2007/1961 701/2309/2263 700/2310/2264
f 1453/2294/2248 707/2291/2245 1455/2296/2250
f 1455/2296/2250 707/2291/2245 706/2298/2252
f 700/2310/2264 699/2311/2265 1581/2007/1961
f 1581/2007/1961 699/2311/2265 698/2005/1959
f 1576/1996/1950 692/1998/1952 1577/1988/1942
f 1577/1988/1942 692/1998/1952 691/2312/2266
f 1577/1988/1942 691/2312/2266 690/2313/2267
f 690/2313/2267 689/2314/2268 1577/1988/1942
f 1577/1988/1942 689/2314/2268 688/1991/1945
f 856/2128/2082 680/2135/2089 1709/2129/2083
f 1709/2129/2083 680/2135/2089 679/2130/2084
f 857/2125/2079 678/2131/2085 1627/2126/2080
f 1627/2126/2080 678/2131/2085 677/2127/2081
f 860/2115/2069 674/2122/2076 1628/2116/2070
f 1628/2116/2070 674/2122/2076 673/2117/2071
f 496/2199/2153 495/2315/2269 1450/1830/1784
f 1450/1830/1784 495/2315/2269 494/1828/1782
f 490/1823/1777 489/1819/1773 1468/1821/1775
f 488/1818/1772 487/2316/2270 1511/1816/1770
f 1511/1816/1770 487/2316/2270 486/2317/2271
f 1511/1816/1770 486/2317/2271 485/2318/2272
f 1511/1816/1770 485/2318/2272 1661/2319/2273
f 1661/2319/2273 485/2318/2272 484/2320/2274
f 1661/2319/2273 484/2320/2274 376/2321/2275
f 376/2321/2275 484/2320/2274 377/2322/2276
f 377/2322/2276 484/2320/2274 378/2323/2277
f 378/2323/2277 484/2320/2274 483/2324/2278
f 378/2323/2277 483/2324/2278 379/2325/2279
f 379/2325/2279 483/2324/2278 482/2326/2280
f 379/2325/2279 482/2326/2280 380/2327/2281
f 380/2327/2281 482/2326/2280 481/2328/2282
f 380/2327/2281 481/2328/2282 381/2329/2283
f 381/2329/2283 481/2328/2282 1665/2330/2284
f 381/2329/2283 1665/2330/2284 382/2331/2285
f 382/2331/2285 1665/2330/2284 383/2332/2286
f 383/2332/2286 1665/2330/2284 480/2333/2287
f 383/2332/2286 480/2333/2287 479/2334/2288
f 481/2328/2282 480/2333/2287 1665/2330/2284
f 478/2335/2289 1713/2336/2290 479/2334/2288
f 479/2334/2288 1713/2336/2290 384/2337/2291
f 479/2334/2288 384/2337/2291 383/2332/2286
f 477/2338/2292 1668/2339/2293 478/2335/2289
f 478/2335/2289 1668/2339/2293 385/2340/2294
f 478/2335/2289 385/2340/2294 384/2337/2291
f 1668/2339/2293 477/2338/2292 1667/2341/2295
f 1667/2341/2295 477/2338/2292 476/2342/2296
f 1667/2341/2295 476/2342/2296 1666/2343/2297
f 1666/2343/2297 476/2342/2296 475/2344/2298
f 1666/2343/2297 475/2344/2298 1679/2345/2299
f 1679/2345/2299 475/2344/2298 1678/2346/2300
f 1679/2345/2299 1678/2346/2300 1440/2347/2301
f 1440/2347/2301 1678/2346/2300 1439/2348/2302
f 1439/2348/2302 1678/2346/2300 1677/2349/2303
f 1439/2348/2302 1677/2349/2303 1438/2350/2304
f 1438/2350/2304 1677/2349/2303 1676/2351/2305
f 1438/2350/2304 1676/2351/2305 1437/2352/2306
f 1437/2352/2306 1676/2351/2305 1675/2353/2307
f 1437/2352/2306 1675/2353/2307 1436/2354/2308
f 1436/2354/2308 1675/2353/2307 1674/2355/2309
f 1436/2354/2308 1674/2355/2309 1435/2356/2310
f 1435/2356/2310 1674/2355/2309 1673/2357/2311
f 1435/2356/2310 1673/2357/2311 1434/2358/2312
f 1434/2358/2312 1673/2357/2311 1672/2359/2313
f 1434/2358/2312 1672/2359/2313 1433/2360/2314
f 1433/2360/2314 1672/2359/2313 1671/2361/2315
f 1433/2360/2314 1671/2361/2315 1432/2362/2316
f 1432/2362/2316 1671/2361/2315 1670/2363/2317
f 1432/2362/2316 1670/2363/2317 1431/2364/2318
f 1431/2364/2318 1670/2363/2317 1669/2365/2319
f 1431/2364/2318 1669/2365/2319 1430/2366/2320
f 1430/2366/2320 1669/2365/2319 1690/2367/2321
f 1430/2366/2320 1690/2367/2321 1475/2368/2322
f 1475/2368/2322 1690/2367/2321 464/2369/2323
f 1475/2368/2322 464/2369/2323 463/2370/2324
f 475/2344/2298 474/2371/2325 1678/2346/2300
f 1678/2346/2300 474/2371/2325 1677/2349/2303
f 474/2371/2325 473/2372/2326 1677/2349/2303
f 1677/2349/2303 473/2372/2326 1676/2351/2305
f 1676/2351/2305 473/2372/2326 1675/2353/2307
f 1675/2353/2307 473/2372/2326 472/2373/2327
f 1675/2353/2307 472/2373/2327 1674/2355/2309
f 1674/2355/2309 472/2373/2327 471/2374/2328
f 1674/2355/2309 471/2374/2328 1673/2357/2311
f 1673/2357/2311 471/2374/2328 470/2375/2329
f 1673/2357/2311 470/2375/2329 1672/2359/2313
f 1672/2359/2313 470/2375/2329 469/2376/2330
f 1672/2359/2313 469/2376/2330 1671/2361/2315
f 1671/2361/2315 469/2376/2330 468/2377/2331
f 1671/2361/2315 468/2377/2331 1688/2378/2332
f 1688/2378/2332 468/2377/2331 467/2379/2333
f 1688/2378/2332 467/2379/2333 466/2380/2334
f 1688/2378/2332 466/2380/2334 1689/2381/2335
f 1689/2381/2335 466/2380/2334 465/2382/2336
f 1689/2381/2335 465/2382/2336 464/2369/2323
f 463/2370/2324 462/2383/2337 1475/2368/2322
f 1475/2368/2322 462/2383/2337 461/2384/2338
f 1475/2368/2322 461/2384/2338 460/2385/2339
f 1475/2368/2322 460/2385/2339 1451/2386/2340
f 1451/2386/2340 460/2385/2339 459/2387/2341
f 1451/2386/2340 459/2387/2341 458/2388/2342
f 458/2388/2342 457/2389/2343 1451/2386/2340
f 1451/2386/2340 457/2389/2343 456/2390/2344
f 1451/2386/2340 456/2390/2344 455/2391/2345
f 455/2391/2345 454/2392/2346 1451/2386/2340
f 1451/2386/2340 454/2392/2346 453/2393/2347
f 1451/2386/2340 453/2393/2347 452/2394/2348
f 452/2394/2348 451/2395/2349 1451/2386/2340
f 1451/2386/2340 451/2395/2349 450/2396/2350
f 1451/2386/2340 450/2396/2350 1635/2179/2133
f 1635/2179/2133 450/2396/2350 1634/2182/2136
f 450/2396/2350 449/2185/2139 1634/2182/2136
f 559/2397/2351 558/2398/2352 1637/2399/2353
f 1637/2399/2353 558/2398/2352 608/2400/2354
f 1637/2399/2353 608/2400/2354 607/2401/2355
f 607/2401/2355 606/2402/2356 1637/2399/2353
f 1637/2399/2353 606/2402/2356 605/2403/2357
f 1637/2399/2353 605/2403/2357 1638/1717/1671
f 1638/1717/1671 605/2403/2357 604/1715/1669
f 597/1708/1662 596/2404/2358 1692/1706/1660
f 1692/1706/1660 596/2404/2358 595/2405/2359
f 1692/1706/1660 595/2405/2359 1691/1704/1658
f 1691/1704/1658 595/2405/2359 594/1702/1656
f 1659/1679/1633 580/1681/1635 1660/2406/2360
f 1660/2406/2360 580/1681/1635 579/2407/2361
f 1660/2406/2360 579/2407/2361 578/2408/2362
f 578/2408/2362 577/2409/2363 1660/2406/2360
f 1660/2406/2360 577/2409/2363 1580/2009/1963
f 1660/2406/2360 1580/2009/1963 1579/2011/1965
f 1580/2009/1963 577/2409/2363 1581/2007/1961
f 1581/2007/1961 577/2409/2363 576/2410/2364
f 1581/2007/1961 576/2410/2364 575/2411/2365
f 575/2411/2365 574/2307/2261 1581/2007/1961
f 565/2292/2246 564/2288/2242 1712/2290/2244
f 563/2287/2241 562/2412/2366 1653/2285/2239
f 1653/2285/2239 562/2412/2366 561/2413/2367
f 1653/2285/2239 561/2413/2367 560/2414/2368
f 560/2414/2368 559/2397/2351 1653/2285/2239
f 1653/2285/2239 559/2397/2351 1637/2399/2353
f 1653/2285/2239 1637/2399/2353 1638/1717/1671
f 341/2415/2369 340/2416/2370 1667/2341/2295
f 1667/2341/2295 340/2416/2370 389/2417/2371
f 1667/2341/2295 389/2417/2371 388/2418/2372
f 388/2418/2372 387/2419/2373 1667/2341/2295
f 1667/2341/2295 387/2419/2373 386/2420/2374
f 1667/2341/2295 386/2420/2374 1668/2339/2293
f 1668/2339/2293 386/2420/2374 385/2340/2294
f 376/2321/2275 375/2421/2375 1661/2319/2273
f 1661/2319/2273 375/2421/2375 374/2422/2376
f 1661/2319/2273 374/2422/2376 373/2423/2377
f 373/2423/2377 372/2424/2378 1661/2319/2273
f 1661/2319/2273 372/2424/2378 1511/1816/1770
f 1511/1816/1770 372/2424/2378 1512/1802/1756
f 1512/1802/1756 372/2424/2378 371/2425/2379
f 1512/1802/1756 371/2425/2379 1662/2426/2380
f 1662/2426/2380 371/2425/2379 370/2427/2381
f 1662/2426/2380 370/2427/2381 369/2428/2382
f 368/2429/2383 1707/2430/2384 369/2428/2382
f 369/2428/2382 1707/2430/2384 1663/2431/2385
f 369/2428/2382 1663/2431/2385 1662/2426/2380
f 1662/2426/2380 1663/2431/2385 1512/1802/1756
f 1707/2430/2384 368/2429/2383 1472/1808/1762
f 1472/1808/1762 368/2429/2383 367/2432/2386
f 1472/1808/1762 367/2432/2386 366/2433/2387
f 366/2433/2387 365/2434/2388 1472/1808/1762
f 1472/1808/1762 365/2434/2388 1474/1810/1764
f 365/2434/2388 364/2435/2389 1474/1810/1764
f 1474/1810/1764 364/2435/2389 363/2436/2390
f 1474/1810/1764 363/2436/2390 362/2437/2391
f 362/2437/2391 361/1812/1766 1474/1810/1764
f 358/2438/2392 1684/2439/2393 359/1815/1769
f 359/1815/1769 1684/2439/2393 1685/2440/2394
f 359/1815/1769 1685/2440/2394 1687/1813/1767
f 1687/1813/1767 1685/2440/2394 1446/2441/2395
f 1687/1813/1767 1446/2441/2395 1686/1811/1765
f 1686/1811/1765 1446/2441/2395 1223/1809/1763
f 1684/2439/2393 358/2438/2392 1683/2442/2396
f 1683/2442/2396 358/2438/2392 357/2443/2397
f 1683/2442/2396 357/2443/2397 356/2444/2398
f 355/2445/2399 1682/2446/2400 356/2444/2398
f 356/2444/2398 1682/2446/2400 1443/2447/2401
f 356/2444/2398 1443/2447/2401 1683/2442/2396
f 1683/2442/2396 1443/2447/2401 1444/2448/2402
f 1683/2442/2396 1444/2448/2402 1684/2439/2393
f 1684/2439/2393 1444/2448/2402 1445/2449/2403
f 1684/2439/2393 1445/2449/2403 1685/2440/2394
f 1685/2440/2394 1445/2449/2403 1446/2441/2395
f 355/2445/2399 354/2450/2404 1682/2446/2400
f 1682/2446/2400 354/2450/2404 1681/2451/2405
f 1682/2446/2400 1681/2451/2405 1442/2452/2406
f 1442/2452/2406 1681/2451/2405 1680/2453/2407
f 1442/2452/2406 1680/2453/2407 1441/2454/2408
f 1441/2454/2408 1680/2453/2407 1679/2345/2299
f 1441/2454/2408 1679/2345/2299 1440/2347/2301
f 354/2450/2404 353/2455/2409 1681/2451/2405
f 1681/2451/2405 353/2455/2409 352/2456/2410
f 1681/2451/2405 352/2456/2410 1680/2453/2407
f 1680/2453/2407 352/2456/2410 351/2457/2411
f 1680/2453/2407 351/2457/2411 350/2458/2412
f 350/2458/2412 349/2459/2413 1680/2453/2407
f 1680/2453/2407 349/2459/2413 348/2460/2414
f 1680/2453/2407 348/2460/2414 347/2461/2415
f 1680/2453/2407 347/2461/2415 1679/2345/2299
f 1679/2345/2299 347/2461/2415 346/2462/2416
f 1679/2345/2299 346/2462/2416 345/2463/2417
f 345/2463/2417 344/2464/2418 1679/2345/2299
f 1679/2345/2299 344/2464/2418 1666/2343/2297
f 344/2464/2418 343/2465/2419 1666/2343/2297
f 1666/2343/2297 343/2465/2419 342/2466/2420
f 1666/2343/2297 342/2466/2420 1667/2341/2295
f 1667/2341/2295 342/2466/2420 341/2415/2369
f 1223/1809/1763 1222/1805/1759 1471/1807/1761
f 1506/1782/1736 1375/1784/1738 1505/2467/2421
f 1505/2467/2421 1375/1784/1738 1376/2468/2422
f 1505/2467/2421 1376/2468/2422 1504/2469/2423
f 1504/2469/2423 1376/2468/2422 1377/2470/2424
f 1504/2469/2423 1377/2470/2424 1503/1772/1726
f 1503/1772/1726 1377/2470/2424 1378/1770/1724
f 1389/1754/1708 1390/2471/2425 1493/1752/1706
f 1493/1752/1706 1390/2471/2425 1391/2472/2426
f 1493/1752/1706 1391/2472/2426 1491/1750/1704
f 1491/1750/1704 1391/2472/2426 1392/2473/2427
f 1491/1750/1704 1392/2473/2427 1393/2474/2428
f 1393/2474/2428 1394/1748/1702 1491/1750/1704
f 1395/1747/1701 1396/2475/2429 1490/1745/1699
f 1490/1745/1699 1396/2475/2429 1397/1743/1697
f 1398/1741/1695 1399/2476/2430 1488/1739/1693
f 1488/1739/1693 1399/2476/2430 1487/2477/2431
f 1488/1739/1693 1487/2477/2431 1484/1737/1691
f 1484/1737/1691 1487/2477/2431 1400/2478/2432
f 1484/1737/1691 1400/2478/2432 1485/1731/1685
f 1485/1731/1685 1400/2478/2432 1401/1733/1687
f 1399/2476/2430 1400/2478/2432 1487/2477/2431
f 1228/1734/1688 1237/2479/2433 1459/1732/1686
f 1459/1732/1686 1237/2479/2433 1481/2480/2434
f 1459/1732/1686 1481/2480/2434 1480/1730/1684
f 1480/1730/1684 1481/2480/2434 1476/1672/1626
f 1481/2480/2434 1237/2479/2433 1477/1674/1628
f 1477/1674/1628 1237/2479/2433 1236/1676/1630
f 1236/1676/1630 1235/2481/2435 1456/1678/1632
f 1456/1678/1632 1235/2481/2435 1706/2482/2436
f 1456/1678/1632 1706/2482/2436 1705/1680/1634
f 1705/1680/1634 1706/2482/2436 1454/1683/1637
f 1706/2482/2436 1235/2481/2435 1452/2483/2437
f 1452/2483/2437 1235/2481/2435 1234/2484/2438
f 1452/2483/2437 1234/2484/2438 1704/2485/2439
f 1704/2485/2439 1234/2484/2438 1702/1690/1644
f 1704/2485/2439 1702/1690/1644 1703/1686/1640
f 1234/2484/2438 1402/1694/1648 1702/1690/1644
f 1402/1694/1648 1403/1699/1653 1701/1696/1650
f 1406/1705/1659 1407/2486/2440 1693/1707/1661
f 1693/1707/1661 1407/2486/2440 1694/1716/1670
f 1407/2486/2440 1408/2487/2441 1694/1716/1670
f 1694/1716/1670 1408/2487/2441 1695/1724/1678
f 1694/1716/1670 1695/1724/1678 1639/1718/1672
f 1408/2487/2441 1409/1726/1680 1695/1724/1678
f 1418/2262/2216 1419/2097/2051 1649/2099/2053
f 1420/2095/2049 1421/2488/2442 1457/2093/2047
f 1457/2093/2047 1421/2488/2442 1617/2489/2443
f 1457/2093/2047 1617/2489/2443 1618/2031/1985
f 1618/2031/1985 1617/2489/2443 1590/2029/1983
f 1422/2490/2444 1458/2491/2445 1421/2488/2442
f 1421/2488/2442 1458/2491/2445 1591/2492/2446
f 1421/2488/2442 1591/2492/2446 1617/2489/2443
f 1617/2489/2443 1591/2492/2446 1590/2029/1983
f 1423/2493/2447 1460/2494/2448 1422/2490/2444
f 1422/2490/2444 1460/2494/2448 1585/2495/2449
f 1422/2490/2444 1585/2495/2449 1584/2496/2450
f 1584/2496/2450 1585/2495/2449 1586/2016/1970
f 1584/2496/2450 1586/2016/1970 1583/2014/1968
f 1424/1916/1870 1463/1918/1872 1423/2493/2447
f 1423/2493/2447 1463/1918/1872 1601/2497/2451
f 1423/2493/2447 1601/2497/2451 1460/2494/2448
f 1460/2494/2448 1601/2497/2451 1602/2020/1974
f 1460/2494/2448 1602/2020/1974 1585/2495/2449
f 1585/2495/2449 1602/2020/1974 1586/2016/1970
f 1424/1916/1870 1425/2498/2452 1464/1914/1868
f 1464/1914/1868 1425/2498/2452 1545/2499/2453
f 1464/1914/1868 1545/2499/2453 1544/1912/1866
f 1544/1912/1866 1545/2499/2453 1539/1874/1828
f 1544/1912/1866 1539/1874/1828 1538/1872/1826
f 1545/2499/2453 1425/2498/2452 1466/1876/1830
f 1466/1876/1830 1425/2498/2452 1426/1878/1832
f 1426/1878/1832 1427/2500/2454 1469/1880/1834
f 1469/1880/1834 1427/2500/2454 1604/1882/1836
f 1604/1882/1836 1427/2500/2454 1470/1884/1838
f 1470/1884/1838 1427/2500/2454 1428/2501/2455
f 1470/1884/1838 1428/2501/2455 1610/2502/2456
f 1610/2502/2456 1428/2501/2455 1473/2503/2457
f 1610/2502/2456 1473/2503/2457 1631/2169/2123
f 1631/2169/2123 1473/2503/2457 1635/2179/2133
f 1428/2501/2455 1429/2504/2458 1473/2503/2457
f 1473/2503/2457 1429/2504/2458 1636/2505/2459
f 1473/2503/2457 1636/2505/2459 1635/2179/2133
f 1635/2179/2133 1636/2505/2459 1451/2386/2340
f 1636/2505/2459 1429/2504/2458 1451/2386/2340
f 1451/2386/2340 1429/2504/2458 1430/2366/2320
f 1451/2386/2340 1430/2366/2320 1475/2368/2322
f 1442/2452/2406 1443/2447/2401 1682/2446/2400
f 1483/1738/1692 1482/1786/1740 1489/1740/1694
f 1422/2490/2444 1584/2496/2450 1458/2491/2445
f 1458/2491/2445 1584/2496/2450 1583/2014/1968
f 1458/2491/2445 1583/2014/1968 1587/2027/1981
f 1572/1994/1948 1576/1996/1950 1577/1988/1942
f 1611/1886/1840 1470/1884/1838 1610/2502/2456
f 1689/2381/2335 464/2369/2323 1690/2367/2321
f 1481/2480/2434 1477/1674/1628 1476/1672/1626
f 1485/1731/1685 1479/1729/1683 1484/1737/1691
f 1492/1751/1705 1495/1791/1745 1494/1753/1707
f 1494/1753/1707 1495/1791/1745 1498/1758/1712
f 1507/1774/1728 1508/1776/1730 1503/1772/1726
f 1503/1772/1726 1508/1776/1730 1504/2469/2423
f 1510/1780/1734 1506/1782/1736 1505/2467/2421
f 1508/1776/1730 1509/1778/1732 1504/2469/2423
f 1504/2469/2423 1509/1778/1732 1505/2467/2421
f 1509/1778/1732 1510/1780/1734 1505/2467/2421
f 1664/1804/1758 1513/1803/1757 1663/2431/2385
f 1663/2431/2385 1513/1803/1757 1512/1802/1756
f 1517/1836/1790 1347/1831/1785 1516/1829/1783
f 1526/2069/2023 1518/2071/2025 1525/2082/2036
f 1525/2082/2036 1518/2071/2025 1520/2081/2035
f 1527/1850/1804 1519/1845/1799 1524/1843/1797
f 1528/1851/1805 1449/1853/1807 1525/2082/2036
f 1525/2082/2036 1449/1853/1807 1526/2069/2023
f 1530/1855/1809 1465/2064/2018 1449/1853/1807
f 1449/1853/1807 1465/2064/2018 1526/2069/2023
f 1606/2056/2010 1532/1875/1829 1531/1877/1831
f 1536/1867/1821 1542/1907/1861 1537/1869/1823
f 1537/1869/1823 1542/1907/1861 1543/1910/1864
f 1537/1869/1823 1543/1910/1864 1538/1872/1826
f 1538/1872/1826 1543/1910/1864 1544/1912/1866
f 1545/2499/2453 1466/1876/1830 1539/1874/1828
f 1559/1917/1871 1551/1915/1869 1550/1925/1879
f 1557/2048/2002 1558/1919/1873 1549/1924/1878
f 1549/1924/1878 1558/1919/1873 1550/1925/1879
f 1558/1919/1873 1559/1917/1871 1550/1925/1879
f 1568/2154/2108 1569/2156/2110 1560/1981/1935
f 1560/1981/1935 1569/2156/2110 1561/1978/1932
f 1569/2156/2110 1570/2158/2112 1561/1978/1932
f 1561/1978/1932 1570/2158/2112 1562/1976/1930
f 1461/1947/1901 1564/1942/1896 1563/1975/1929
f 1570/2158/2112 1571/2160/2114 1562/1976/1930
f 1562/1976/1930 1571/2160/2114 1563/1975/1929
f 1571/2160/2114 1461/1947/1901 1563/1975/1929
f 1601/2497/2451 1463/1918/1872 1600/2023/1977
f 1600/2023/1977 1463/1918/1872 1565/1920/1874
f 1567/1983/1937 1568/2154/2108 1560/1981/1935
f 1577/1988/1942 1573/1986/1940 1572/1994/1948
f 1447/1675/1629 1578/1677/1631 1579/2011/1965
f 1579/2011/1965 1578/1677/1631 1659/1679/1633
f 1579/2011/1965 1659/1679/1633 1660/2406/2360
f 1591/2492/2446 1458/2491/2445 1587/2027/1981
f 1590/2029/1983 1591/2492/2446 1587/2027/1981
f 1602/2020/1974 1601/2497/2451 1600/2023/1977
f 1531/1877/1831 1607/1879/1833 1606/2056/2010
f 1606/2056/2010 1607/1879/1833 1603/1881/1835
f 1631/2169/2123 1611/1886/1840 1610/2502/2456
f 861/2114/2068 672/2118/2072 1620/2112/2066
f 1620/2112/2066 672/2118/2072 1626/2229/2183
f 1620/2112/2066 1626/2229/2183 740/2231/2185
f 1616/2092/2046 1621/2110/2064 1622/2094/2048
f 1622/2094/2048 1621/2110/2064 1623/2233/2187
f 1622/2094/2048 1623/2233/2187 1624/2096/2050
f 1652/1719/1673 1653/2285/2239 1638/1717/1671
f 1656/2278/2232 714/2277/2231 1650/2279/2233
f 1708/1806/1760 1664/1804/1758 1707/2430/2384
f 1707/2430/2384 1664/1804/1758 1663/2431/2385
f 1689/2381/2335 1690/2367/2321 1670/2363/2317
f 1670/2363/2317 1690/2367/2321 1669/2365/2319
f 1688/2378/2332 1689/2381/2335 1671/2361/2315
f 1671/2361/2315 1689/2381/2335 1670/2363/2317
f 1452/2483/2437 1704/2485/2439 1703/1686/1640
f 1706/2482/2436 1452/2483/2437 1454/1683/1637
f 1454/1683/1637 1452/2483/2437 1703/1686/1640
f 1472/1808/1762 1708/1806/1760 1707/2430/2384
f 478/2335/2289 384/2337/2291 1713/2336/2290
f 320/2506/2460 1721/2507/2461 39/2508/2462
f 39/2508/2462 1721/2507/2461 1225/2509/2463
f 39/2508/2462 1225/2509/2463 1224/2510/2464
f 319/2511/2465 1714/2512/2466 320/2506/2460
f 320/2506/2460 1714/2512/2466 1715/2513/2467
f 320/2506/2460 1715/2513/2467 1716/2514/2468
f 320/2506/2460 1716/2514/2468 1721/2507/2461
f 1721/2507/2461 1716/2514/2468 1717/2515/2469
f 1721/2507/2461 1717/2515/2469 1718/2516/2470
f 1719/2517/2471 246/2518/2472 1718/2516/2470
f 1718/2516/2470 246/2518/2472 235/2519/2473
f 1718/2516/2470 235/2519/2473 1721/2507/2461
f 1721/2507/2461 235/2519/2473 1226/2520/2474
f 1721/2507/2461 1226/2520/2474 1225/2509/2463
f 1719/2517/2471 1720/2521/2475 246/2518/2472
f 246/2518/2472 1720/2521/2475 247/2522/2476
f 234/2523/2477 1234/2524/2478 235/2519/2473
f 235/2519/2473 1234/2524/2478 1233/2525/2479
f 235/2519/2473 1233/2525/2479 1232/2526/2480
f 2/2527/2481 1403/2528/2482 234/2523/2477
f 234/2523/2477 1403/2528/2482 1402/2529/2483
f 234/2523/2477 1402/2529/2483 1234/2524/2478
f 235/2519/2473 1232/2526/2480 1226/2520/2474
f 1226/2520/2474 1232/2526/2480 1231/2530/2484
f 1226/2520/2474 1231/2530/2484 1230/2531/2485
f 1230/2531/2485 1227/2532/2486 1226/2520/2474
f 1224/2510/2464 1223/2533/2487 39/2508/2462
f 39/2508/2462 1223/2533/2487 1446/2534/2488
f 39/2508/2462 1446/2534/2488 40/2535/2489
f 40/2535/2489 1446/2534/2488 41/2536/2490
f 41/2536/2490 1446/2534/2488 1445/2537/2491
f 1723/2538/2492 1767/2539/2493 1722/2540/2494
f 1722/2540/2494 1767/2539/2493 1768/2541/2495
f 1722/2540/2494 1768/2541/2495 1769/2542/2496
f 1724/2543/2497 1765/2544/2498 1723/2538/2492
f 1723/2538/2492 1765/2544/2498 1766/2545/2499
f 1723/2538/2492 1766/2545/2499 1767/2539/2493
f 1725/2546/2500 1763/2547/2501 1724/2543/2497
f 1724/2543/2497 1763/2547/2501 1764/2548/2502
f 1724/2543/2497 1764/2548/2502 1765/2544/2498
f 1726/2549/2503 1761/2550/2504 1725/2546/2500
f 1725/2546/2500 1761/2550/2504 1762/2551/2505
f 1725/2546/2500 1762/2551/2505 1763/2547/2501
f 1727/2552/2506 1759/2553/2507 1726/2549/2503
f 1726/2549/2503 1759/2553/2507 1760/2554/2508
f 1726/2549/2503 1760/2554/2508 1761/2550/2504
f 1759/2553/2507 1727/2552/2506 1758/2555/2509
f 1758/2555/2509 1727/2552/2506 1728/2556/2510
f 1758/2555/2509 1728/2556/2510 1757/2557/2511
f 1757/2557/2511 1728/2556/2510 1729/2558/2512
f 1757/2557/2511 1729/2558/2512 1756/2559/2513
f 1756/2559/2513 1729/2558/2512 1730/2560/2514
f 1756/2559/2513 1730/2560/2514 1755/2561/2515
f 1755/2561/2515 1730/2560/2514 1731/2562/2516
f 1755/2561/2515 1731/2562/2516 1754/2563/2517
f 1754/2563/2517 1731/2562/2516 1732/2564/2518
f 1754/2563/2517 1732/2564/2518 1753/2565/2519
f 1753/2565/2519 1732/2564/2518 1733/2566/2520
f 1753/2565/2519 1733/2566/2520 1752/2567/2521
f 1752/2567/2521 1733/2566/2520 1734/2568/2522
f 1752/2567/2521 1734/2568/2522 1751/2569/2523
f 1751/2569/2523 1734/2568/2522 1735/2570/2524
f 1751/2569/2523 1735/2570/2524 1750/2571/2525
f 1750/2571/2525 1735/2570/2524 1736/2572/2526
f 1750/2571/2525 1736/2572/2526 1737/2573/2527
f 1738/2574/2528 1748/2575/2529 1737/2573/2527
f 1737/2573/2527 1748/2575/2529 1749/2576/2530
f 1737/2573/2527 1749/2576/2530 1750/2571/2525
f 1748/2575/2529 1738/2574/2528 1747/2577/2531
f 1747/2577/2531 1738/2574/2528 1739/2578/2532
f 1747/2577/2531 1739/2578/2532 1746/2579/2533
f 1746/2579/2533 1739/2578/2532 1740/2580/2534
f 1746/2579/2533 1740/2580/2534 1741/2581/2535
f 1746/2579/2533 1741/2581/2535 1745/2582/2536
f 1745/2582/2536 1741/2581/2535 1742/2583/2537
f 1745/2582/2536 1742/2583/2537 1744/2584/2538
f 1744/2584/2538 1742/2583/2537 1743/2585/2539
f 1769/2542/2496 1770/2586/2540 1722/2540/2494
f 1722/2540/2494 1770/2586/2540 1820/2587/2541
f 1820/2587/2541 1770/2586/2540 1771/2588/2542
f 1820/2587/2541 1771/2588/2542 1772/2589/2543
f 1820/2587/2541 1772/2589/2543 1819/2590/2544
f 1819/2590/2544 1772/2589/2543 1773/2591/2545
f 1819/2590/2544 1773/2591/2545 1774/2592/2546
f 1819/2590/2544 1774/2592/2546 1818/2593/2547
f 1818/2593/2547 1774/2592/2546 1775/2594/2548
f 1818/2593/2547 1775/2594/2548 1776/2595/2549
f 1818/2593/2547 1776/2595/2549 1817/2596/2550
f 1817/2596/2550 1776/2595/2549 1777/2597/2551
f 1817/2596/2550 1777/2597/2551 1778/2598/2552
f 1817/2596/2550 1778/2598/2552 1816/2599/2553
f 1816/2599/2553 1778/2598/2552 1779/2600/2554
f 1816/2599/2553 1779/2600/2554 1780/2601/2555
f 1816/2599/2553 1780/2601/2555 1815/2602/2556
f 1815/2602/2556 1780/2601/2555 1781/2603/2557
f 1815/2602/2556 1781/2603/2557 1782/2604/2558
f 1815/2602/2556 1782/2604/2558 1814/2605/2559
f 1814/2605/2559 1782/2604/2558 1783/2606/2560
f 1814/2605/2559 1783/2606/2560 1813/2607/2561
f 1813/2607/2561 1783/2606/2560 1784/2608/2562
f 1813/2607/2561 1784/2608/2562 1812/2609/2563
f 1812/2609/2563 1784/2608/2562 1785/2610/2564
f 1812/2609/2563 1785/2610/2564 1811/2611/2565
f 1811/2611/2565 1785/2610/2564 1786/2612/2566
f 1811/2611/2565 1786/2612/2566 1810/2613/2567
f 1810/2613/2567 1786/2612/2566 1809/2614/2568
f 1809/2614/2568 1786/2612/2566 1787/2615/2569
f 1809/2614/2568 1787/2615/2569 1808/2616/2570
f 1808/2616/2570 1787/2615/2569 1788/2617/2571
f 1808/2616/2570 1788/2617/2571 1807/2618/2572
f 1807/2618/2572 1788/2617/2571 1789/2619/2573
f 1807/2618/2572 1789/2619/2573 1806/2620/2574
f 1806/2620/2574 1789/2619/2573 1790/2621/2575
f 1806/2620/2574 1790/2621/2575 1805/2622/2576
f 1805/2622/2576 1790/2621/2575 1804/2623/2577
f 1804/2623/2577 1790/2621/2575 1791/2624/2578
f 1804/2623/2577 1791/2624/2578 1803/2625/2579
f 1803/2625/2579 1791/2624/2578 1792/2626/2580
f 1803/2625/2579 1792/2626/2580 1802/2627/2581
f 1802/2627/2581 1792/2626/2580 1793/2628/2582
f 1802/2627/2581 1793/2628/2582 1801/2629/2583
f 1801/2629/2583 1793/2628/2582 1794/2630/2584
f 1801/2629/2583 1794/2630/2584 1795/2631/2585
f 1801/2629/2583 1795/2631/2585 1800/2632/2586
f 1800/2632/2586 1795/2631/2585 1796/2633/2587
f 1800/2632/2586 1796/2633/2587 1799/2634/2588
f 1799/2634/2588 1796/2633/2587 1797/2635/2589
f 1799/2634/2588 1797/2635/2589 1798/2636/2590
f 1796/2637/2591 1087/2638/1389 1797/2639/2592
f 1797/2639/2592 1087/2638/1389 42/2640/1388
f 1797/2639/2592 42/2640/1388 321/2641/2593
f 1087/2638/1389 1796/2637/2591 1088/2642/1390
f 1088/2642/1390 1796/2637/2591 1795/2643/2594
f 1088/2642/1390 1795/2643/2594 1089/2644/1403
f 1089/2644/1403 1795/2643/2594 1794/2645/2595
f 1089/2644/1403 1794/2645/2595 1793/2646/2596
f 1089/2644/1403 1793/2646/2596 1090/2647/1401
f 1090/2647/1401 1793/2646/2596 1792/2648/2597
f 1090/2647/1401 1792/2648/2597 1791/2649/2598
f 1791/2649/2598 1790/2650/2599 1090/2647/1401
f 1090/2647/1401 1790/2650/2599 1789/2651/2600
f 1090/2647/1401 1789/2651/2600 1091/2652/1402
f 1091/2652/1402 1789/2651/2600 1788/2653/2601
f 1091/2652/1402 1788/2653/2601 1787/2654/2602
f 1091/2652/1402 1787/2654/2602 1092/2655/1404
f 1092/2655/1404 1787/2654/2602 1786/2656/2603
f 1092/2655/1404 1786/2656/2603 1093/2657/1408
f 1093/2657/1408 1786/2656/2603 1785/2658/2604
f 1093/2657/1408 1785/2658/2604 1094/2659/1444
f 1094/2659/1444 1785/2658/2604 1784/2660/2605
f 1094/2659/1444 1784/2660/2605 1095/2661/1459
f 1095/2661/1459 1784/2660/2605 1783/2662/2606
f 1095/2661/1459 1783/2662/2606 1096/2663/1457
f 1096/2663/1457 1783/2662/2606 1782/2664/2607
f 1096/2663/1457 1782/2664/2607 1781/2665/2608
f 1096/2663/1457 1781/2665/2608 1097/2666/1458
f 1097/2666/1458 1781/2665/2608 1780/2667/2609
f 1097/2666/1458 1780/2667/2609 1779/2668/2610
f 1097/2666/1458 1779/2668/2610 1098/2669/1462
f 1098/2669/1462 1779/2668/2610 1778/2670/2611
f 1098/2669/1462 1778/2670/2611 1777/2671/2612
f 1098/2669/1462 1777/2671/2612 1099/2672/1464
f 1099/2672/1464 1777/2671/2612 1776/2673/2613
f 1099/2672/1464 1776/2673/2613 1775/2674/2614
f 1099/2672/1464 1775/2674/2614 1100/2675/1466
f 1100/2675/1466 1775/2674/2614 1774/2676/2615
f 1100/2675/1466 1774/2676/2615 1773/2677/2616
f 1100/2675/1466 1773/2677/2616 1101/2678/1468
f 1101/2678/1468 1773/2677/2616 1772/2679/2617
f 1101/2678/1468 1772/2679/2617 1102/2680/1470
f 1102/2680/1470 1772/2679/2617 1771/2681/2618
f 1102/2680/1470 1771/2681/2618 6/2682/2619
f 1771/2681/2620 1770/2683/2621 6/2684/2622
f 6/2684/2622 1770/2683/2621 923/2685/1259
f 923/2685/1259 1770/2683/2621 1769/2686/2623
f 923/2685/1259 1769/2686/2623 924/2687/1257
f 924/2687/1257 1769/2686/2623 1768/2688/2624
f 924/2687/1257 1768/2688/2624 1767/2689/2625
f 924/2687/1257 1767/2689/2625 925/2690/1262
f 925/2690/1262 1767/2689/2625 1766/2691/2626
f 925/2690/1262 1766/2691/2626 926/2692/1263
f 926/2692/1263 1766/2691/2626 1765/2693/2627
f 926/2692/1263 1765/2693/2627 1764/2694/2628
f 926/2692/1263 1764/2694/2628 927/2695/1264
f 927/2695/1264 1764/2694/2628 1763/2696/2629
f 927/2695/1264 1763/2696/2629 928/2697/1265
f 928/2697/1265 1763/2696/2629 1762/2698/2630
f 928/2697/1265 1762/2698/2630 1761/2699/2631
f 928/2697/1265 1761/2699/2631 929/2700/1266
f 929/2700/1266 1761/2699/2631 1760/2701/2632
f 929/2700/1266 1760/2701/2632 1759/2702/2633
f 929/2700/1266 1759/2702/2633 930/2703/1267
f 930/2703/1267 1759/2702/2633 1758/2704/2634
f 930/2703/1267 1758/2704/2634 931/2705/1268
f 931/2705/1268 1758/2704/2634 1757/2706/2635
f 931/2705/1268 1757/2706/2635 1756/2707/2636
f 931/2705/1268 1756/2707/2636 932/2708/1137
f 932/2708/1137 1756/2707/2636 1755/2709/2637
f 932/2708/1137 1755/2709/2637 933/2710/1093
f 933/2710/1093 1755/2709/2637 1754/2711/2638
f 933/2710/1093 1754/2711/2638 934/2712/1088
f 934/2712/1088 1754/2711/2638 1753/2713/2639
f 934/2712/1088 1753/2713/2639 1752/2714/2640
f 1752/2714/2640 1751/2715/2641 934/2712/1088
f 934/2712/1088 1751/2715/2641 935/2716/1086
f 935/2716/1086 1751/2715/2641 1750/2717/2642
f 935/2716/1086 1750/2717/2642 1749/2718/2643
f 1749/2718/2643 1748/2719/2644 935/2716/1086
f 935/2716/1086 1748/2719/2644 1747/2720/2645
f 935/2716/1086 1747/2720/2645 936/2721/1084
f 936/2721/1084 1747/2720/2645 1746/2722/2646
f 936/2721/1084 1746/2722/2646 937/2723/1077
f 937/2723/1077 1746/2722/2646 1745/2724/2647
f 937/2723/1077 1745/2724/2647 938/2725/1075
f 938/2725/1075 1745/2724/2647 1744/2726/2648
f 938/2725/1075 1744/2726/2648 3/2727/1073
f 3/2727/1073 1744/2726/2648 1/2728/2649
f 1/2729/2650 1744/2730/2651 2/2731/2652
f 2/2731/2652 1744/2730/2651 1743/2732/2653
f 2/2731/2652 1743/2732/2653 1403/2733/2654
f 1743/2734/2655 1742/2735/2656 1403/2736/1653
f 1403/2736/1653 1742/2735/2656 1404/2737/1655
f 1404/2737/1655 1742/2735/2656 1741/2738/2657
f 1404/2737/1655 1741/2738/2657 1740/2739/2658
f 1740/2739/2658 1739/2740/2659 1404/2737/1655
f 1404/2737/1655 1739/2740/2659 1405/2741/1657
f 1405/2741/1657 1739/2740/2659 1738/2742/2660
f 1405/2741/1657 1738/2742/2660 1737/2743/2661
f 1737/2743/2661 1736/2744/2662 1405/2741/1657
f 1405/2741/1657 1736/2744/2662 1735/2745/2663
f 1405/2741/1657 1735/2745/2663 1734/2746/2664
f 1405/2741/1657 1734/2746/2664 1406/2747/1659
f 1406/2747/1659 1734/2746/2664 1733/2748/2665
f 1406/2747/1659 1733/2748/2665 1732/2749/2666
f 1406/2747/1659 1732/2749/2666 1407/2750/2440
f 1407/2750/2440 1732/2749/2666 1731/2751/2667
f 1407/2750/2440 1731/2751/2667 1408/2752/2441
f 1408/2752/2441 1731/2751/2667 1730/2753/2668
f 1408/2752/2441 1730/2753/2668 1409/2754/1680
f 1409/2754/1680 1730/2753/2668 1729/2755/2669
f 1409/2754/1680 1729/2755/2669 1410/2756/1681
f 1410/2756/1681 1729/2755/2669 1728/2757/2670
f 1410/2756/1681 1728/2757/2670 1411/2758/2225
f 1411/2758/2225 1728/2757/2670 1727/2759/2671
f 1411/2758/2225 1727/2759/2671 1412/2760/2223
f 1412/2760/2223 1727/2759/2671 1726/2761/2672
f 1412/2760/2223 1726/2761/2672 1413/2762/2221
f 1413/2762/2221 1726/2761/2672 1725/2763/2673
f 1413/2762/2221 1725/2763/2673 1414/2764/2220
f 1414/2764/2220 1725/2763/2673 1415/2765/2219
f 1415/2765/2219 1725/2763/2673 1724/2766/2674
f 1415/2765/2219 1724/2766/2674 1416/2767/2218
f 1416/2767/2218 1724/2766/2674 1723/2768/2675
f 1416/2767/2218 1723/2768/2675 1417/2769/2217
f 1417/2769/2217 1723/2768/2675 1722/2770/2676
f 1722/2771/2677 1820/2772/2678 1417/2773/2679
f 1417/2773/2679 1820/2772/2678 1821/2774/2680
f 1821/2774/2680 1820/2772/2678 1819/2775/2681
f 1821/2774/2680 1819/2775/2681 1431/2776/2682
f 1819/2777/2683 1818/2778/2684 1431/2779/2318
f 1431/2779/2318 1818/2778/2684 1432/2780/2316
f 1432/2780/2316 1818/2778/2684 1817/2781/2685
f 1432/2780/2316 1817/2781/2685 1433/2782/2314
f 1433/2782/2314 1817/2781/2685 1816/2783/2686
f 1433/2782/2314 1816/2783/2686 1434/2784/2312
f 1434/2784/2312 1816/2783/2686 1815/2785/2687
f 1434/2784/2312 1815/2785/2687 1435/2786/2310
f 1435/2786/2310 1815/2785/2687 1814/2787/2688
f 1435/2786/2310 1814/2787/2688 1436/2788/2308
f 1436/2788/2308 1814/2787/2688 1813/2789/2689
f 1436/2788/2308 1813/2789/2689 1437/2790/2306
f 1437/2790/2306 1813/2789/2689 1812/2791/2690
f 1437/2790/2306 1812/2791/2690 1438/2792/2304
f 1438/2792/2304 1812/2791/2690 1811/2793/2691
f 1438/2792/2304 1811/2793/2691 1439/2794/2302
f 1439/2794/2302 1811/2793/2691 1810/2795/2692
f 1439/2794/2302 1810/2795/2692 1440/2796/2301
f 1440/2796/2301 1810/2795/2692 1809/2797/2693
f 1440/2796/2301 1809/2797/2693 1441/2798/2408
f 1441/2798/2408 1809/2797/2693 1808/2799/2694
f 1441/2798/2408 1808/2799/2694 1442/2800/2406
f 1442/2800/2406 1808/2799/2694 1807/2801/2695
f 1442/2800/2406 1807/2801/2695 1806/2802/2696
f 1442/2800/2406 1806/2802/2696 1443/2803/2401
f 1443/2803/2401 1806/2802/2696 1805/2804/2697
f 1443/2803/2401 1805/2804/2697 1804/2805/2698
f 1804/2805/2698 1803/2806/2699 1443/2803/2401
f 1443/2803/2401 1803/2806/2699 1802/2807/2700
f 1443/2803/2401 1802/2807/2700 1444/2808/2402
f 1444/2808/2402 1802/2807/2700 1801/2809/2701
f 1444/2808/2402 1801/2809/2701 1800/2810/2702
f 1800/2810/2702 1799/2811/2703 1444/2808/2402
f 1444/2808/2402 1799/2811/2703 1445/2812/2403
f 1445/2812/2403 1799/2811/2703 1798/2813/2704
f 1445/2814/2705 1798/2815/2706 41/2816/2707
f 41/2816/2707 1798/2815/2706 1797/2817/2708
f 41/2816/2707 1797/2817/2708 321/2818/2709
f 1218/2819/2710 1229/2820/2711 1219/2821/2712
f 1219/2821/2712 1229/2820/2711 1228/2822/2713
f 1219/2821/2712 1228/2822/2713 1401/2823/2714
f 1219/2821/2712 1401/2823/2714 1375/2824/2715
f 1375/2824/2715 1401/2823/2714 1400/2825/2716
f 1375/2824/2715 1400/2825/2716 1376/2826/2717
f 1376/2826/2717 1400/2825/2716 1399/2827/2718
f 1376/2826/2717 1399/2827/2718 1377/2828/2719
f 1377/2828/2719 1399/2827/2718 1398/2829/2720
f 1377/2828/2719 1398/2829/2720 1378/2830/2721
f 1378/2830/2721 1398/2829/2720 1397/2831/2722
f 1378/2830/2721 1397/2831/2722 1379/2832/2723
f 1379/2832/2723 1397/2831/2722 1396/2833/2724
f 1379/2832/2723 1396/2833/2724 1380/2834/2725
f 1380/2834/2725 1396/2833/2724 1395/2835/2726
f 1380/2834/2725 1395/2835/2726 1381/2836/2727
f 1381/2836/2727 1395/2835/2726 1394/2837/2728
f 1381/2836/2727 1394/2837/2728 1382/2838/2729
f 1382/2838/2729 1394/2837/2728 1393/2839/2730
f 1382/2838/2729 1393/2839/2730 1383/2840/2731
f 1383/2840/2731 1393/2839/2730 1392/2841/2732
f 1383/2840/2731 1392/2841/2732 1384/2842/2733
f 1384/2842/2733 1392/2841/2732 1391/2843/2734
f 1384/2842/2733 1391/2843/2734 1385/2844/2735
f 1385/2844/2735 1391/2843/2734 1390/2845/2736
f 1385/2844/2735 1390/2845/2736 1389/2846/2737
f 1388/2847/2738 1387/2848/2739 1389/2846/2737
f 1389/2846/2737 1387/2848/2739 1386/2849/2740
f 1389/2846/2737 1386/2849/2740 1385/2844/2735
f 1227/2850/2741 1230/2851/2742 1218/2852/2743
f 1218/2852/2743 1230/2851/2742 1229/2853/2744
f 1431/2854/2745 1430/2855/2746 1821/2856/2747
f 1821/2856/2747 1430/2855/2746 1822/2857/2748
f 1821/2856/2747 1822/2857/2748 1419/2858/2749
f 1419/2858/2749 1822/2857/2748 1420/2859/2750
f 1420/2859/2750 1822/2857/2748 1421/2860/2751
f 1421/2860/2751 1822/2857/2748 1428/2861/2752
f 1421/2860/2751 1428/2861/2752 1422/2862/2753
f 1422/2862/2753 1428/2861/2752 1427/2863/2754
f 1422/2862/2753 1427/2863/2754 1423/2864/2755
f 1423/2864/2755 1427/2863/2754 1426/2865/2756
f 1423/2864/2755 1426/2865/2756 1424/2866/2757
f 1424/2866/2757 1426/2865/2756 1425/2867/2758
f 1430/2855/2746 1429/2868/2759 1822/2857/2748
f 1822/2857/2748 1429/2868/2759 1428/2861/2752
f 1419/2858/2749 1418/2869/2760 1821/2856/2747
f 1821/2856/2747 1418/2869/2760 1417/2870/2761
f 295/2871/2762 1848/2872/2763 296/2873/2764
f 296/2873/2764 1848/2872/2763 1849/2874/2765
f 296/2873/2764 1849/2874/2765 1840/2875/2766
f 1840/2875/2766 1849/2874/2765 1839/2876/2767
f 1839/2876/2767 1849/2874/2765 1838/2877/2768
f 1838/2877/2768 1849/2874/2765 1850/2878/2769
f 1838/2877/2768 1850/2878/2769 1837/2879/2770
f 1837/2879/2770 1850/2878/2769 1853/2880/2771
f 1837/2879/2770 1853/2880/2771 1836/2881/2772
f 1836/2881/2772 1853/2880/2771 1854/2882/2773
f 1836/2881/2772 1854/2882/2773 1835/2883/2774
f 1835/2883/2774 1854/2882/2773 1855/2884/2775
f 1835/2883/2774 1855/2884/2775 1834/2885/2776
f 1834/2885/2776 1855/2884/2775 1856/2886/2777
f 1834/2885/2776 1856/2886/2777 1833/2887/2778
f 1833/2887/2778 1856/2886/2777 1857/2888/2779
f 1833/2887/2778 1857/2888/2779 1832/2889/2780
f 1832/2889/2780 1857/2888/2779 1858/2890/2781
f 1832/2889/2780 1858/2890/2781 1831/2891/2782
f 1831/2891/2782 1858/2890/2781 1863/2892/2783
f 1831/2891/2782 1863/2892/2783 1830/2893/2784
f 1830/2893/2784 1863/2892/2783 1829/2894/2785
f 1829/2894/2785 1863/2892/2783 1828/2895/2786
f 1828/2895/2786 1863/2892/2783 2010/2896/2787
f 1828/2895/2786 2010/2896/2787 1827/2897/2788
f 1827/2897/2788 2010/2896/2787 2011/2898/2789
f 1827/2897/2788 2011/2898/2789 2014/2899/2790
f 2014/2899/2790 2011/2898/2789 2012/2900/2791
f 2014/2899/2790 2012/2900/2791 2013/2901/2792
f 2013/2901/2792 2012/2900/2791 1716/2902/2793
f 2013/2901/2792 1716/2902/2793 1846/2903/2794
f 1846/2903/2794 1716/2902/2793 2025/2904/2795
f 1846/2903/2794 2025/2904/2795 2024/2905/2796
f 2024/2905/2796 2025/2904/2795 1715/2906/2797
f 2024/2905/2796 1715/2906/2797 2018/2907/2798
f 2018/2907/2798 1715/2906/2797 2019/2908/2799
f 2018/2907/2798 2019/2908/2799 2020/2909/2800
f 2020/2909/2800 2019/2908/2799 1714/2910/2801
f 2020/2909/2800 1714/2910/2801 2022/2911/2802
f 2022/2911/2802 1714/2910/2801 319/2912/2803
f 2022/2911/2802 319/2912/2803 1847/2913/2804
f 1847/2913/2804 319/2912/2803 318/2914/2805
f 1847/2913/2804 318/2914/2805 2021/2915/2806
f 2021/2915/2806 318/2914/2805 317/2916/2807
f 2021/2915/2806 317/2916/2807 2016/2917/2808
f 2016/2917/2808 317/2916/2807 1823/2918/2809
f 2016/2917/2808 1823/2918/2809 2017/2919/2810
f 2017/2919/2810 1823/2918/2809 2023/2920/2811
f 2017/2919/2810 2023/2920/2811 2024/2905/2796
f 2024/2905/2796 2023/2920/2811 2027/2921/2812
f 2024/2905/2796 2027/2921/2812 1846/2903/2794
f 1846/2903/2794 2027/2921/2812 2013/2901/2792
f 295/2871/2762 545/2922/2813 1848/2872/2763
f 1848/2872/2763 545/2922/2813 1851/2923/2814
f 1848/2872/2763 1851/2923/2814 1852/2924/2815
f 1852/2924/2815 1851/2923/2814 1868/2925/2816
f 1852/2924/2815 1868/2925/2816 1869/2926/2817
f 1869/2926/2817 1868/2925/2816 1883/2927/2818
f 1869/2926/2817 1883/2927/2818 1884/2928/2819
f 1884/2928/2819 1883/2927/2818 1899/2929/2820
f 1884/2928/2819 1899/2929/2820 1900/2930/2821
f 1900/2930/2821 1899/2929/2820 1917/2931/2822
f 1900/2930/2821 1917/2931/2822 1918/2932/2823
f 1918/2932/2823 1917/2931/2822 1936/2933/2824
f 1918/2932/2823 1936/2933/2824 1937/2934/2825
f 1937/2934/2825 1936/2933/2824 1944/2935/2826
f 1937/2934/2825 1944/2935/2826 1943/2936/2827
f 1943/2936/2827 1944/2935/2826 1971/2937/2828
f 1943/2936/2827 1971/2937/2828 1972/2938/2829
f 1972/2938/2829 1971/2937/2828 1986/2939/2830
f 1972/2938/2829 1986/2939/2830 1941/2940/2831
f 1941/2940/2831 1986/2939/2830 1842/2941/2832
f 1941/2940/2831 1842/2941/2832 1718/2942/2833
f 1718/2942/2833 1842/2941/2832 1998/2943/2834
f 1718/2942/2833 1998/2943/2834 2002/2944/2835
f 2002/2944/2835 1998/2943/2834 1997/2945/2836
f 2002/2944/2835 1997/2945/2836 2001/2946/2837
f 2001/2946/2837 1997/2945/2836 642/2947/2838
f 2001/2946/2837 642/2947/2838 641/2948/2839
f 545/2922/2813 544/2949/2840 1851/2923/2814
f 1851/2923/2814 544/2949/2840 543/2950/2841
f 1851/2923/2814 543/2950/2841 542/2951/2842
f 541/2952/2843 1866/2953/2844 542/2951/2842
f 542/2951/2842 1866/2953/2844 1867/2954/2845
f 542/2951/2842 1867/2954/2845 1851/2923/2814
f 1851/2923/2814 1867/2954/2845 1868/2925/2816
f 1866/2953/2844 541/2952/2843 1865/2955/2846
f 1865/2955/2846 541/2952/2843 540/2956/2847
f 1865/2955/2846 540/2956/2847 290/2957/2848
f 1865/2955/2846 290/2957/2848 1864/2958/2849
f 1864/2958/2849 290/2957/2848 289/2959/2850
f 1864/2958/2849 289/2959/2850 1878/2960/2851
f 1878/2960/2851 289/2959/2850 1877/2961/2852
f 1878/2960/2851 1877/2961/2852 1893/2962/2853
f 1893/2962/2853 1877/2961/2852 1892/2963/2854
f 1893/2962/2853 1892/2963/2854 1910/2964/2855
f 1910/2964/2855 1892/2963/2854 1909/2965/2856
f 1910/2964/2855 1909/2965/2856 1928/2966/2857
f 1928/2966/2857 1909/2965/2856 1927/2967/2858
f 1928/2966/2857 1927/2967/2858 1953/2968/2859
f 1953/2968/2859 1927/2967/2858 1954/2969/2860
f 1953/2968/2859 1954/2969/2860 1961/2970/2861
f 1961/2970/2861 1954/2969/2860 1960/2971/2862
f 1961/2970/2861 1960/2971/2862 1975/2972/2863
f 1975/2972/2863 1960/2971/2862 1974/2973/2864
f 1975/2972/2863 1974/2973/2864 274/2974/2865
f 274/2974/2865 1974/2973/2864 275/2975/2866
f 275/2975/2866 1974/2973/2864 1960/2971/2862
f 275/2975/2866 1960/2971/2862 1959/2976/2867
f 1959/2976/2867 1960/2971/2862 1955/2977/2868
f 1959/2976/2867 1955/2977/2868 1956/2978/2869
f 1956/2978/2869 1955/2977/2868 1925/2979/2870
f 1956/2978/2869 1925/2979/2870 1924/2980/2871
f 1924/2980/2871 1925/2979/2870 1906/2981/2872
f 1924/2980/2871 1906/2981/2872 287/2982/2873
f 287/2982/2873 1906/2981/2872 1907/2983/2874
f 287/2982/2873 1907/2983/2874 1890/2984/2875
f 1890/2984/2875 1907/2983/2874 1908/2985/2876
f 1890/2984/2875 1908/2985/2876 1891/2986/2877
f 1891/2986/2877 1908/2985/2876 1909/2965/2856
f 1891/2986/2877 1909/2965/2856 1892/2963/2854
f 1877/2961/2852 289/2959/2850 1876/2987/2878
f 1876/2987/2878 289/2959/2850 288/2988/2879
f 1876/2987/2878 288/2988/2879 1891/2986/2877
f 1891/2986/2877 288/2988/2879 1890/2984/2875
f 288/2988/2879 287/2982/2873 1890/2984/2875
f 287/2982/2873 278/2989/2880 1924/2980/2871
f 1924/2980/2871 278/2989/2880 1923/2990/2881
f 1924/2980/2871 1923/2990/2881 277/2991/2882
f 277/2991/2882 1923/2990/2881 278/2989/2880
f 1924/2980/2871 277/2991/2882 1957/2992/2883
f 1957/2992/2883 277/2991/2882 276/2993/2884
f 1957/2992/2883 276/2993/2884 1958/2994/2885
f 1958/2994/2885 276/2993/2884 1959/2976/2867
f 1958/2994/2885 1959/2976/2867 1956/2978/2869
f 276/2993/2884 275/2975/2866 1959/2976/2867
f 1975/2972/2863 274/2974/2865 1976/2995/2886
f 1976/2995/2886 274/2974/2865 801/2996/2887
f 1976/2995/2886 801/2996/2887 800/2997/2888
f 1976/2995/2886 800/2997/2888 1977/2998/2889
f 1977/2998/2889 800/2997/2888 799/2999/2890
f 1977/2998/2889 799/2999/2890 798/3000/2891
f 797/3001/2892 1987/3002/2893 798/3000/2891
f 798/3000/2891 1987/3002/2893 1978/3003/2894
f 798/3000/2891 1978/3003/2894 1977/2998/2889
f 1977/2998/2889 1978/3003/2894 1963/3004/2895
f 1977/2998/2889 1963/3004/2895 1962/3005/2896
f 1962/3005/2896 1963/3004/2895 1952/3006/2897
f 1962/3005/2896 1952/3006/2897 1953/2968/2859
f 1953/2968/2859 1952/3006/2897 1928/2966/2857
f 797/3001/2892 796/3007/2898 1987/3002/2893
f 1987/3002/2893 796/3007/2898 269/3008/2899
f 1987/3002/2893 269/3008/2899 1988/3009/2900
f 1988/3009/2900 269/3008/2899 1999/3010/2901
f 1988/3009/2900 1999/3010/2901 651/3011/2902
f 651/3011/2902 1999/3010/2901 652/3012/2903
f 652/3012/2903 1999/3010/2901 653/3013/2904
f 653/3013/2904 1999/3010/2901 268/3014/2905
f 268/3014/2905 1999/3010/2901 269/3008/2899
f 1988/3009/2900 651/3011/2902 1989/3015/2906
f 1989/3015/2906 651/3011/2902 650/3016/2907
f 1989/3015/2906 650/3016/2907 1990/3017/2908
f 1990/3017/2908 650/3016/2907 649/3018/2909
f 1990/3017/2908 649/3018/2909 1991/3019/2910
f 1991/3019/2910 649/3018/2909 1992/3020/2911
f 1991/3019/2910 1992/3020/2911 1982/3021/2912
f 1982/3021/2912 1992/3020/2911 1983/3022/2913
f 1982/3021/2912 1983/3022/2913 1968/3023/2914
f 1968/3023/2914 1983/3022/2913 1969/3024/2915
f 1968/3023/2914 1969/3024/2915 1946/3025/2916
f 1946/3025/2916 1969/3024/2915 1945/3026/2917
f 1946/3025/2916 1945/3026/2917 1935/3027/2918
f 1935/3027/2918 1945/3026/2917 1936/2933/2824
f 1935/3027/2918 1936/2933/2824 1917/2931/2822
f 649/3018/2909 648/3028/2919 1992/3020/2911
f 1992/3020/2911 648/3028/2919 1993/3029/2920
f 1992/3020/2911 1993/3029/2920 1983/3022/2913
f 1983/3022/2913 1993/3029/2920 1984/3030/2921
f 1983/3022/2913 1984/3030/2921 1969/3024/2915
f 1969/3024/2915 1984/3030/2921 1970/3031/2922
f 1969/3024/2915 1970/3031/2922 1945/3026/2917
f 1945/3026/2917 1970/3031/2922 1944/2935/2826
f 1945/3026/2917 1944/2935/2826 1936/2933/2824
f 648/3028/2919 647/3032/2923 1993/3029/2920
f 1993/3029/2920 647/3032/2923 646/3033/2924
f 1993/3029/2920 646/3033/2924 645/3034/2925
f 644/3035/2926 1996/3036/2927 645/3034/2925
f 645/3034/2925 1996/3036/2927 1994/3037/2928
f 645/3034/2925 1994/3037/2928 1993/3029/2920
f 1993/3029/2920 1994/3037/2928 1984/3030/2921
f 644/3035/2926 643/3038/2929 1996/3036/2927
f 1996/3036/2927 643/3038/2929 642/2947/2838
f 1996/3036/2927 642/2947/2838 1997/2945/2836
f 2001/2946/2837 641/2948/2839 2000/3039/2930
f 2000/3039/2930 641/2948/2839 640/3040/2931
f 2000/3039/2930 640/3040/2931 2003/3041/2932
f 2003/3041/2932 640/3040/2931 639/3042/2933
f 2003/3041/2932 639/3042/2933 2006/3043/2934
f 2006/3043/2934 639/3042/2933 638/3044/2935
f 2006/3043/2934 638/3044/2935 2005/3045/2936
f 2005/3045/2936 638/3044/2935 249/3046/2937
f 2005/3045/2936 249/3046/2937 248/3047/2938
f 2005/3045/2936 248/3047/2938 2008/3048/2939
f 2008/3048/2939 248/3047/2938 247/3049/2940
f 2008/3048/2939 247/3049/2940 1720/3050/2941
f 1719/3051/2942 2007/3052/2943 1720/3050/2941
f 1720/3050/2941 2007/3052/2943 2006/3043/2934
f 1720/3050/2941 2006/3043/2934 2009/3053/2944
f 2009/3053/2944 2006/3043/2934 2005/3045/2936
f 2009/3053/2944 2005/3045/2936 2008/3048/2939
f 2007/3052/2943 1719/3051/2942 1841/3054/2945
f 1841/3054/2945 1719/3051/2942 1718/2942/2833
f 1841/3054/2945 1718/2942/2833 2002/2944/2835
f 1718/2942/2833 1717/3055/2946 1941/2940/2831
f 1941/2940/2831 1717/3055/2946 1973/3056/2947
f 1941/2940/2831 1973/3056/2947 1972/2938/2829
f 1972/2938/2829 1973/3056/2947 1942/3057/2948
f 1972/2938/2829 1942/3057/2948 1943/2936/2827
f 1943/2936/2827 1942/3057/2948 1938/3058/2949
f 1943/2936/2827 1938/3058/2949 1937/2934/2825
f 1937/2934/2825 1938/3058/2949 1919/3059/2950
f 1937/2934/2825 1919/3059/2950 1918/2932/2823
f 1918/2932/2823 1919/3059/2950 1901/3060/2951
f 1918/2932/2823 1901/3060/2951 1900/2930/2821
f 1900/2930/2821 1901/3060/2951 1885/3061/2952
f 1900/2930/2821 1885/3061/2952 1884/2928/2819
f 1884/2928/2819 1885/3061/2952 1870/3062/2953
f 1884/2928/2819 1870/3062/2953 1869/2926/2817
f 1869/2926/2817 1870/3062/2953 1853/2880/2771
f 1869/2926/2817 1853/2880/2771 1852/2924/2815
f 1852/2924/2815 1853/2880/2771 1849/2874/2765
f 1852/2924/2815 1849/2874/2765 1848/2872/2763
f 1716/2902/2793 1844/3063/2954 1717/3055/2946
f 1717/3055/2946 1844/3063/2954 1905/3064/2955
f 1717/3055/2946 1905/3064/2955 1922/3065/2956
f 1922/3065/2956 1905/3064/2955 1904/3066/2957
f 1922/3065/2956 1904/3066/2957 1921/3067/2958
f 1921/3067/2958 1904/3066/2957 1903/3068/2959
f 1921/3067/2958 1903/3068/2959 1920/3069/2960
f 1920/3069/2960 1903/3068/2959 1902/3070/2961
f 1920/3069/2960 1902/3070/2961 1919/3059/2950
f 1919/3059/2950 1902/3070/2961 1901/3060/2951
f 1716/2902/2793 1715/2906/2797 2025/2904/2795
f 1715/2906/2797 1714/2910/2801 2019/2908/2799
f 1823/2918/2809 1824/3071/2962 2023/2920/2811
f 2023/2920/2811 1824/3071/2962 2026/3072/2963
f 2023/2920/2811 2026/3072/2963 2027/2921/2812
f 2027/2921/2812 2026/3072/2963 2014/2899/2790
f 2027/2921/2812 2014/2899/2790 2013/2901/2792
f 1824/3071/2962 1825/3073/2964 2026/3072/2963
f 2026/3072/2963 1825/3073/2964 2015/3074/2965
f 2026/3072/2963 2015/3074/2965 2014/2899/2790
f 2014/2899/2790 2015/3074/2965 1826/3075/2966
f 2014/2899/2790 1826/3075/2966 1827/2897/2788
f 1825/3073/2964 1826/3075/2966 2015/3074/2965
f 1843/3076/2967 1717/3055/2946 1940/3077/2968
f 1940/3077/2968 1717/3055/2946 1922/3065/2956
f 1940/3077/2968 1922/3065/2956 1921/3067/2958
f 1716/2902/2793 1861/3078/2969 1844/3063/2954
f 1844/3063/2954 1861/3078/2969 1875/3079/2970
f 1844/3063/2954 1875/3079/2970 1889/3080/2971
f 1889/3080/2971 1875/3079/2970 1874/3081/2972
f 1889/3080/2971 1874/3081/2972 1888/3082/2973
f 1888/3082/2973 1874/3081/2972 1873/3083/2974
f 1888/3082/2973 1873/3083/2974 1887/3084/2975
f 1887/3084/2975 1873/3083/2974 1872/3085/2976
f 1887/3084/2975 1872/3085/2976 1886/3086/2977
f 1886/3086/2977 1872/3085/2976 1871/3087/2978
f 1886/3086/2977 1871/3087/2978 1885/3061/2952
f 1885/3061/2952 1871/3087/2978 1870/3062/2953
f 1716/2902/2793 2012/2900/2791 1845/3088/2979
f 1845/3088/2979 2012/2900/2791 2011/2898/2789
f 1845/3088/2979 2011/2898/2789 1862/3089/2980
f 1862/3089/2980 2011/2898/2789 2010/2896/2787
f 1862/3089/2980 2010/2896/2787 1863/2892/2783
f 1853/2880/2771 1850/2878/2769 1849/2874/2765
f 1853/2880/2771 1870/3062/2953 1854/2882/2773
f 1854/2882/2773 1870/3062/2953 1871/3087/2978
f 1854/2882/2773 1871/3087/2978 1855/2884/2775
f 1855/2884/2775 1871/3087/2978 1872/3085/2976
f 1855/2884/2775 1872/3085/2976 1856/2886/2777
f 1856/2886/2777 1872/3085/2976 1873/3083/2974
f 1856/2886/2777 1873/3083/2974 1857/2888/2779
f 1857/2888/2779 1873/3083/2974 1874/3081/2972
f 1857/2888/2779 1874/3081/2972 1858/2890/2781
f 1858/2890/2781 1874/3081/2972 1875/3079/2970
f 1858/2890/2781 1875/3079/2970 1859/3090/2981
f 1859/3090/2981 1875/3079/2970 1861/3078/2969
f 1859/3090/2981 1861/3078/2969 1860/3091/2982
f 1860/3091/2982 1861/3078/2969 1716/2902/2793
f 1860/3091/2982 1716/2902/2793 1845/3088/2979
f 1862/3089/2980 1863/2892/2783 1859/3090/2981
f 1859/3090/2981 1863/2892/2783 1858/2890/2781
f 1845/3088/2979 1862/3089/2980 1860/3091/2982
f 1860/3091/2982 1862/3089/2980 1859/3090/2981
f 1865/2955/2846 1864/2958/2849 1879/3092/2983
f 1879/3092/2983 1864/2958/2849 1878/2960/2851
f 1879/3092/2983 1878/2960/2851 1894/3093/2984
f 1894/3093/2984 1878/2960/2851 1893/2962/2853
f 1894/3093/2984 1893/2962/2853 1911/3094/2985
f 1911/3094/2985 1893/2962/2853 1910/2964/2855
f 1911/3094/2985 1910/2964/2855 1929/3095/2986
f 1929/3095/2986 1910/2964/2855 1928/2966/2857
f 1929/3095/2986 1928/2966/2857 1952/3006/2897
f 1866/2953/2844 1865/2955/2846 1880/3096/2987
f 1880/3096/2987 1865/2955/2846 1879/3092/2983
f 1880/3096/2987 1879/3092/2983 1895/3097/2988
f 1895/3097/2988 1879/3092/2983 1894/3093/2984
f 1895/3097/2988 1894/3093/2984 1912/3098/2989
f 1912/3098/2989 1894/3093/2984 1911/3094/2985
f 1912/3098/2989 1911/3094/2985 1930/3099/2990
f 1930/3099/2990 1911/3094/2985 1929/3095/2986
f 1930/3099/2990 1929/3095/2986 1951/3100/2991
f 1951/3100/2991 1929/3095/2986 1952/3006/2897
f 1951/3100/2991 1952/3006/2897 1963/3004/2895
f 1867/2954/2845 1866/2953/2844 1881/3101/2992
f 1881/3101/2992 1866/2953/2844 1880/3096/2987
f 1881/3101/2992 1880/3096/2987 1896/3102/2993
f 1896/3102/2993 1880/3096/2987 1895/3097/2988
f 1896/3102/2993 1895/3097/2988 1913/3103/2994
f 1913/3103/2994 1895/3097/2988 1912/3098/2989
f 1913/3103/2994 1912/3098/2989 1931/3104/2995
f 1931/3104/2995 1912/3098/2989 1930/3099/2990
f 1931/3104/2995 1930/3099/2990 1950/3105/2996
f 1950/3105/2996 1930/3099/2990 1951/3100/2991
f 1950/3105/2996 1951/3100/2991 1964/3106/2997
f 1964/3106/2997 1951/3100/2991 1963/3004/2895
f 1964/3106/2997 1963/3004/2895 1978/3003/2894
f 1868/2925/2816 1867/2954/2845 1882/3107/2998
f 1882/3107/2998 1867/2954/2845 1881/3101/2992
f 1882/3107/2998 1881/3101/2992 1897/3108/2999
f 1897/3108/2999 1881/3101/2992 1896/3102/2993
f 1897/3108/2999 1896/3102/2993 1914/3109/3000
f 1914/3109/3000 1896/3102/2993 1913/3103/2994
f 1914/3109/3000 1913/3103/2994 1932/3110/3001
f 1932/3110/3001 1913/3103/2994 1931/3104/2995
f 1932/3110/3001 1931/3104/2995 1949/3111/3002
f 1949/3111/3002 1931/3104/2995 1950/3105/2996
f 1949/3111/3002 1950/3105/2996 1965/3112/3003
f 1965/3112/3003 1950/3105/2996 1964/3106/2997
f 1965/3112/3003 1964/3106/2997 1979/3113/3004
f 1979/3113/3004 1964/3106/2997 1978/3003/2894
f 1979/3113/3004 1978/3003/2894 1988/3009/2900
f 1988/3009/2900 1978/3003/2894 1987/3002/2893
f 1892/2963/2854 1877/2961/2852 1876/2987/2878
f 1891/2986/2877 1892/2963/2854 1876/2987/2878
f 1868/2925/2816 1882/3107/2998 1883/2927/2818
f 1883/2927/2818 1882/3107/2998 1898/3114/3005
f 1883/2927/2818 1898/3114/3005 1899/2929/2820
f 1899/2929/2820 1898/3114/3005 1916/3115/3006
f 1899/2929/2820 1916/3115/3006 1917/2931/2822
f 1917/2931/2822 1916/3115/3006 1935/3027/2918
f 1898/3114/3005 1882/3107/2998 1897/3108/2999
f 1885/3061/2952 1901/3060/2951 1886/3086/2977
f 1886/3086/2977 1901/3060/2951 1902/3070/2961
f 1886/3086/2977 1902/3070/2961 1887/3084/2975
f 1887/3084/2975 1902/3070/2961 1903/3068/2959
f 1887/3084/2975 1903/3068/2959 1888/3082/2973
f 1888/3082/2973 1903/3068/2959 1904/3066/2957
f 1888/3082/2973 1904/3066/2957 1889/3080/2971
f 1889/3080/2971 1904/3066/2957 1905/3064/2955
f 1889/3080/2971 1905/3064/2955 1844/3063/2954
f 1898/3114/3005 1897/3108/2999 1915/3116/3007
f 1915/3116/3007 1897/3108/2999 1914/3109/3000
f 1915/3116/3007 1914/3109/3000 1933/3117/3008
f 1933/3117/3008 1914/3109/3000 1932/3110/3001
f 1933/3117/3008 1932/3110/3001 1948/3118/3009
f 1948/3118/3009 1932/3110/3001 1949/3111/3002
f 1948/3118/3009 1949/3111/3002 1966/3119/3010
f 1966/3119/3010 1949/3111/3002 1965/3112/3003
f 1966/3119/3010 1965/3112/3003 1980/3120/3011
f 1980/3120/3011 1965/3112/3003 1979/3113/3004
f 1980/3120/3011 1979/3113/3004 1989/3015/2906
f 1989/3015/2906 1979/3113/3004 1988/3009/2900
f 1906/2981/2872 1925/2979/2870 1907/2983/2874
f 1907/2983/2874 1925/2979/2870 1926/3121/3012
f 1907/2983/2874 1926/3121/3012 1908/2985/2876
f 1908/2985/2876 1926/3121/3012 1927/2967/2858
f 1908/2985/2876 1927/2967/2858 1909/2965/2856
f 1898/3114/3005 1915/3116/3007 1916/3115/3006
f 1916/3115/3006 1915/3116/3007 1934/3122/3013
f 1916/3115/3006 1934/3122/3013 1935/3027/2918
f 1935/3027/2918 1934/3122/3013 1946/3025/2916
f 1934/3122/3013 1915/3116/3007 1933/3117/3008
f 1919/3059/2950 1938/3058/2949 1920/3069/2960
f 1920/3069/2960 1938/3058/2949 1939/3123/3014
f 1920/3069/2960 1939/3123/3014 1921/3067/2958
f 1921/3067/2958 1939/3123/3014 1940/3077/2968
f 1954/2969/2860 1927/2967/2858 1926/3121/3012
f 1954/2969/2860 1926/3121/3012 1955/2977/2868
f 1955/2977/2868 1926/3121/3012 1925/2979/2870
f 1934/3122/3013 1933/3117/3008 1947/3124/3015
f 1947/3124/3015 1933/3117/3008 1948/3118/3009
f 1947/3124/3015 1948/3118/3009 1967/3125/3016
f 1967/3125/3016 1948/3118/3009 1966/3119/3010
f 1967/3125/3016 1966/3119/3010 1981/3126/3017
f 1981/3126/3017 1966/3119/3010 1980/3120/3011
f 1981/3126/3017 1980/3120/3011 1990/3017/2908
f 1990/3017/2908 1980/3120/3011 1989/3015/2906
f 1843/3076/2967 1940/3077/2968 1939/3123/3014
f 1843/3076/2967 1939/3123/3014 1942/3057/2948
f 1942/3057/2948 1939/3123/3014 1938/3058/2949
f 1942/3057/2948 1973/3056/2947 1843/3076/2967
f 1843/3076/2967 1973/3056/2947 1717/3055/2946
f 1971/2937/2828 1944/2935/2826 1970/3031/2922
f 1946/3025/2916 1947/3124/3015 1968/3023/2914
f 1968/3023/2914 1947/3124/3015 1967/3125/3016
f 1968/3023/2914 1967/3125/3016 1982/3021/2912
f 1982/3021/2912 1967/3125/3016 1981/3126/3017
f 1982/3021/2912 1981/3126/3017 1991/3019/2910
f 1991/3019/2910 1981/3126/3017 1990/3017/2908
f 1947/3124/3015 1946/3025/2916 1934/3122/3013
f 1962/3005/2896 1953/2968/2859 1961/2970/2861
f 1954/2969/2860 1955/2977/2868 1960/2971/2862
f 1924/2980/2871 1957/2992/2883 1956/2978/2869
f 1956/2978/2869 1957/2992/2883 1958/2994/2885
f 1975/2972/2863 1976/2995/2886 1961/2970/2861
f 1961/2970/2861 1976/2995/2886 1962/3005/2896
f 1976/2995/2886 1977/2998/2889 1962/3005/2896
f 1971/2937/2828 1970/3031/2922 1985/3127/3018
f 1985/3127/3018 1970/3031/2922 1984/3030/2921
f 1985/3127/3018 1984/3030/2921 1994/3037/2928
f 1971/2937/2828 1985/3127/3018 1986/2939/2830
f 1986/2939/2830 1985/3127/3018 1995/3128/3019
f 1986/2939/2830 1995/3128/3019 1842/2941/2832
f 1842/2941/2832 1995/3128/3019 1998/2943/2834
f 1995/3128/3019 1985/3127/3018 1994/3037/2928
f 1996/3036/2927 1997/2945/2836 1994/3037/2928
f 1994/3037/2928 1997/2945/2836 1995/3128/3019
f 1997/2945/2836 1998/2943/2834 1995/3128/3019
f 1841/3054/2945 2002/2944/2835 2001/2946/2837
f 2001/2946/2837 2000/3039/2930 2004/3129/3020
f 2004/3129/3020 2000/3039/2930 2003/3041/2932
f 2004/3129/3020 2003/3041/2932 2007/3052/2943
f 2007/3052/2943 2003/3041/2932 2006/3043/2934
f 2007/3052/2943 1841/3054/2945 2004/3129/3020
f 2004/3129/3020 1841/3054/2945 2001/2946/2837
f 1720/3050/2941 2009/3053/2944 2008/3048/2939
f 2016/2917/2808 2017/2919/2810 2021/2915/2806
f 2021/2915/2806 2017/2919/2810 2020/2909/2800
f 2021/2915/2806 2020/2909/2800 1847/2913/2804
f 1847/2913/2804 2020/2909/2800 2022/2911/2802
f 2024/2905/2796 2018/2907/2798 2017/2919/2810
f 2017/2919/2810 2018/2907/2798 2020/2909/2800
f 317/3130/3021 316/3131/3022 1823/3132/3023
f 1823/3132/3023 316/3131/3022 315/3133/3024
f 1823/3132/3023 315/3133/3024 1824/3134/3025
f 1824/3134/3025 315/3133/3024 314/3135/3026
f 1824/3134/3025 314/3135/3026 1825/3136/3027
f 1825/3136/3027 314/3135/3026 313/3137/3028
f 1825/3136/3027 313/3137/3028 312/3138/3029
f 1825/3136/3027 312/3138/3029 1826/3139/3030
f 1826/3139/3030 312/3138/3029 311/3140/3031
f 1826/3139/3030 311/3140/3031 1827/3141/3032
f 1827/3141/3032 311/3140/3031 310/3142/3033
f 1827/3141/3032 310/3142/3033 1828/3143/3034
f 1828/3143/3034 310/3142/3033 309/3144/3035
f 1828/3143/3034 309/3144/3035 1829/3145/3036
f 1829/3145/3036 309/3144/3035 1830/3146/3037
f 1830/3146/3037 309/3144/3035 308/3147/3038
f 1830/3146/3037 308/3147/3038 1831/3148/3039
f 1831/3148/3039 308/3147/3038 1832/3149/3040
f 1832/3149/3040 308/3147/3038 307/3150/3041
f 1832/3149/3040 307/3150/3041 1833/3151/3042
f 1833/3151/3042 307/3150/3041 1834/3152/3043
f 1834/3152/3043 307/3150/3041 306/3153/3044
f 1834/3152/3043 306/3153/3044 1835/3154/3045
f 1835/3154/3045 306/3153/3044 305/3155/3046
f 1835/3154/3045 305/3155/3046 1836/3156/3047
f 1836/3156/3047 305/3155/3046 304/3157/3048
f 1836/3156/3047 304/3157/3048 1837/3158/3049
f 1837/3158/3049 304/3157/3048 303/3159/3050
f 1837/3158/3049 303/3159/3050 302/3160/3051
f 1837/3158/3049 302/3160/3051 1838/3161/3052
f 1838/3161/3052 302/3160/3051 301/3162/3053
f 1838/3161/3052 301/3162/3053 300/3163/3054
f 1838/3161/3052 300/3163/3054 1839/3164/3055
f 1839/3164/3055 300/3163/3054 299/3165/3056
f 1839/3164/3055 299/3165/3056 1840/3166/3057
f 1840/3166/3057 299/3165/3056 298/3167/3058
f 1840/3166/3057 298/3167/3058 297/3168/3059
f 297/3168/3059 296/3169/3060 1840/3166/3057
f 94/3170/3061 2039/3171/3062 95/3172/3063
f 95/3172/3063 2039/3171/3062 1335/3173/3064
f 95/3172/3063 1335/3173/3064 2038/3174/3065
f 2038/3174/3065 1335/3173/3064 1334/3175/3066
f 2038/3174/3065 1334/3175/3066 1037/3176/3067
f 1037/3176/3067 1334/3175/3066 1038/3177/3068
f 1038/3177/3068 1334/3175/3066 2036/3178/3069
f 1038/3177/3068 2036/3178/3069 2037/3179/3070
f 2037/3179/3070 2036/3178/3069 1333/3180/3071
f 2037/3179/3070 1333/3180/3071 1332/3181/3072
f 93/3182/3073 2035/3183/3074 94/3170/3061
f 94/3170/3061 2035/3183/3074 1336/3184/3075
f 94/3170/3061 1336/3184/3075 2039/3171/3062
f 2039/3171/3062 1336/3184/3075 1335/3173/3064
f 2035/3183/3074 93/3182/3073 1338/3185/3076
f 1338/3185/3076 93/3182/3073 92/3186/3077
f 1338/3185/3076 92/3186/3077 1339/3187/3078
f 1339/3187/3078 92/3186/3077 91/3188/3079
f 1339/3187/3078 91/3188/3079 1340/3189/3080
f 1340/3189/3080 91/3188/3079 90/3190/3081
f 1340/3189/3080 90/3190/3081 2052/3191/3082
f 2052/3191/3082 90/3190/3081 1341/3192/3083
f 2052/3191/3082 1341/3192/3083 1340/3189/3080
f 90/3190/3081 89/3193/3084 1341/3192/3083
f 1341/3192/3083 89/3193/3084 1342/3194/3085
f 1342/3194/3085 89/3193/3084 2053/3195/3086
f 1342/3194/3085 2053/3195/3086 1343/3196/3087
f 1343/3196/3087 2053/3195/3086 88/3197/3088
f 1343/3196/3087 88/3197/3088 1344/3198/3089
f 1344/3198/3089 88/3197/3088 87/3199/3090
f 1344/3198/3089 87/3199/3090 2034/3200/3091
f 2034/3200/3091 87/3199/3090 86/3201/3092
f 2034/3200/3091 86/3201/3092 2033/3202/3093
f 2033/3202/3093 86/3201/3092 2032/3203/3094
f 2033/3202/3093 2032/3203/3094 1346/3204/3095
f 1346/3204/3095 2032/3203/3094 1347/3205/3096
f 1347/3205/3096 2032/3203/3094 2031/3206/3097
f 1347/3205/3096 2031/3206/3097 2030/3207/3098
f 2030/3207/3098 2031/3206/3097 83/3208/3099
f 2030/3207/3098 83/3208/3099 1120/3209/3100
f 89/3193/3084 88/3197/3088 2053/3195/3086
f 86/3201/3092 85/3210/3101 2032/3203/3094
f 2032/3203/3094 85/3210/3101 84/3211/3102
f 2032/3203/3094 84/3211/3102 2031/3206/3097
f 2031/3206/3097 84/3211/3102 83/3208/3099
f 1119/3212/3103 2028/3213/3104 1120/3209/3100
f 1120/3209/3100 2028/3213/3104 2029/3214/3105
f 1120/3209/3100 2029/3214/3105 2030/3207/3098
f 2030/3207/3098 2029/3214/3105 1348/3215/3106
f 2030/3207/3098 1348/3215/3106 1347/3205/3096
f 1118/3216/3107 1350/3217/3108 1119/3212/3103
f 1119/3212/3103 1350/3217/3108 1349/3218/3109
f 1119/3212/3103 1349/3218/3109 2028/3213/3104
f 2028/3213/3104 1349/3218/3109 1348/3215/3106
f 2028/3213/3104 1348/3215/3106 2029/3214/3105
f 1350/3217/3108 1118/3216/3107 1351/3219/3110
f 1351/3219/3110 1118/3216/3107 1117/3220/3111
f 1351/3219/3110 1117/3220/3111 1352/3221/3112
f 1352/3221/3112 1117/3220/3111 1116/3222/3113
f 1352/3221/3112 1116/3222/3113 1353/3223/3114
f 1353/3223/3114 1116/3222/3113 1115/3224/3115
f 1353/3223/3114 1115/3224/3115 1354/3225/3116
f 1354/3225/3116 1115/3224/3115 1114/3226/3117
f 1354/3225/3116 1114/3226/3117 1355/3227/3118
f 1355/3227/3118 1114/3226/3117 1113/3228/3119
f 1355/3227/3118 1113/3228/3119 1356/3229/3120
f 1356/3229/3120 1113/3228/3119 1112/3230/3121
f 1356/3229/3120 1112/3230/3121 1111/3231/3122
f 1356/3229/3120 1111/3231/3122 1357/3232/3123
f 1357/3232/3123 1111/3231/3122 1110/3233/3124
f 1357/3232/3123 1110/3233/3124 1358/3234/3125
f 1358/3234/3125 1110/3233/3124 1109/3235/3126
f 1358/3234/3125 1109/3235/3126 1359/3236/3127
f 1359/3236/3127 1109/3235/3126 1108/3237/3128
f 1359/3236/3127 1108/3237/3128 1360/3238/3129
f 1360/3238/3129 1108/3237/3128 1107/3239/3130
f 1360/3238/3129 1107/3239/3130 1361/3240/3131
f 1361/3240/3131 1107/3239/3130 1106/3241/3132
f 1361/3240/3131 1106/3241/3132 1362/3242/3133
f 1362/3242/3133 1106/3241/3132 2057/3243/3134
f 1362/3242/3133 2057/3243/3134 1105/3244/3135
f 1105/3244/3135 2057/3243/3134 1106/3241/3132
f 1362/3242/3133 1105/3244/3135 2040/3245/3136
f 2040/3245/3136 1105/3244/3135 1104/3246/3137
f 2040/3245/3136 1104/3246/3137 2041/3247/3138
f 2041/3247/3138 1104/3246/3137 1103/3248/3139
f 2041/3247/3138 1103/3248/3139 2042/3249/3140
f 2042/3249/3140 1103/3248/3139 4/3250/3141
f 2042/3249/3140 4/3250/3141 2043/3251/3142
f 2043/3251/3142 4/3250/3141 21/3252/3143
f 2043/3251/3142 21/3252/3143 2044/3253/3144
f 2044/3253/3144 21/3252/3143 20/3254/3145
f 2044/3253/3144 20/3254/3145 2045/3255/3146
f 2045/3255/3146 20/3254/3145 19/3256/3147
f 2045/3255/3146 19/3256/3147 2046/3257/3148
f 2046/3257/3148 19/3256/3147 18/3258/3149
f 2046/3257/3148 18/3258/3149 2047/3259/3150
f 2047/3259/3150 18/3258/3149 17/3260/3151
f 2047/3259/3150 17/3260/3151 2048/3261/3152
f 2048/3261/3152 17/3260/3151 16/3262/3153
f 2048/3261/3152 16/3262/3153 15/3263/3154
f 2048/3261/3152 15/3263/3154 2049/3264/3155
f 2049/3264/3155 15/3263/3154 14/3265/3156
f 2049/3264/3155 14/3265/3156 2050/3266/3157
f 2050/3266/3157 14/3265/3156 2051/3267/3158
f 2050/3266/3157 2051/3267/3158 1373/3268/3159
f 1373/3268/3159 2051/3267/3158 1374/3269/3160
f 1374/3269/3160 2051/3267/3158 12/3270/3161
f 1374/3269/3160 12/3270/3161 1321/3271/3162
f 14/3265/3156 13/3272/3163 2051/3267/3158
f 2051/3267/3158 13/3272/3163 12/3270/3161
f 1373/3268/3159 1372/3273/3164 2050/3266/3157
f 2050/3266/3157 1372/3273/3164 2049/3264/3155
f 1372/3273/3164 1371/3274/3165 2049/3264/3155
f 2049/3264/3155 1371/3274/3165 1370/3275/3166
f 2049/3264/3155 1370/3275/3166 2048/3261/3152
f 2048/3261/3152 1370/3275/3166 1369/3276/3167
f 2048/3261/3152 1369/3276/3167 2047/3259/3150
f 2047/3259/3150 1369/3276/3167 1368/3277/3168
f 2047/3259/3150 1368/3277/3168 2046/3257/3148
f 2046/3257/3148 1368/3277/3168 1367/3278/3169
f 2046/3257/3148 1367/3278/3169 2045/3255/3146
f 2045/3255/3146 1367/3278/3169 1366/3279/3170
f 2045/3255/3146 1366/3279/3170 2044/3253/3144
f 2044/3253/3144 1366/3279/3170 1365/3280/3171
f 2044/3253/3144 1365/3280/3171 2043/3251/3142
f 2043/3251/3142 1365/3280/3171 2042/3249/3140
f 1365/3280/3171 1364/3281/3172 2042/3249/3140
f 2042/3249/3140 1364/3281/3172 2041/3247/3138
f 1364/3281/3172 1363/3282/3173 2041/3247/3138
f 2041/3247/3138 1363/3282/3173 2040/3245/3136
f 1363/3282/3173 1362/3242/3133 2040/3245/3136
f 1346/3204/3095 1345/3283/3174 2033/3202/3093
f 2033/3202/3093 1345/3283/3174 2034/3200/3091
f 1345/3283/3174 1344/3198/3089 2034/3200/3091
f 1338/3185/3076 1337/3284/3175 2035/3183/3074
f 2035/3183/3074 1337/3284/3175 1336/3184/3075
f 1334/3175/3066 1333/3180/3071 2036/3178/3069
f 2037/3179/3070 1332/3181/3072 1039/3285/3176
f 1039/3285/3176 1332/3181/3072 1331/3286/3177
f 1039/3285/3176 1331/3286/3177 1040/3287/3178
f 1040/3287/3178 1331/3286/3177 1330/3288/3179
f 1040/3287/3178 1330/3288/3179 1041/3289/3180
f 1041/3289/3180 1330/3288/3179 1329/3290/3181
f 1041/3289/3180 1329/3290/3181 1328/3291/3182
f 1041/3289/3180 1328/3291/3182 1042/3292/3183
f 1042/3292/3183 1328/3291/3182 1327/3293/3184
f 1042/3292/3183 1327/3293/3184 1043/3294/3185
f 1043/3294/3185 1327/3293/3184 1326/3295/3186
f 1043/3294/3185 1326/3295/3186 1044/3296/3187
f 1044/3296/3187 1326/3295/3186 1325/3297/3188
f 1044/3296/3187 1325/3297/3188 1045/3298/3189
f 1045/3298/3189 1325/3297/3188 1324/3299/3190
f 1045/3298/3189 1324/3299/3190 1046/3300/3191
f 1046/3300/3191 1324/3299/3190 2056/3301/3192
f 1046/3300/3191 2056/3301/3192 1047/3302/3193
f 1047/3302/3193 2056/3301/3192 1323/3303/3194
f 1047/3302/3193 1323/3303/3194 1048/3304/3195
f 1048/3304/3195 1323/3303/3194 2055/3305/3196
f 1048/3304/3195 2055/3305/3196 1049/3306/3197
f 1049/3306/3197 2055/3305/3196 2054/3307/3198
f 1049/3306/3197 2054/3307/3198 1050/3308/3199
f 1050/3308/3199 2054/3307/3198 11/3309/3200
f 11/3309/3200 2054/3307/3198 1321/3310/3162
f 11/3309/3200 1321/3310/3162 12/3311/3161
f 1324/3299/3190 1323/3303/3194 2056/3301/3192
f 1323/3303/3194 1322/3312/3201 2055/3305/3196
f 2055/3305/3196 1322/3312/3201 2054/3307/3198
f 1322/3312/3201 1321/3310/3162 2054/3307/3198
f 1039/3285/3176 1038/3177/3068 2037/3179/3070
f 1037/3176/3067 95/3172/3063 2038/3174/3065
f 119/3313/3202 1284/3314/3203 120/3315/3204
f 120/3315/3204 1284/3314/3203 2071/3316/3205
f 120/3315/3204 2071/3316/3205 1272/3317/3206
f 1272/3317/3206 2071/3316/3205 1283/3318/3207
f 1272/3317/3206 1283/3318/3207 1273/3319/3208
f 1273/3319/3208 1283/3318/3207 2070/3320/3209
f 1273/3319/3208 2070/3320/3209 1274/3321/3210
f 1274/3321/3210 2070/3320/3209 2069/3322/3211
f 1274/3321/3210 2069/3322/3211 1275/3323/3212
f 1275/3323/3212 2069/3322/3211 2068/3324/3213
f 1275/3323/3212 2068/3324/3213 1276/3325/3214
f 1276/3325/3214 2068/3324/3213 2067/3326/3215
f 1276/3325/3214 2067/3326/3215 2066/3327/3216
f 2066/3327/3216 2067/3326/3215 1279/3328/3217
f 2066/3327/3216 1279/3328/3217 2058/3329/3218
f 2058/3329/3218 1279/3328/3217 1278/3330/3219
f 2058/3329/3218 1278/3330/3219 1238/3331/3220
f 1284/3314/3203 119/3313/3202 1285/3332/3221
f 1285/3332/3221 119/3313/3202 118/3333/3222
f 1285/3332/3221 118/3333/3222 1286/3334/3223
f 1286/3334/3223 118/3333/3222 117/3335/3224
f 1286/3334/3223 117/3335/3224 1287/3336/3225
f 1287/3336/3225 117/3335/3224 116/3337/3226
f 1287/3336/3225 116/3337/3226 1288/3338/3227
f 1288/3338/3227 116/3337/3226 2075/3339/3228
f 1288/3338/3227 2075/3339/3228 1289/3340/3229
f 1289/3340/3229 2075/3339/3228 115/3341/3230
f 1289/3340/3229 115/3341/3230 1290/3342/3231
f 1290/3342/3231 115/3341/3230 114/3343/3232
f 1290/3342/3231 114/3343/3232 2076/3344/3233
f 2076/3344/3233 114/3343/3232 1291/3345/3234
f 2076/3344/3233 1291/3345/3234 1290/3342/3231
f 116/3337/3226 115/3341/3230 2075/3339/3228
f 1291/3345/3234 114/3343/3232 2077/3346/3235
f 2077/3346/3235 114/3343/3232 113/3347/3236
f 2077/3346/3235 113/3347/3236 1292/3348/3237
f 1292/3348/3237 113/3347/3236 1293/3349/3238
f 1293/3349/3238 113/3347/3236 112/3350/3239
f 1293/3349/3238 112/3350/3239 2078/3351/3240
f 2078/3351/3240 112/3350/3239 1294/3352/3241
f 2078/3351/3240 1294/3352/3241 1293/3349/3238
f 112/3350/3239 111/3353/3242 1294/3352/3241
f 1294/3352/3241 111/3353/3242 2079/3354/3243
f 1294/3352/3241 2079/3354/3243 1295/3355/3244
f 1295/3355/3244 2079/3354/3243 110/3356/3245
f 1295/3355/3244 110/3356/3245 1296/3357/3246
f 1296/3357/3246 110/3356/3245 2065/3358/3247
f 1296/3357/3246 2065/3358/3247 1297/3359/3248
f 1297/3359/3248 2065/3358/3247 2064/3360/3249
f 1297/3359/3248 2064/3360/3249 1298/3361/3250
f 1298/3361/3250 2064/3360/3249 109/3362/3251
f 1298/3361/3250 109/3362/3251 1299/3363/3252
f 1299/3363/3252 109/3362/3251 2097/3364/3253
f 1299/3363/3252 2097/3364/3253 108/3365/3254
f 108/3365/3254 2097/3364/3253 109/3362/3251
f 111/3353/3242 110/3356/3245 2079/3354/3243
f 110/3356/3245 109/3362/3251 2065/3358/3247
f 2065/3358/3247 109/3362/3251 2064/3360/3249
f 107/3366/3255 2063/3367/3256 108/3365/3254
f 108/3365/3254 2063/3367/3256 1300/3368/3257
f 108/3365/3254 1300/3368/3257 1299/3363/3252
f 2063/3367/3256 107/3366/3255 2062/3369/3258
f 2062/3369/3258 107/3366/3255 106/3370/3259
f 2062/3369/3258 106/3370/3259 1301/3371/3260
f 1301/3371/3260 106/3370/3259 2098/3372/3261
f 1301/3371/3260 2098/3372/3261 105/3373/3262
f 105/3373/3262 2098/3372/3261 106/3370/3259
f 1301/3371/3260 105/3373/3262 2080/3374/3263
f 2080/3374/3263 105/3373/3262 104/3375/3264
f 2080/3374/3263 104/3375/3264 1302/3376/3265
f 1302/3376/3265 104/3375/3264 2061/3377/3266
f 1302/3376/3265 2061/3377/3266 1303/3378/3267
f 1303/3378/3267 2061/3377/3266 2060/3379/3268
f 1303/3378/3267 2060/3379/3268 102/3380/3269
f 102/3380/3269 2060/3379/3268 103/3381/3270
f 103/3381/3270 2060/3379/3268 2061/3377/3266
f 103/3381/3270 2061/3377/3266 104/3375/3264
f 102/3380/3269 101/3382/3271 1303/3378/3267
f 1303/3378/3267 101/3382/3271 100/3383/3272
f 1303/3378/3267 100/3383/3272 1304/3384/3273
f 1304/3384/3273 100/3383/3272 99/3385/3274
f 1304/3384/3273 99/3385/3274 98/3386/3275
f 1304/3384/3273 98/3386/3275 1305/3387/3276
f 1305/3387/3276 98/3386/3275 97/3388/3277
f 1305/3387/3276 97/3388/3277 1306/3389/3278
f 1306/3389/3278 97/3388/3277 1065/3390/3279
f 1306/3389/3278 1065/3390/3279 1064/3391/3280
f 1306/3389/3278 1064/3391/3280 1307/3392/3281
f 1307/3392/3281 1064/3391/3280 1063/3393/3282
f 1307/3392/3281 1063/3393/3282 1308/3394/3283
f 1308/3394/3283 1063/3393/3282 1062/3395/3284
f 1308/3394/3283 1062/3395/3284 1309/3396/3285
f 1309/3396/3285 1062/3395/3284 1061/3397/3286
f 1309/3396/3285 1061/3397/3286 1310/3398/3287
f 1310/3398/3287 1061/3397/3286 1060/3399/3288
f 1310/3398/3287 1060/3399/3288 1311/3400/3289
f 1311/3400/3289 1060/3399/3288 1059/3401/3290
f 1311/3400/3289 1059/3401/3290 1058/3402/3291
f 1311/3400/3289 1058/3402/3291 1312/3403/3292
f 1312/3403/3292 1058/3402/3291 1057/3404/3293
f 1312/3403/3292 1057/3404/3293 1313/3405/3294
f 1313/3405/3294 1057/3404/3293 1056/3406/3295
f 1313/3405/3294 1056/3406/3295 1314/3407/3296
f 1314/3407/3296 1056/3406/3295 1055/3408/3297
f 1314/3407/3296 1055/3408/3297 1054/3409/3298
f 1314/3407/3296 1054/3409/3298 1315/3410/3299
f 1315/3410/3299 1054/3409/3298 1053/3411/3300
f 1315/3410/3299 1053/3411/3300 1052/3412/3301
f 1315/3410/3299 1052/3412/3301 1316/3413/3302
f 1316/3413/3302 1052/3412/3301 1051/3414/3303
f 1316/3413/3302 1051/3414/3303 10/3415/3304
f 1316/3413/3302 10/3415/3304 1317/3416/3305
f 1317/3416/3305 10/3415/3304 9/3417/3306
f 1317/3416/3305 9/3417/3306 8/3418/3307
f 1317/3416/3305 8/3418/3307 1318/3419/3308
f 1318/3419/3308 8/3418/3307 7/3420/3309
f 1318/3419/3308 7/3420/3309 1319/3421/3310
f 1319/3421/3310 7/3420/3309 2072/3422/3311
f 1319/3421/3310 2072/3422/3311 2073/3423/3312
f 2073/3423/3312 2072/3422/3311 1240/3424/3313
f 2073/3423/3312 1240/3424/3313 2074/3425/3314
f 2074/3425/3314 1240/3424/3313 1239/3426/3315
f 2074/3425/3314 1239/3426/3315 2059/3427/3316
f 2059/3427/3316 1239/3426/3315 1238/3428/3220
f 2059/3427/3316 1238/3428/3220 1278/3429/3219
f 2072/3422/3311 7/3420/3309 1241/3430/3317
f 1241/3430/3317 7/3420/3309 136/3431/3318
f 1241/3430/3317 136/3431/3318 1242/3432/3319
f 1242/3432/3319 136/3431/3318 135/3433/3320
f 1242/3432/3319 135/3433/3320 1243/3434/3321
f 1243/3434/3321 135/3433/3320 134/3435/3322
f 1243/3434/3321 134/3435/3322 1018/3436/3323
f 1018/3436/3323 1017/3437/3324 1243/3434/3321
f 1243/3434/3321 1017/3437/3324 1244/3438/3325
f 1244/3438/3325 1017/3437/3324 1016/3439/3326
f 1244/3438/3325 1016/3439/3326 1015/3440/3327
f 1015/3440/3327 1014/3441/3328 1244/3438/3325
f 1244/3438/3325 1014/3441/3328 1245/3442/3329
f 1245/3442/3329 1014/3441/3328 1013/3443/3330
f 1245/3442/3329 1013/3443/3330 1012/3444/3331
f 1245/3442/3329 1012/3444/3331 1246/3445/3332
f 1246/3445/3332 1012/3444/3331 1011/3446/3333
f 1246/3445/3332 1011/3446/3333 1010/3447/3334
f 1246/3445/3332 1010/3447/3334 1247/3448/3335
f 1247/3448/3335 1010/3447/3334 1009/3449/3336
f 1247/3448/3335 1009/3449/3336 1248/3450/3337
f 1248/3450/3337 1009/3449/3336 1008/3451/3338
f 1248/3450/3337 1008/3451/3338 1249/3452/3339
f 1249/3452/3339 1008/3451/3338 2083/3453/3340
f 1249/3452/3339 2083/3453/3340 1007/3454/3341
f 1007/3454/3341 2083/3453/3340 1008/3451/3338
f 1006/3455/3342 2082/3456/3343 1007/3454/3341
f 1007/3454/3341 2082/3456/3343 1250/3457/3344
f 1007/3454/3341 1250/3457/3344 1249/3452/3339
f 1005/3458/3345 2081/3459/3346 1006/3455/3342
f 1006/3455/3342 2081/3459/3346 1251/3460/3347
f 1006/3455/3342 1251/3460/3347 2082/3456/3343
f 2082/3456/3343 1251/3460/3347 1250/3457/3344
f 2081/3459/3346 1005/3458/3345 1252/3461/3348
f 1252/3461/3348 1005/3458/3345 1004/3462/3349
f 1252/3461/3348 1004/3462/3349 2099/3463/3350
f 2099/3463/3350 1004/3462/3349 1253/3464/3351
f 2099/3463/3350 1253/3464/3351 1252/3461/3348
f 1004/3462/3349 178/3465/3352 1253/3464/3351
f 1253/3464/3351 178/3465/3352 1254/3466/3353
f 1254/3466/3353 178/3465/3352 177/3467/3354
f 1254/3466/3353 177/3467/3354 176/3468/3355
f 1254/3466/3353 176/3468/3355 1255/3469/3356
f 1255/3469/3356 176/3468/3355 175/3470/3357
f 1255/3469/3356 175/3470/3357 174/3471/3358
f 1255/3469/3356 174/3471/3358 2084/3472/3359
f 2084/3472/3359 174/3471/3358 173/3473/3360
f 2084/3472/3359 173/3473/3360 1256/3474/3361
f 1256/3474/3361 173/3473/3360 2100/3475/3362
f 1256/3474/3361 2100/3475/3362 172/3476/3363
f 172/3476/3363 2100/3475/3362 173/3473/3360
f 1256/3474/3361 172/3476/3363 2096/3477/3364
f 2096/3477/3364 172/3476/3363 171/3478/3365
f 2096/3477/3364 171/3478/3365 1257/3479/3366
f 1257/3479/3366 171/3478/3365 2101/3480/3367
f 1257/3479/3366 2101/3480/3367 170/3481/3368
f 170/3481/3368 2101/3480/3367 171/3478/3365
f 1257/3479/3366 170/3481/3368 2095/3482/3369
f 2095/3482/3369 170/3481/3368 169/3483/3370
f 2095/3482/3369 169/3483/3370 1258/3484/3371
f 1258/3484/3371 169/3483/3370 2085/3485/3372
f 1258/3484/3371 2085/3485/3372 2086/3486/3373
f 2086/3486/3373 2085/3485/3372 168/3487/3374
f 2086/3486/3373 168/3487/3374 1259/3488/3375
f 1259/3488/3375 168/3487/3374 2094/3489/3376
f 1259/3488/3375 2094/3489/3376 167/3490/3377
f 167/3490/3377 2094/3489/3376 168/3487/3374
f 169/3483/3370 168/3487/3374 2085/3485/3372
f 166/3491/3378 2093/3492/3379 167/3490/3377
f 167/3490/3377 2093/3492/3379 1260/3493/3380
f 167/3490/3377 1260/3493/3380 1259/3488/3375
f 165/3494/3381 2092/3495/3382 166/3491/3378
f 166/3491/3378 2092/3495/3382 1261/3496/3383
f 166/3491/3378 1261/3496/3383 1260/3493/3380
f 164/3497/3384 2091/3498/3385 165/3494/3381
f 165/3494/3381 2091/3498/3385 1262/3499/3386
f 165/3494/3381 1262/3499/3386 1261/3496/3383
f 163/3500/3387 2090/3501/3388 164/3497/3384
f 164/3497/3384 2090/3501/3388 1264/3502/3389
f 164/3497/3384 1264/3502/3389 1263/3503/3390
f 162/3504/3391 2089/3505/3392 163/3500/3387
f 163/3500/3387 2089/3505/3392 1265/3506/3393
f 163/3500/3387 1265/3506/3393 1264/3502/3389
f 161/3507/3394 1266/3508/3395 162/3504/3391
f 162/3504/3391 1266/3508/3395 2088/3509/3396
f 162/3504/3391 2088/3509/3396 1265/3506/3393
f 1265/3506/3393 2088/3509/3396 1266/3508/3395
f 160/3510/3397 1267/3511/3398 161/3507/3394
f 161/3507/3394 1267/3511/3398 2102/3512/3399
f 161/3507/3394 2102/3512/3399 1266/3508/3395
f 1266/3508/3395 2102/3512/3399 1267/3511/3398
f 159/3513/3400 2087/3514/3401 160/3510/3397
f 160/3510/3397 2087/3514/3401 1268/3515/3402
f 160/3510/3397 1268/3515/3402 1267/3511/3398
f 158/3516/3403 1270/3517/3404 159/3513/3400
f 159/3513/3400 1270/3517/3404 1269/3518/3405
f 159/3513/3400 1269/3518/3405 2087/3514/3401
f 2087/3514/3401 1269/3518/3405 1268/3515/3402
f 1270/3517/3404 158/3516/3403 1271/3519/3406
f 1271/3519/3406 158/3516/3403 120/3315/3204
f 1271/3519/3406 120/3315/3204 1272/3317/3206
f 1278/3429/3219 1320/3520/3407 2059/3427/3316
f 2059/3427/3316 1320/3520/3407 2074/3425/3314
f 1320/3520/3407 1319/3421/3310 2074/3425/3314
f 2074/3425/3314 1319/3421/3310 2073/3423/3312
f 1302/3376/3265 1301/3371/3260 2080/3374/3263
f 1301/3371/3260 1300/3368/3257 2062/3369/3258
f 2062/3369/3258 1300/3368/3257 2063/3367/3256
f 1292/3348/3237 1291/3345/3234 2077/3346/3235
f 1284/3314/3203 1283/3318/3207 2071/3316/3205
f 1283/3318/3207 1282/3521/3408 2070/3320/3209
f 2070/3320/3209 1282/3521/3408 2069/3322/3211
f 1282/3521/3408 1281/3522/3409 2069/3322/3211
f 2069/3322/3211 1281/3522/3409 2068/3324/3213
f 1281/3522/3409 1280/3523/3410 2068/3324/3213
f 2068/3324/3213 1280/3523/3410 2067/3326/3215
f 1280/3523/3410 1279/3328/3217 2067/3326/3215
f 1238/3331/3220 1277/3524/3411 2058/3329/3218
f 2058/3329/3218 1277/3524/3411 2066/3327/3216
f 1277/3524/3411 1276/3325/3214 2066/3327/3216
f 164/3497/3384 1263/3503/3390 2091/3498/3385
f 2091/3498/3385 1263/3503/3390 1262/3499/3386
f 1259/3488/3375 1258/3484/3371 2086/3486/3373
f 1258/3484/3371 1257/3479/3366 2095/3482/3369
f 1257/3479/3366 1256/3474/3361 2096/3477/3364
f 1256/3474/3361 1255/3469/3356 2084/3472/3359
f 1252/3461/3348 1251/3460/3347 2081/3459/3346
f 1241/3430/3317 1240/3424/3313 2072/3422/3311
f 166/3491/3378 1260/3493/3380 2093/3492/3379
f 2089/3505/3392 162/3504/3391 1265/3506/3393
f 163/3500/3387 1264/3502/3389 2090/3501/3388
f 1261/3496/3383 2092/3495/3382 165/3494/3381
# 2102 vertices
# 3524 texture params
# 3411 normals
# 4236 facets

# 1 groups
